,Gender,Age,Height,Weight,Duration,Heart_Rate,Body_Temp,Calories
0,1,67,176.0,74.0,12.0,103.0,39.6,76.0
1,1,34,178.0,79.0,19.0,96.0,40.6,93.0
2,1,38,178.0,77.0,14.0,82.0,40.5,49.0
3,1,39,169.0,66.0,8.0,90.0,39.6,36.0
4,0,23,169.0,73.0,25.0,102.0,40.7,122.0
5,0,50,183.0,89.0,23.0,96.0,40.4,130.0
6,1,21,185.0,80.0,12.0,103.0,39.9,65.0
7,1,47,145.0,47.0,7.0,84.0,39.6,30.0
8,0,56,165.0,74.0,25.0,93.0,40.8,129.0
9,1,53,157.0,65.0,10.0,97.0,39.9,55.0
10,0,24,180.0,81.0,27.0,94.0,40.6,106.0
11,1,22,145.0,43.0,9.0,77.0,39.9,28.0
12,1,62,148.0,50.0,10.0,93.0,39.9,55.0
13,0,62,196.0,97.0,30.0,112.0,40.8,264.0
14,0,33,197.0,101.0,1.0,80.0,38.2,3.0
15,1,40,157.0,57.0,23.0,104.0,40.7,142.0
16,1,25,170.0,62.0,19.0,96.0,40.5,95.0
17,1,71,153.0,56.0,11.0,94.0,40.0,62.0
18,0,52,160.0,68.0,5.0,79.0,39.0,14.0
19,1,38,164.0,64.0,8.0,90.0,39.8,36.0
20,1,43,156.0,54.0,24.0,108.0,40.9,160.0
21,0,34,156.0,65.0,16.0,96.0,40.1,70.0
22,1,67,161.0,57.0,18.0,94.0,40.3,100.0
23,0,26,174.0,79.0,1.0,74.0,37.7,1.0
24,0,21,191.0,95.0,18.0,89.0,40.6,60.0
25,0,29,167.0,71.0,2.0,77.0,37.9,3.0
26,1,20,158.0,54.0,25.0,108.0,40.7,157.0
27,1,33,163.0,59.0,14.0,95.0,40.3,71.0
28,0,20,192.0,95.0,15.0,95.0,40.1,63.0
29,1,22,151.0,50.0,7.0,98.0,39.5,37.0
30,1,35,173.0,71.0,29.0,114.0,41.0,202.0
31,1,63,159.0,62.0,29.0,104.0,40.4,189.0
32,0,57,195.0,93.0,24.0,106.0,40.7,182.0
33,0,38,197.0,94.0,3.0,83.0,38.5,10.0
34,0,39,188.0,91.0,24.0,104.0,40.8,153.0
35,1,35,168.0,61.0,12.0,99.0,39.5,66.0
36,0,61,167.0,74.0,10.0,86.0,40.1,43.0
37,0,34,171.0,68.0,14.0,87.0,40.5,43.0
38,1,48,171.0,70.0,13.0,95.0,40.4,67.0
39,0,30,181.0,79.0,10.0,95.0,40.1,43.0
40,0,70,167.0,76.0,19.0,97.0,40.6,123.0
41,0,40,180.0,78.0,14.0,89.0,40.1,54.0
42,1,20,170.0,67.0,17.0,93.0,40.3,76.0
43,1,49,164.0,59.0,27.0,104.0,40.8,170.0
44,1,57,176.0,74.0,12.0,94.0,40.1,62.0
45,1,64,176.0,77.0,27.0,112.0,40.8,194.0
46,1,28,163.0,66.0,21.0,99.0,40.8,111.0
47,1,49,185.0,79.0,27.0,102.0,41.2,157.0
48,0,21,182.0,82.0,3.0,92.0,38.6,10.0
49,0,62,196.0,93.0,26.0,106.0,40.8,203.0
50,0,41,176.0,74.0,25.0,105.0,41.0,156.0
51,1,51,167.0,62.0,3.0,87.0,38.7,13.0
52,0,79,172.0,75.0,11.0,89.0,40.1,62.0
53,1,27,149.0,55.0,25.0,98.0,40.6,133.0
54,0,26,185.0,86.0,3.0,83.0,38.8,7.0
55,1,69,191.0,88.0,6.0,82.0,38.8,23.0
56,0,43,170.0,78.0,23.0,104.0,40.5,144.0
57,1,53,166.0,54.0,17.0,101.0,40.2,104.0
58,1,26,177.0,75.0,12.0,89.0,40.0,49.0
59,1,47,173.0,67.0,2.0,86.0,38.1,8.0
60,0,57,195.0,98.0,4.0,89.0,38.8,20.0
61,0,26,184.0,85.0,17.0,96.0,40.4,75.0
62,1,53,166.0,68.0,29.0,105.0,40.8,184.0
63,1,28,155.0,55.0,11.0,84.0,39.9,42.0
64,1,71,156.0,56.0,15.0,98.0,40.2,91.0
65,0,76,187.0,92.0,22.0,104.0,40.6,180.0
66,0,69,185.0,85.0,30.0,113.0,40.7,271.0
67,1,35,163.0,61.0,27.0,113.0,40.7,189.0
68,0,32,189.0,89.0,19.0,104.0,40.0,114.0
69,1,75,166.0,68.0,12.0,90.0,40.1,62.0
70,0,52,195.0,101.0,7.0,95.0,39.7,41.0
71,0,71,205.0,115.0,20.0,95.0,40.7,141.0
72,0,53,161.0,66.0,8.0,87.0,39.5,31.0
73,0,21,206.0,114.0,17.0,103.0,40.3,99.0
74,0,34,197.0,92.0,14.0,103.0,40.3,84.0
75,0,48,181.0,91.0,28.0,104.0,40.9,190.0
76,1,49,167.0,68.0,29.0,107.0,40.9,188.0
77,1,54,162.0,64.0,15.0,90.0,40.2,72.0
78,0,51,181.0,87.0,9.0,91.0,39.6,44.0
79,0,28,195.0,100.0,22.0,107.0,41.0,142.0
80,1,52,157.0,56.0,26.0,110.0,40.8,183.0
81,0,37,185.0,80.0,18.0,105.0,40.7,111.0
82,1,35,156.0,57.0,3.0,84.0,38.3,12.0
83,0,30,180.0,84.0,16.0,98.0,40.1,78.0
84,0,28,202.0,99.0,15.0,88.0,39.9,54.0
85,0,54,181.0,90.0,12.0,94.0,40.0,67.0
86,1,61,162.0,66.0,10.0,84.0,39.8,43.0
87,0,61,197.0,104.0,28.0,108.0,41.1,232.0
88,1,75,153.0,62.0,11.0,87.0,40.0,54.0
89,0,54,187.0,88.0,8.0,92.0,39.3,42.0
90,0,45,175.0,76.0,15.0,84.0,40.5,50.0
91,0,51,173.0,77.0,4.0,78.0,38.8,11.0
92,1,39,187.0,87.0,13.0,101.0,40.2,70.0
93,0,36,182.0,82.0,8.0,90.0,39.5,31.0
94,1,30,176.0,73.0,9.0,80.0,39.6,29.0
95,0,36,174.0,78.0,13.0,92.0,40.1,54.0
96,0,26,177.0,80.0,13.0,95.0,39.9,54.0
97,1,39,169.0,62.0,29.0,113.0,41.0,204.0
98,1,51,170.0,71.0,16.0,100.0,40.3,92.0
99,0,53,196.0,97.0,27.0,108.0,40.9,210.0
100,1,34,173.0,69.0,22.0,104.0,40.7,130.0
101,1,43,166.0,62.0,8.0,86.0,39.4,34.0
102,1,44,159.0,59.0,10.0,90.0,39.7,47.0
103,0,37,196.0,91.0,28.0,110.0,41.0,201.0
104,0,39,194.0,99.0,17.0,95.0,40.2,88.0
105,1,24,167.0,62.0,17.0,88.0,40.3,70.0
106,0,68,190.0,95.0,15.0,94.0,40.2,95.0
107,0,65,178.0,84.0,17.0,99.0,40.3,114.0
108,0,24,175.0,78.0,4.0,81.0,39.1,8.0
109,0,27,172.0,71.0,29.0,109.0,40.6,177.0
110,1,41,159.0,60.0,18.0,97.0,40.8,97.0
111,0,72,172.0,82.0,19.0,107.0,40.5,156.0
112,0,28,192.0,92.0,14.0,93.0,40.3,59.0
113,1,34,156.0,56.0,17.0,93.0,40.3,83.0
114,1,37,164.0,60.0,17.0,102.0,40.2,100.0
115,0,38,182.0,88.0,9.0,94.0,39.7,43.0
116,1,36,153.0,57.0,28.0,113.0,41.0,198.0
117,1,26,158.0,58.0,7.0,85.0,39.8,27.0
118,0,21,199.0,95.0,13.0,90.0,39.9,45.0
119,0,46,183.0,81.0,8.0,86.0,39.5,30.0
120,0,32,193.0,96.0,18.0,101.0,40.3,102.0
121,1,53,172.0,70.0,25.0,102.0,40.6,150.0
122,0,63,184.0,91.0,18.0,98.0,40.6,119.0
123,0,74,205.0,112.0,6.0,83.0,39.0,32.0
124,0,57,177.0,79.0,29.0,117.0,40.7,259.0
125,1,54,159.0,63.0,8.0,84.0,39.7,34.0
126,1,66,162.0,66.0,24.0,99.0,40.7,143.0
127,1,73,154.0,57.0,10.0,90.0,39.9,53.0
128,0,63,178.0,76.0,6.0,87.0,39.1,28.0
129,0,62,176.0,84.0,11.0,95.0,40.1,66.0
130,1,43,158.0,60.0,17.0,99.0,40.4,96.0
131,1,21,181.0,68.0,6.0,86.0,39.2,23.0
132,1,44,154.0,62.0,18.0,96.0,40.4,96.0
133,1,34,169.0,67.0,8.0,76.0,39.5,23.0
134,0,61,183.0,87.0,29.0,108.0,40.6,230.0
135,0,26,177.0,78.0,23.0,104.0,40.3,125.0
136,0,34,183.0,84.0,16.0,90.0,40.0,62.0
137,1,21,171.0,68.0,19.0,97.0,40.1,94.0
138,0,45,179.0,78.0,24.0,114.0,40.6,189.0
139,1,56,165.0,70.0,18.0,98.0,40.4,101.0
140,0,40,167.0,66.0,6.0,87.0,39.1,20.0
141,1,69,172.0,69.0,11.0,95.0,39.7,61.0
142,0,25,175.0,78.0,28.0,108.0,40.9,168.0
143,0,21,186.0,88.0,24.0,102.0,40.7,123.0
144,0,60,187.0,88.0,29.0,108.0,40.8,229.0
145,1,25,159.0,59.0,21.0,96.0,40.9,105.0
146,1,36,176.0,74.0,23.0,108.0,40.8,145.0
147,1,57,170.0,72.0,26.0,103.0,40.3,160.0
148,1,66,145.0,49.0,18.0,104.0,40.2,121.0
149,1,21,171.0,68.0,9.0,81.0,39.7,29.0
150,1,70,189.0,86.0,28.0,101.0,40.6,167.0
151,0,22,180.0,79.0,21.0,95.0,40.6,82.0
152,1,52,179.0,76.0,9.0,90.0,39.8,42.0
153,1,50,162.0,59.0,14.0,99.0,40.3,81.0
154,1,71,146.0,51.0,17.0,99.0,40.1,106.0
155,1,51,160.0,63.0,2.0,82.0,38.3,8.0
156,1,22,159.0,58.0,9.0,87.0,39.4,36.0
157,1,27,160.0,64.0,14.0,98.0,39.8,73.0
158,1,61,147.0,56.0,18.0,98.0,40.2,106.0
159,1,62,145.0,50.0,3.0,82.0,38.6,13.0
160,1,63,160.0,61.0,10.0,89.0,40.1,49.0
161,0,39,198.0,105.0,23.0,102.0,40.7,146.0
162,1,31,153.0,54.0,4.0,86.0,39.1,16.0
163,1,47,173.0,74.0,10.0,97.0,39.8,53.0
164,0,58,189.0,96.0,27.0,107.0,40.8,212.0
165,1,41,154.0,58.0,6.0,91.0,39.2,29.0
166,0,44,196.0,95.0,3.0,83.0,38.8,11.0
167,0,48,177.0,86.0,27.0,114.0,41.0,221.0
168,0,79,176.0,82.0,30.0,109.0,40.8,265.0
169,0,30,186.0,86.0,27.0,108.0,41.1,173.0
170,0,48,159.0,60.0,21.0,98.0,40.6,110.0
171,1,64,156.0,51.0,5.0,82.0,39.1,22.0
172,1,33,158.0,61.0,21.0,107.0,40.8,132.0
173,1,23,170.0,66.0,12.0,86.0,40.3,46.0
174,0,56,184.0,85.0,26.0,107.0,40.9,195.0
175,1,52,165.0,65.0,23.0,106.0,40.6,149.0
176,1,48,146.0,46.0,7.0,88.0,39.5,33.0
177,0,23,180.0,85.0,2.0,85.0,37.8,5.0
178,1,22,153.0,57.0,1.0,81.0,38.0,3.0
179,0,28,187.0,85.0,23.0,92.0,40.2,89.0
180,0,73,188.0,93.0,29.0,111.0,40.9,264.0
181,1,78,187.0,84.0,4.0,84.0,39.0,17.0
182,0,23,180.0,82.0,17.0,98.0,40.2,76.0
183,0,59,182.0,86.0,3.0,81.0,38.6,11.0
184,0,79,175.0,83.0,14.0,93.0,40.2,90.0
185,1,27,175.0,71.0,22.0,99.0,40.8,115.0
186,1,63,161.0,61.0,11.0,91.0,40.4,56.0
187,0,23,177.0,85.0,22.0,113.0,40.7,150.0
188,0,42,179.0,81.0,8.0,82.0,39.7,24.0
189,1,38,161.0,64.0,24.0,101.0,40.3,137.0
190,1,51,163.0,59.0,24.0,107.0,40.4,160.0
191,0,21,187.0,84.0,27.0,97.0,40.8,116.0
192,1,56,162.0,63.0,20.0,110.0,40.7,140.0
193,1,74,167.0,71.0,20.0,100.0,40.6,123.0
194,0,35,178.0,80.0,11.0,90.0,39.8,42.0
195,1,64,165.0,69.0,29.0,108.0,40.8,199.0
196,1,67,165.0,65.0,24.0,103.0,40.4,154.0
197,1,63,165.0,65.0,26.0,105.0,40.6,171.0
198,0,48,186.0,85.0,17.0,88.0,40.6,72.0
199,0,63,182.0,86.0,14.0,96.0,40.1,87.0
200,0,42,194.0,100.0,13.0,98.0,40.1,75.0
201,0,42,186.0,89.0,13.0,89.0,40.2,55.0
202,1,65,157.0,54.0,23.0,97.0,40.4,136.0
203,1,66,179.0,75.0,30.0,113.0,41.1,220.0
204,0,20,194.0,92.0,10.0,92.0,39.7,37.0
205,0,26,187.0,82.0,29.0,107.0,40.2,174.0
206,1,44,169.0,62.0,22.0,103.0,40.5,133.0
207,1,37,160.0,63.0,18.0,101.0,40.4,103.0
208,1,49,172.0,71.0,13.0,91.0,39.9,62.0
209,0,68,173.0,77.0,12.0,91.0,39.8,66.0
210,1,52,157.0,56.0,16.0,93.0,40.2,83.0
211,1,75,161.0,60.0,24.0,102.0,40.8,157.0
212,1,33,152.0,51.0,27.0,105.0,41.1,168.0
213,0,30,184.0,92.0,3.0,74.0,38.7,4.0
214,0,33,195.0,94.0,12.0,81.0,40.3,32.0
215,0,23,197.0,96.0,4.0,85.0,38.7,11.0
216,0,55,183.0,84.0,5.0,80.0,39.0,17.0
217,0,42,184.0,86.0,14.0,92.0,39.9,64.0
218,0,77,166.0,66.0,25.0,109.0,40.4,210.0
219,1,21,179.0,73.0,9.0,90.0,39.6,37.0
220,1,33,163.0,63.0,27.0,102.0,40.6,155.0
221,0,20,197.0,93.0,11.0,97.0,39.8,49.0
222,0,31,178.0,80.0,13.0,94.0,39.8,55.0
223,1,46,169.0,70.0,18.0,94.0,40.3,90.0
224,1,51,166.0,70.0,22.0,92.0,40.9,108.0
225,1,22,167.0,59.0,16.0,99.0,40.2,85.0
226,1,32,162.0,65.0,16.0,94.0,40.1,78.0
227,1,32,167.0,69.0,28.0,103.0,40.8,161.0
228,0,42,196.0,95.0,18.0,94.0,40.4,91.0
229,1,33,171.0,70.0,10.0,92.0,39.8,46.0
230,0,43,176.0,79.0,26.0,115.0,41.2,207.0
231,0,38,203.0,107.0,7.0,98.0,39.4,40.0
232,0,60,182.0,90.0,11.0,90.0,40.2,58.0
233,0,64,184.0,89.0,16.0,102.0,40.3,116.0
234,0,29,177.0,81.0,5.0,79.0,39.3,9.0
235,1,49,150.0,49.0,25.0,111.0,41.0,180.0
236,0,20,176.0,80.0,18.0,101.0,40.4,86.0
237,0,31,196.0,96.0,11.0,85.0,40.1,35.0
238,1,64,176.0,74.0,6.0,97.0,39.1,34.0
239,1,25,160.0,54.0,13.0,86.0,40.4,52.0
240,0,52,197.0,99.0,3.0,80.0,38.6,11.0
241,1,63,161.0,57.0,11.0,89.0,40.1,55.0
242,0,59,177.0,82.0,13.0,84.0,39.8,53.0
243,1,21,147.0,45.0,23.0,100.0,40.6,128.0
244,1,64,151.0,50.0,6.0,87.0,39.4,29.0
245,1,53,147.0,49.0,18.0,101.0,40.2,111.0
246,1,31,153.0,53.0,10.0,91.0,39.8,47.0
247,0,39,197.0,96.0,3.0,78.0,38.6,8.0
248,0,65,183.0,82.0,11.0,87.0,39.6,53.0
249,1,45,155.0,56.0,27.0,100.0,40.9,158.0
250,1,30,165.0,59.0,3.0,79.0,38.2,10.0
251,1,75,140.0,48.0,5.0,85.0,39.1,24.0
252,0,26,197.0,90.0,24.0,104.0,40.7,137.0
253,1,56,164.0,67.0,11.0,86.0,39.9,48.0
254,1,46,161.0,54.0,10.0,88.0,40.2,46.0
255,0,55,182.0,87.0,12.0,95.0,39.8,68.0
256,0,45,187.0,91.0,25.0,109.0,41.0,185.0
257,1,30,169.0,69.0,6.0,89.0,39.4,25.0
258,1,33,172.0,67.0,2.0,84.0,38.5,8.0
259,1,39,167.0,63.0,25.0,107.0,40.9,160.0
260,1,64,174.0,72.0,28.0,108.0,40.9,191.0
261,1,40,171.0,65.0,20.0,101.0,40.7,115.0
262,1,23,152.0,51.0,19.0,100.0,40.4,105.0
263,0,28,207.0,103.0,10.0,96.0,40.1,49.0
264,1,44,174.0,75.0,27.0,105.0,40.8,165.0
265,1,20,179.0,74.0,3.0,92.0,38.7,13.0
266,1,53,167.0,63.0,2.0,74.0,38.1,6.0
267,1,63,157.0,58.0,28.0,100.0,40.6,172.0
268,1,23,171.0,63.0,24.0,104.0,40.8,139.0
269,1,36,157.0,56.0,12.0,82.0,39.7,45.0
270,1,22,178.0,68.0,23.0,100.0,40.8,121.0
271,0,42,186.0,84.0,7.0,87.0,39.7,27.0
272,1,24,166.0,64.0,2.0,84.0,38.4,7.0
273,0,76,203.0,106.0,8.0,95.0,39.3,57.0
274,0,69,182.0,87.0,18.0,93.0,40.7,109.0
275,0,60,178.0,75.0,6.0,87.0,39.4,27.0
276,0,22,203.0,97.0,8.0,90.0,39.4,28.0
277,0,28,194.0,95.0,24.0,106.0,40.5,149.0
278,1,62,156.0,63.0,13.0,86.0,40.4,59.0
279,1,62,166.0,65.0,1.0,73.0,37.9,3.0
280,1,47,176.0,77.0,15.0,87.0,39.8,63.0
281,0,20,179.0,77.0,23.0,97.0,40.6,94.0
282,0,27,182.0,79.0,29.0,103.0,41.1,156.0
283,0,68,185.0,87.0,10.0,101.0,39.9,72.0
284,0,21,200.0,98.0,29.0,111.0,40.7,194.0
285,1,58,192.0,83.0,18.0,101.0,40.8,105.0
286,1,60,161.0,64.0,21.0,100.0,40.3,126.0
287,0,32,173.0,77.0,16.0,97.0,40.0,75.0
288,0,38,170.0,75.0,14.0,95.0,40.4,65.0
289,0,62,196.0,97.0,29.0,108.0,40.6,238.0
290,1,26,135.0,43.0,17.0,102.0,40.4,100.0
291,1,73,181.0,76.0,19.0,106.0,40.4,127.0
292,1,32,166.0,66.0,14.0,89.0,39.9,60.0
293,0,36,193.0,95.0,10.0,97.0,40.0,52.0
294,0,23,184.0,81.0,15.0,102.0,40.3,76.0
295,1,50,173.0,65.0,16.0,98.0,40.4,89.0
296,0,59,172.0,80.0,16.0,102.0,40.0,109.0
297,0,26,173.0,77.0,23.0,103.0,40.2,121.0
298,0,47,166.0,71.0,9.0,95.0,39.5,45.0
299,0,26,191.0,98.0,11.0,101.0,40.0,60.0
300,0,62,169.0,68.0,13.0,88.0,40.1,59.0
301,1,26,164.0,61.0,12.0,88.0,40.2,50.0
302,0,69,180.0,86.0,28.0,112.0,40.9,249.0
303,0,56,192.0,97.0,20.0,109.0,40.5,161.0
304,0,49,180.0,81.0,21.0,103.0,40.4,136.0
305,1,34,178.0,74.0,10.0,99.0,39.7,53.0
306,0,39,174.0,76.0,17.0,83.0,40.5,49.0
307,0,76,193.0,104.0,16.0,90.0,40.4,101.0
308,1,46,154.0,54.0,28.0,104.0,40.8,177.0
309,1,38,150.0,50.0,1.0,81.0,37.9,4.0
310,1,23,158.0,58.0,26.0,109.0,40.5,166.0
311,0,68,188.0,90.0,10.0,85.0,40.1,49.0
312,1,31,161.0,57.0,11.0,96.0,40.2,57.0
313,0,39,178.0,73.0,24.0,100.0,40.6,129.0
314,0,47,182.0,89.0,17.0,100.0,40.0,104.0
315,0,57,180.0,87.0,19.0,90.0,40.2,96.0
316,0,48,181.0,88.0,9.0,96.0,40.0,50.0
317,0,34,186.0,84.0,8.0,83.0,39.7,22.0
318,1,45,161.0,65.0,7.0,80.0,39.5,25.0
319,0,24,182.0,85.0,10.0,95.0,40.0,41.0
320,1,20,155.0,56.0,26.0,109.0,40.6,165.0
321,1,25,158.0,55.0,3.0,76.0,38.4,9.0
322,1,44,170.0,69.0,24.0,97.0,40.7,128.0
323,0,49,181.0,84.0,21.0,101.0,40.5,131.0
324,1,35,164.0,61.0,16.0,90.0,40.1,72.0
325,1,57,158.0,55.0,9.0,103.0,39.9,57.0
326,0,28,173.0,73.0,20.0,104.0,40.2,109.0
327,1,26,172.0,64.0,16.0,101.0,40.2,88.0
328,0,69,177.0,76.0,15.0,102.0,40.3,108.0
329,0,32,197.0,101.0,1.0,84.0,37.7,3.0
330,1,30,152.0,57.0,23.0,104.0,40.7,138.0
331,1,39,170.0,72.0,6.0,89.0,38.9,26.0
332,1,55,170.0,69.0,14.0,104.0,40.3,88.0
333,0,59,190.0,93.0,8.0,93.0,39.8,46.0
334,0,40,184.0,87.0,5.0,88.0,39.5,20.0
335,0,28,172.0,72.0,5.0,81.0,38.7,10.0
336,1,63,167.0,67.0,17.0,87.0,40.5,78.0
337,1,62,185.0,85.0,16.0,98.0,40.3,88.0
338,1,20,155.0,50.0,2.0,82.0,37.9,7.0
339,0,42,176.0,76.0,12.0,96.0,40.0,60.0
340,1,32,176.0,72.0,11.0,90.0,39.8,48.0
341,1,21,175.0,74.0,8.0,85.0,39.5,29.0
342,0,79,179.0,81.0,15.0,98.0,40.1,107.0
343,0,56,185.0,93.0,5.0,81.0,39.0,19.0
344,1,62,160.0,64.0,25.0,104.0,40.8,161.0
345,0,62,178.0,79.0,26.0,104.0,40.7,187.0
346,0,22,183.0,84.0,1.0,76.0,37.8,1.0
347,0,37,186.0,93.0,27.0,113.0,41.2,207.0
348,0,29,186.0,85.0,22.0,98.0,40.4,107.0
349,1,27,149.0,50.0,19.0,98.0,40.4,102.0
350,0,26,188.0,87.0,8.0,76.0,39.5,11.0
351,1,27,166.0,59.0,28.0,108.0,41.0,177.0
352,1,21,179.0,72.0,7.0,82.0,39.4,23.0
353,1,28,169.0,68.0,3.0,81.0,38.5,10.0
354,1,35,173.0,73.0,26.0,101.0,40.8,144.0
355,0,60,181.0,87.0,28.0,106.0,41.0,212.0
356,1,20,171.0,71.0,25.0,108.0,40.8,151.0
357,1,35,172.0,65.0,6.0,92.0,39.3,28.0
358,0,25,158.0,58.0,11.0,79.0,39.7,13.0
359,0,22,192.0,91.0,26.0,113.0,40.7,179.0
360,0,24,176.0,76.0,10.0,82.0,39.8,20.0
361,0,78,175.0,79.0,15.0,105.0,40.1,122.0
362,1,28,157.0,49.0,7.0,89.0,39.2,31.0
363,0,38,177.0,84.0,28.0,106.0,40.9,181.0
364,1,54,163.0,58.0,16.0,98.0,40.5,92.0
365,0,21,194.0,86.0,15.0,92.0,40.2,54.0
366,1,30,176.0,69.0,18.0,100.0,40.3,97.0
367,1,38,172.0,65.0,11.0,93.0,39.6,53.0
368,0,53,199.0,95.0,13.0,93.0,40.1,71.0
369,0,21,169.0,69.0,21.0,107.0,40.9,115.0
370,0,49,185.0,85.0,18.0,99.0,40.2,107.0
371,0,44,195.0,97.0,12.0,91.0,40.2,57.0
372,0,20,168.0,68.0,16.0,88.0,40.3,41.0
373,0,32,183.0,86.0,8.0,84.0,39.7,23.0
374,1,20,177.0,66.0,8.0,83.0,39.7,28.0
375,0,41,178.0,81.0,3.0,81.0,38.4,8.0
376,1,23,160.0,58.0,26.0,101.0,40.7,144.0
377,1,70,167.0,64.0,22.0,97.0,40.4,129.0
378,0,26,189.0,90.0,10.0,87.0,39.6,31.0
379,1,79,165.0,65.0,29.0,106.0,40.8,202.0
380,1,55,153.0,56.0,9.0,90.0,39.7,45.0
381,0,59,173.0,79.0,27.0,107.0,40.4,203.0
382,0,38,192.0,90.0,25.0,101.0,41.0,146.0
383,1,20,147.0,47.0,5.0,91.0,39.1,23.0
384,0,27,169.0,68.0,4.0,90.0,38.9,13.0
385,0,45,166.0,74.0,7.0,91.0,39.4,30.0
386,0,28,171.0,77.0,25.0,110.0,40.9,161.0
387,0,47,184.0,87.0,16.0,96.0,40.3,87.0
388,1,63,138.0,46.0,25.0,117.0,40.5,203.0
389,0,63,188.0,97.0,23.0,99.0,40.7,159.0
390,1,41,174.0,72.0,29.0,115.0,40.9,207.0
391,1,63,163.0,60.0,19.0,98.0,40.2,112.0
392,1,25,161.0,63.0,2.0,84.0,38.3,7.0
393,1,34,168.0,69.0,23.0,94.0,40.9,111.0
394,0,67,160.0,66.0,9.0,92.0,40.1,48.0
395,1,28,168.0,66.0,28.0,109.0,40.7,178.0
396,1,53,179.0,76.0,30.0,114.0,40.7,216.0
397,1,38,163.0,64.0,25.0,107.0,40.6,159.0
398,0,47,193.0,99.0,20.0,99.0,40.6,123.0
399,1,38,145.0,49.0,17.0,91.0,40.1,82.0
400,0,23,165.0,69.0,14.0,101.0,40.5,65.0
401,1,38,153.0,52.0,19.0,100.0,40.4,110.0
402,1,38,159.0,59.0,2.0,81.0,38.1,7.0
403,1,36,179.0,76.0,1.0,83.0,37.3,4.0
404,0,33,176.0,80.0,28.0,107.0,40.8,176.0
405,0,28,197.0,98.0,7.0,85.0,39.6,22.0
406,1,75,164.0,64.0,9.0,89.0,39.7,46.0
407,0,41,185.0,88.0,19.0,97.0,40.1,101.0
408,1,43,160.0,54.0,6.0,87.0,39.3,27.0
409,0,76,193.0,101.0,14.0,99.0,40.2,106.0
410,1,50,187.0,76.0,11.0,91.0,40.1,52.0
411,0,37,178.0,80.0,4.0,89.0,38.5,15.0
412,1,76,173.0,68.0,11.0,101.0,39.9,70.0
413,1,21,166.0,62.0,26.0,113.0,40.7,175.0
414,1,28,160.0,61.0,21.0,99.0,40.3,113.0
415,0,35,195.0,100.0,30.0,103.0,41.0,186.0
416,0,49,172.0,75.0,14.0,100.0,40.0,82.0
417,1,29,167.0,66.0,25.0,104.0,40.4,146.0
418,1,60,162.0,59.0,24.0,112.0,40.6,176.0
419,1,37,159.0,58.0,8.0,90.0,39.2,37.0
420,0,46,199.0,96.0,6.0,95.0,39.4,33.0
421,1,70,164.0,63.0,12.0,94.0,40.4,67.0
422,1,53,159.0,64.0,11.0,95.0,39.9,59.0
423,0,30,182.0,84.0,8.0,85.0,39.7,23.0
424,0,51,206.0,112.0,25.0,103.0,40.5,181.0
425,0,61,199.0,114.0,2.0,83.0,38.2,9.0
426,0,26,179.0,77.0,15.0,98.0,39.8,68.0
427,1,60,156.0,56.0,18.0,94.0,40.8,98.0
428,0,23,188.0,87.0,22.0,105.0,40.8,124.0
429,0,32,189.0,94.0,7.0,83.0,39.2,20.0
430,0,69,183.0,92.0,8.0,90.0,39.6,46.0
431,0,20,171.0,77.0,3.0,86.0,38.6,7.0
432,1,36,171.0,64.0,9.0,90.0,39.8,41.0
433,0,61,206.0,103.0,12.0,94.0,39.6,74.0
434,0,45,198.0,100.0,16.0,97.0,39.9,93.0
435,1,57,173.0,71.0,19.0,97.0,40.8,105.0
436,0,62,191.0,94.0,17.0,96.0,39.9,108.0
437,1,55,149.0,52.0,14.0,92.0,40.1,73.0
438,1,41,174.0,67.0,7.0,82.0,39.1,26.0
439,1,60,173.0,71.0,14.0,93.0,40.1,72.0
440,1,30,165.0,61.0,4.0,90.0,38.8,18.0
441,0,25,193.0,99.0,4.0,91.0,38.9,16.0
442,1,24,176.0,70.0,21.0,97.0,40.3,104.0
443,0,22,184.0,82.0,21.0,100.0,40.7,100.0
444,0,58,165.0,66.0,22.0,98.0,40.9,128.0
445,1,26,162.0,55.0,21.0,103.0,40.6,123.0
446,1,71,153.0,53.0,22.0,101.0,40.7,142.0
447,1,63,175.0,72.0,9.0,86.0,39.2,40.0
448,0,25,191.0,88.0,26.0,102.0,40.7,138.0
449,1,39,174.0,69.0,23.0,93.0,41.1,111.0
450,1,72,163.0,68.0,9.0,89.0,39.8,45.0
451,1,51,160.0,58.0,11.0,87.0,39.7,50.0
452,1,23,169.0,68.0,25.0,114.0,40.9,170.0
453,1,77,176.0,76.0,9.0,85.0,39.3,41.0
454,1,23,160.0,55.0,28.0,113.0,41.0,192.0
455,1,67,155.0,56.0,6.0,82.0,38.7,26.0
456,0,42,177.0,87.0,29.0,114.0,41.1,230.0
457,0,31,186.0,85.0,28.0,106.0,40.8,172.0
458,1,67,155.0,56.0,4.0,74.0,39.0,14.0
459,1,38,177.0,74.0,25.0,108.0,40.9,158.0
460,1,37,177.0,69.0,14.0,97.0,39.9,73.0
461,0,72,195.0,103.0,6.0,93.0,39.6,39.0
462,1,27,156.0,55.0,18.0,94.0,40.4,88.0
463,1,58,164.0,63.0,19.0,97.0,40.3,107.0
464,1,66,156.0,61.0,5.0,81.0,38.9,21.0
465,0,24,194.0,94.0,17.0,106.0,40.3,102.0
466,0,25,193.0,88.0,19.0,96.0,40.7,84.0
467,0,59,168.0,80.0,6.0,89.0,39.2,29.0
468,1,25,174.0,74.0,9.0,85.0,39.6,33.0
469,1,58,161.0,65.0,27.0,106.0,40.6,178.0
470,0,35,172.0,78.0,12.0,89.0,39.9,43.0
471,1,42,158.0,60.0,24.0,99.0,40.7,135.0
472,0,44,177.0,77.0,13.0,95.0,40.2,64.0
473,1,52,148.0,55.0,22.0,105.0,40.5,143.0
474,0,46,197.0,99.0,5.0,85.0,38.6,20.0
475,0,69,171.0,80.0,21.0,103.0,40.3,156.0
476,0,68,196.0,105.0,24.0,96.0,40.9,164.0
477,0,35,172.0,75.0,22.0,98.0,40.9,108.0
478,0,43,184.0,89.0,4.0,91.0,38.7,18.0
479,0,61,194.0,92.0,24.0,99.0,40.5,160.0
480,0,79,179.0,85.0,8.0,89.0,39.6,47.0
481,0,38,195.0,95.0,9.0,99.0,39.8,51.0
482,1,40,159.0,65.0,8.0,78.0,39.6,26.0
483,0,30,194.0,101.0,8.0,83.0,39.4,24.0
484,0,54,181.0,85.0,9.0,85.0,39.7,37.0
485,0,34,185.0,94.0,14.0,90.0,40.3,57.0
486,1,44,157.0,61.0,6.0,85.0,39.2,25.0
487,0,66,178.0,82.0,21.0,98.0,40.5,138.0
488,1,61,179.0,76.0,21.0,99.0,40.3,121.0
489,0,21,205.0,103.0,7.0,88.0,39.6,23.0
490,0,44,210.0,106.0,19.0,90.0,40.2,91.0
491,1,59,153.0,55.0,2.0,85.0,38.0,9.0
492,0,70,172.0,77.0,6.0,86.0,39.5,29.0
493,0,35,179.0,83.0,16.0,93.0,40.3,69.0
494,0,41,176.0,70.0,17.0,100.0,40.5,92.0
495,0,35,170.0,76.0,11.0,95.0,39.8,49.0
496,0,64,188.0,95.0,17.0,95.0,40.3,107.0
497,0,51,185.0,95.0,18.0,102.0,40.3,121.0
498,1,23,172.0,62.0,23.0,103.0,40.8,131.0
499,0,50,193.0,92.0,13.0,93.0,39.7,68.0
500,0,40,189.0,92.0,26.0,116.0,40.9,214.0
501,1,58,158.0,57.0,12.0,89.0,40.0,59.0
502,0,26,179.0,71.0,16.0,97.0,40.3,68.0
503,1,33,158.0,59.0,20.0,96.0,40.5,103.0
504,0,35,181.0,82.0,11.0,85.0,39.8,34.0
505,0,46,181.0,82.0,24.0,104.0,41.0,156.0
506,0,51,171.0,79.0,27.0,107.0,40.9,193.0
507,1,27,171.0,63.0,17.0,93.0,40.2,80.0
508,0,62,172.0,81.0,14.0,88.0,40.5,68.0
509,0,45,196.0,102.0,27.0,110.0,41.0,210.0
510,1,56,162.0,56.0,19.0,97.0,40.5,109.0
511,0,40,185.0,90.0,17.0,94.0,40.5,83.0
512,1,47,164.0,68.0,10.0,90.0,39.8,46.0
513,0,73,213.0,121.0,27.0,112.0,40.9,266.0
514,1,36,184.0,73.0,23.0,107.0,40.8,142.0
515,0,53,193.0,90.0,9.0,90.0,39.6,44.0
516,0,26,194.0,101.0,17.0,83.0,40.5,47.0
517,1,56,163.0,65.0,21.0,108.0,40.8,142.0
518,0,36,187.0,89.0,16.0,90.0,40.4,65.0
519,0,28,186.0,95.0,18.0,98.0,40.0,90.0
520,0,63,191.0,93.0,18.0,93.0,40.3,106.0
521,0,64,178.0,82.0,25.0,111.0,40.8,211.0
522,1,32,173.0,68.0,4.0,84.0,39.2,15.0
523,1,37,165.0,61.0,12.0,98.0,40.1,65.0
524,0,44,175.0,78.0,15.0,100.0,40.5,86.0
525,1,40,171.0,72.0,13.0,100.0,40.0,72.0
526,1,20,160.0,59.0,29.0,112.0,40.5,193.0
527,1,63,155.0,57.0,27.0,116.0,40.8,212.0
528,1,62,202.0,97.0,15.0,98.0,40.3,80.0
529,0,46,178.0,79.0,28.0,102.0,40.7,172.0
530,1,21,163.0,62.0,29.0,116.0,40.7,204.0
531,1,22,160.0,60.0,19.0,105.0,40.4,112.0
532,0,32,193.0,96.0,21.0,111.0,40.8,151.0
533,0,66,188.0,98.0,26.0,114.0,40.7,242.0
534,0,76,179.0,79.0,19.0,105.0,40.5,153.0
535,1,34,162.0,62.0,5.0,87.0,39.4,21.0
536,1,23,172.0,65.0,26.0,108.0,40.6,161.0
537,0,59,166.0,73.0,23.0,101.0,40.4,149.0
538,0,50,170.0,77.0,17.0,101.0,40.4,104.0
539,0,37,187.0,87.0,29.0,113.0,40.8,218.0
540,0,53,196.0,102.0,2.0,89.0,38.2,10.0
541,0,20,189.0,88.0,18.0,103.0,40.4,94.0
542,1,32,171.0,70.0,23.0,104.0,40.7,134.0
543,0,45,191.0,99.0,14.0,96.0,40.0,79.0
544,1,52,156.0,54.0,28.0,114.0,40.7,210.0
545,0,47,167.0,69.0,9.0,101.0,39.8,52.0
546,0,58,193.0,95.0,20.0,99.0,40.3,132.0
547,1,61,172.0,68.0,16.0,92.0,40.2,82.0
548,1,32,154.0,56.0,6.0,81.0,39.3,21.0
549,0,73,199.0,97.0,22.0,107.0,40.9,189.0
550,0,51,190.0,94.0,21.0,105.0,40.4,150.0
551,0,61,169.0,72.0,29.0,110.0,41.0,230.0
552,1,73,177.0,78.0,28.0,117.0,40.6,220.0
553,1,59,174.0,71.0,16.0,99.0,40.6,92.0
554,0,22,197.0,94.0,25.0,108.0,40.6,155.0
555,0,52,180.0,77.0,20.0,108.0,40.2,146.0
556,1,30,157.0,60.0,3.0,87.0,38.7,12.0
557,0,64,199.0,104.0,6.0,88.0,39.6,33.0
558,0,26,171.0,71.0,16.0,90.0,40.6,51.0
559,0,44,171.0,75.0,13.0,94.0,39.9,62.0
560,1,25,160.0,60.0,19.0,100.0,40.1,103.0
561,1,37,194.0,81.0,7.0,81.0,39.4,23.0
562,0,22,190.0,94.0,15.0,91.0,40.2,55.0
563,0,26,187.0,85.0,25.0,107.0,40.5,151.0
564,1,43,166.0,69.0,15.0,96.0,40.0,78.0
565,0,31,187.0,88.0,18.0,95.0,40.2,82.0
566,1,60,159.0,58.0,22.0,107.0,40.5,150.0
567,1,32,163.0,66.0,19.0,101.0,40.7,106.0
568,0,63,196.0,101.0,9.0,95.0,39.5,57.0
569,1,30,152.0,60.0,11.0,98.0,39.7,58.0
570,1,65,150.0,54.0,11.0,87.0,40.0,53.0
571,0,25,189.0,88.0,4.0,90.0,39.1,14.0
572,0,27,190.0,85.0,5.0,86.0,39.3,15.0
573,1,58,164.0,59.0,27.0,99.0,40.8,160.0
574,1,24,173.0,71.0,30.0,110.0,40.8,190.0
575,0,33,182.0,88.0,23.0,100.0,40.6,124.0
576,1,28,164.0,61.0,14.0,107.0,39.9,87.0
577,0,25,185.0,85.0,18.0,102.0,40.3,95.0
578,1,24,161.0,55.0,6.0,84.0,39.2,23.0
579,0,31,183.0,83.0,15.0,91.0,40.0,58.0
580,1,50,167.0,62.0,9.0,85.0,39.6,38.0
581,1,35,147.0,47.0,15.0,90.0,40.3,71.0
582,0,33,191.0,97.0,14.0,94.0,40.1,66.0
583,1,67,172.0,72.0,8.0,89.0,39.3,39.0
584,0,29,178.0,79.0,1.0,82.0,37.4,2.0
585,0,64,186.0,89.0,24.0,110.0,40.9,202.0
586,0,30,183.0,87.0,20.0,91.0,40.4,78.0
587,1,35,157.0,61.0,11.0,84.0,39.8,43.0
588,1,26,144.0,52.0,11.0,96.0,39.8,56.0
589,0,62,177.0,82.0,29.0,107.0,40.9,224.0
590,0,70,189.0,94.0,23.0,107.0,40.5,193.0
591,1,20,162.0,59.0,18.0,95.0,40.6,87.0
592,1,39,152.0,50.0,15.0,91.0,40.1,73.0
593,0,20,193.0,94.0,17.0,99.0,40.1,81.0
594,0,46,169.0,69.0,23.0,106.0,40.5,150.0
595,1,24,145.0,48.0,18.0,91.0,40.5,83.0
596,0,73,176.0,81.0,22.0,102.0,40.8,165.0
597,0,25,184.0,82.0,10.0,88.0,39.9,31.0
598,1,23,163.0,62.0,20.0,103.0,40.3,114.0
599,0,44,175.0,80.0,28.0,102.0,40.8,170.0
600,1,56,157.0,61.0,24.0,106.0,40.6,159.0
601,1,35,170.0,70.0,22.0,104.0,40.7,130.0
602,1,60,166.0,67.0,8.0,80.0,39.5,31.0
603,0,74,176.0,79.0,9.0,101.0,39.4,66.0
604,1,69,147.0,51.0,20.0,96.0,40.1,118.0
605,0,40,179.0,86.0,10.0,97.0,39.9,52.0
606,0,21,191.0,95.0,25.0,110.0,40.8,162.0
607,0,25,197.0,99.0,12.0,92.0,39.8,49.0
608,0,61,188.0,86.0,25.0,107.0,40.4,194.0
609,1,52,161.0,64.0,16.0,86.0,40.3,70.0
610,1,35,148.0,50.0,28.0,103.0,40.7,170.0
611,0,58,183.0,89.0,27.0,108.0,40.8,212.0
612,0,56,189.0,100.0,5.0,84.0,39.2,22.0
613,0,79,196.0,103.0,6.0,92.0,39.3,40.0
614,0,40,185.0,87.0,25.0,102.0,40.7,150.0
615,0,37,179.0,79.0,23.0,101.0,40.6,128.0
616,1,29,147.0,48.0,17.0,98.0,40.6,93.0
617,1,24,169.0,59.0,21.0,109.0,40.6,134.0
618,1,32,157.0,52.0,20.0,100.0,40.3,113.0
619,1,41,161.0,56.0,11.0,98.0,39.8,61.0
620,1,48,175.0,70.0,14.0,99.0,40.1,78.0
621,1,63,172.0,69.0,24.0,101.0,40.7,146.0
622,1,66,173.0,75.0,25.0,98.0,40.5,143.0
623,1,32,153.0,55.0,8.0,89.0,39.5,36.0
624,0,55,183.0,83.0,24.0,106.0,40.7,174.0
625,1,53,167.0,64.0,8.0,89.0,39.9,38.0
626,1,50,159.0,59.0,4.0,86.0,38.8,18.0
627,0,73,182.0,83.0,2.0,85.0,38.4,10.0
628,0,78,182.0,87.0,1.0,79.0,37.5,4.0
629,0,37,197.0,100.0,5.0,87.0,39.1,19.0
630,0,52,189.0,93.0,24.0,111.0,40.7,194.0
631,1,58,181.0,78.0,5.0,87.0,39.2,22.0
632,1,27,146.0,51.0,24.0,107.0,40.8,152.0
633,1,58,159.0,61.0,25.0,111.0,41.1,179.0
634,1,57,171.0,74.0,11.0,78.0,39.6,38.0
635,0,79,173.0,76.0,27.0,110.0,40.8,239.0
636,1,32,182.0,77.0,4.0,81.0,38.8,13.0
637,1,27,154.0,54.0,19.0,101.0,40.6,107.0
638,0,42,174.0,74.0,3.0,82.0,38.3,8.0
639,1,70,154.0,57.0,24.0,108.0,40.5,171.0
640,1,25,158.0,58.0,29.0,107.0,40.9,180.0
641,0,58,212.0,111.0,20.0,95.0,40.3,127.0
642,0,66,166.0,66.0,16.0,96.0,40.7,95.0
643,0,22,185.0,83.0,11.0,86.0,40.0,29.0
644,0,23,197.0,97.0,30.0,106.0,41.1,181.0
645,0,45,191.0,91.0,14.0,94.0,39.9,72.0
646,1,22,180.0,74.0,2.0,81.0,37.9,6.0
647,1,57,158.0,61.0,26.0,104.0,40.8,167.0
648,0,79,194.0,103.0,21.0,96.0,40.9,154.0
649,1,62,153.0,57.0,21.0,105.0,40.3,140.0
650,0,54,172.0,71.0,21.0,107.0,40.9,149.0
651,0,78,187.0,88.0,22.0,98.0,40.8,160.0
652,1,22,155.0,51.0,29.0,111.0,40.8,194.0
653,1,23,162.0,62.0,28.0,107.0,40.4,171.0
654,1,50,151.0,51.0,2.0,79.0,38.4,8.0
655,0,67,183.0,91.0,15.0,93.0,40.5,91.0
656,0,32,175.0,79.0,8.0,98.0,39.9,39.0
657,0,43,186.0,84.0,15.0,80.0,40.1,42.0
658,0,60,173.0,79.0,1.0,91.0,37.9,5.0
659,1,33,169.0,70.0,24.0,98.0,40.7,125.0
660,0,51,203.0,104.0,6.0,79.0,39.3,21.0
661,0,43,185.0,85.0,19.0,94.0,40.3,93.0
662,1,25,171.0,66.0,13.0,98.0,39.8,67.0
663,1,36,175.0,70.0,5.0,92.0,39.0,23.0
664,1,27,164.0,63.0,22.0,102.0,40.9,124.0
665,0,21,167.0,65.0,21.0,102.0,40.5,97.0
666,1,31,168.0,64.0,24.0,105.0,40.7,144.0
667,0,76,211.0,116.0,25.0,110.0,40.8,240.0
668,0,43,209.0,114.0,15.0,96.0,40.4,88.0
669,0,45,193.0,93.0,2.0,87.0,38.4,8.0
670,0,67,189.0,97.0,22.0,103.0,40.7,169.0
671,1,32,176.0,71.0,20.0,94.0,40.6,95.0
672,0,42,181.0,81.0,6.0,83.0,39.5,19.0
673,0,22,186.0,82.0,14.0,94.0,40.1,54.0
674,0,47,188.0,95.0,6.0,81.0,39.4,20.0
675,0,23,194.0,97.0,15.0,101.0,40.0,79.0
676,1,66,179.0,72.0,23.0,115.0,40.3,175.0
677,0,27,182.0,81.0,18.0,105.0,40.5,103.0
678,0,44,192.0,91.0,4.0,90.0,39.1,18.0
679,0,26,183.0,76.0,16.0,102.0,40.4,82.0
680,0,65,199.0,99.0,26.0,107.0,40.8,214.0
681,1,20,162.0,57.0,12.0,95.0,39.8,58.0
682,0,55,199.0,101.0,16.0,96.0,40.3,98.0
683,1,28,157.0,57.0,25.0,110.0,41.0,165.0
684,0,70,177.0,79.0,24.0,110.0,40.7,204.0
685,1,79,157.0,60.0,17.0,98.0,40.7,105.0
686,0,20,191.0,88.0,29.0,113.0,40.8,195.0
687,0,32,194.0,94.0,13.0,97.0,39.9,65.0
688,1,44,168.0,66.0,25.0,110.0,40.7,169.0
689,1,22,157.0,55.0,7.0,88.0,39.6,29.0
690,0,52,193.0,99.0,12.0,91.0,39.8,62.0
691,1,29,154.0,55.0,5.0,85.0,38.8,20.0
692,1,41,148.0,53.0,29.0,111.0,40.9,203.0
693,0,52,173.0,83.0,18.0,95.0,40.5,98.0
694,1,31,171.0,69.0,14.0,93.0,40.3,65.0
695,1,31,165.0,60.0,25.0,115.0,40.8,179.0
696,0,50,191.0,89.0,22.0,90.0,40.3,104.0
697,0,42,180.0,84.0,2.0,80.0,38.6,5.0
698,1,25,162.0,60.0,4.0,84.0,38.9,15.0
699,0,79,189.0,94.0,23.0,100.0,40.6,178.0
700,0,29,187.0,87.0,28.0,108.0,40.9,179.0
701,1,37,166.0,67.0,15.0,97.0,40.2,78.0
702,1,21,164.0,59.0,24.0,111.0,40.6,157.0
703,0,21,178.0,79.0,15.0,98.0,40.0,65.0
704,1,30,160.0,59.0,19.0,98.0,40.6,101.0
705,0,39,188.0,92.0,10.0,101.0,39.8,59.0
706,0,22,165.0,67.0,27.0,119.0,40.4,197.0
707,0,60,183.0,88.0,11.0,87.0,39.5,52.0
708,0,33,180.0,85.0,14.0,94.0,39.8,62.0
709,1,20,158.0,52.0,29.0,110.0,41.1,189.0
710,1,21,164.0,61.0,30.0,112.0,40.6,199.0
711,0,35,176.0,83.0,16.0,102.0,40.2,91.0
712,0,39,194.0,93.0,18.0,89.0,40.3,75.0
713,1,37,176.0,73.0,3.0,82.0,38.8,11.0
714,1,67,173.0,73.0,1.0,88.0,38.0,5.0
715,1,56,152.0,54.0,14.0,94.0,39.9,76.0
716,1,36,180.0,75.0,19.0,98.0,40.6,99.0
717,0,26,194.0,92.0,22.0,104.0,40.6,127.0
718,1,55,173.0,67.0,27.0,109.0,40.9,184.0
719,0,36,195.0,96.0,9.0,97.0,39.9,47.0
720,1,38,177.0,71.0,29.0,107.0,41.0,181.0
721,0,57,176.0,76.0,23.0,101.0,40.9,148.0
722,1,48,154.0,60.0,18.0,104.0,40.6,113.0
723,1,67,186.0,76.0,27.0,107.0,40.6,181.0
724,0,20,186.0,86.0,16.0,90.0,40.3,52.0
725,1,22,188.0,81.0,16.0,97.0,40.3,76.0
726,0,27,196.0,98.0,17.0,96.0,40.4,80.0
727,0,46,184.0,84.0,3.0,80.0,38.7,9.0
728,0,47,193.0,99.0,17.0,92.0,40.4,87.0
729,1,38,176.0,73.0,8.0,83.0,39.7,29.0
730,1,59,171.0,71.0,26.0,99.0,40.8,150.0
731,1,31,168.0,59.0,28.0,102.0,40.7,161.0
732,0,58,195.0,93.0,18.0,89.0,40.3,91.0
733,0,33,180.0,82.0,21.0,101.0,40.7,114.0
734,0,65,172.0,80.0,14.0,96.0,39.9,86.0
735,0,22,173.0,79.0,29.0,115.0,40.7,201.0
736,0,27,185.0,82.0,12.0,95.0,40.0,51.0
737,1,54,167.0,71.0,9.0,96.0,39.4,48.0
738,1,71,155.0,60.0,16.0,91.0,40.3,85.0
739,1,29,180.0,76.0,12.0,97.0,39.9,60.0
740,0,21,197.0,98.0,18.0,102.0,39.8,96.0
741,0,37,188.0,92.0,13.0,93.0,40.1,60.0
742,0,71,186.0,91.0,16.0,95.0,40.1,105.0
743,0,55,181.0,84.0,9.0,89.0,39.7,42.0
744,0,30,194.0,88.0,4.0,80.0,38.7,9.0
745,1,43,151.0,50.0,2.0,72.0,37.9,6.0
746,0,65,177.0,78.0,30.0,112.0,40.6,256.0
747,0,31,192.0,92.0,4.0,93.0,39.1,17.0
748,1,26,158.0,56.0,22.0,97.0,40.4,114.0
749,1,79,144.0,51.0,24.0,100.0,40.7,156.0
750,0,71,191.0,91.0,12.0,87.0,39.8,64.0
751,1,28,176.0,75.0,18.0,98.0,40.3,91.0
752,1,20,175.0,72.0,13.0,85.0,40.0,46.0
753,0,24,202.0,94.0,22.0,95.0,40.5,96.0
754,1,28,178.0,71.0,20.0,97.0,40.2,100.0
755,1,56,169.0,65.0,26.0,100.0,40.9,154.0
756,0,39,188.0,89.0,25.0,108.0,40.5,173.0
757,0,23,164.0,64.0,22.0,99.0,40.9,94.0
758,0,32,202.0,108.0,18.0,97.0,40.3,96.0
759,1,21,164.0,62.0,27.0,106.0,40.6,161.0
760,1,37,172.0,68.0,25.0,109.0,40.5,162.0
761,1,32,163.0,65.0,6.0,80.0,39.5,20.0
762,0,70,174.0,78.0,22.0,100.0,40.6,153.0
763,1,34,173.0,73.0,27.0,103.0,40.8,155.0
764,0,30,179.0,74.0,13.0,94.0,39.8,53.0
765,1,22,155.0,54.0,19.0,103.0,40.3,110.0
766,1,27,142.0,48.0,14.0,94.0,40.6,70.0
767,0,20,185.0,82.0,6.0,81.0,39.0,11.0
768,1,34,166.0,63.0,20.0,99.0,40.5,109.0
769,1,74,162.0,58.0,28.0,113.0,41.0,216.0
770,0,35,191.0,93.0,25.0,98.0,40.7,133.0
771,1,29,169.0,69.0,24.0,104.0,40.4,139.0
772,1,57,159.0,61.0,24.0,99.0,40.6,141.0
773,1,23,179.0,70.0,25.0,111.0,40.8,161.0
774,1,34,165.0,61.0,3.0,89.0,38.1,13.0
775,1,58,164.0,62.0,12.0,93.0,39.7,63.0
776,1,21,177.0,73.0,17.0,96.0,40.4,81.0
777,0,27,189.0,93.0,16.0,95.0,40.3,71.0
778,0,48,184.0,83.0,19.0,92.0,40.7,91.0
779,0,57,175.0,76.0,28.0,109.0,40.6,214.0
780,1,28,154.0,55.0,12.0,95.0,40.2,60.0
781,0,42,189.0,93.0,22.0,105.0,40.6,147.0
782,1,68,171.0,67.0,3.0,85.0,38.5,13.0
783,0,26,196.0,96.0,3.0,84.0,38.5,8.0
784,0,27,187.0,88.0,14.0,98.0,40.2,67.0
785,1,57,160.0,61.0,25.0,104.0,40.7,160.0
786,0,65,177.0,77.0,9.0,92.0,39.6,50.0
787,1,35,148.0,53.0,5.0,84.0,39.2,20.0
788,0,61,181.0,87.0,29.0,103.0,41.0,208.0
789,0,23,186.0,88.0,4.0,84.0,38.7,10.0
790,1,74,161.0,59.0,7.0,89.0,39.3,36.0
791,0,39,190.0,93.0,28.0,106.0,40.7,188.0
792,0,31,189.0,94.0,16.0,90.0,40.4,63.0
793,1,55,164.0,63.0,6.0,84.0,39.3,25.0
794,0,58,175.0,77.0,14.0,92.0,40.2,72.0
795,1,63,171.0,74.0,16.0,101.0,40.1,96.0
796,0,25,179.0,81.0,19.0,104.0,40.0,104.0
797,0,78,179.0,80.0,21.0,100.0,40.5,155.0
798,0,48,173.0,74.0,15.0,90.0,40.2,65.0
799,0,59,201.0,100.0,20.0,102.0,40.4,144.0
800,0,39,185.0,85.0,2.0,90.0,38.3,8.0
801,1,30,161.0,54.0,5.0,80.0,39.2,17.0
802,1,61,194.0,93.0,28.0,109.0,40.7,184.0
803,0,55,196.0,92.0,24.0,111.0,40.7,197.0
804,0,54,190.0,94.0,8.0,86.0,39.8,35.0
805,0,64,195.0,99.0,13.0,87.0,40.3,67.0
806,0,66,185.0,97.0,9.0,88.0,39.7,48.0
807,0,39,167.0,69.0,8.0,79.0,39.8,17.0
808,0,22,179.0,77.0,20.0,100.0,40.2,93.0
809,1,56,164.0,68.0,10.0,96.0,39.8,54.0
810,1,50,175.0,74.0,11.0,88.0,40.0,48.0
811,1,39,161.0,61.0,1.0,82.0,37.7,4.0
812,0,24,192.0,93.0,21.0,99.0,40.9,103.0
813,0,51,195.0,99.0,29.0,102.0,40.6,197.0
814,0,58,181.0,85.0,5.0,84.0,39.0,21.0
815,1,38,176.0,67.0,3.0,87.0,39.0,13.0
816,1,79,160.0,63.0,8.0,100.0,39.6,51.0
817,0,57,175.0,82.0,22.0,112.0,40.2,181.0
818,1,24,144.0,47.0,24.0,105.0,40.6,147.0
819,0,29,188.0,86.0,4.0,85.0,39.1,12.0
820,0,20,189.0,85.0,7.0,87.0,39.6,19.0
821,1,54,157.0,51.0,2.0,74.0,38.1,7.0
822,1,51,169.0,63.0,3.0,80.0,38.6,11.0
823,1,41,154.0,52.0,30.0,117.0,40.9,229.0
824,0,74,195.0,99.0,7.0,86.0,39.8,39.0
825,1,21,168.0,65.0,25.0,109.0,40.3,156.0
826,0,20,187.0,86.0,23.0,100.0,40.3,109.0
827,0,31,188.0,85.0,18.0,93.0,40.5,75.0
828,0,32,188.0,94.0,19.0,95.0,40.6,90.0
829,0,39,191.0,86.0,23.0,97.0,40.6,119.0
830,1,38,157.0,60.0,28.0,109.0,40.7,185.0
831,1,26,148.0,45.0,6.0,91.0,38.9,28.0
832,1,67,153.0,54.0,13.0,90.0,39.9,67.0
833,0,75,197.0,103.0,6.0,91.0,39.1,38.0
834,1,72,162.0,66.0,14.0,97.0,40.1,82.0
835,0,26,178.0,78.0,28.0,103.0,41.0,148.0
836,0,63,193.0,99.0,7.0,87.0,39.7,36.0
837,0,28,198.0,98.0,26.0,113.0,40.6,191.0
838,1,48,164.0,62.0,20.0,95.0,40.5,106.0
839,1,29,179.0,69.0,14.0,92.0,40.4,63.0
840,0,32,174.0,70.0,3.0,92.0,38.7,11.0
841,0,32,175.0,74.0,26.0,93.0,40.7,104.0
842,1,28,143.0,52.0,6.0,83.0,39.2,23.0
843,1,22,165.0,63.0,4.0,88.0,39.0,16.0
844,0,35,171.0,78.0,8.0,86.0,39.7,25.0
845,1,73,166.0,64.0,26.0,106.0,40.6,179.0
846,1,34,163.0,61.0,13.0,96.0,40.1,67.0
847,0,37,191.0,90.0,12.0,98.0,39.7,64.0
848,0,22,188.0,92.0,11.0,96.0,39.6,48.0
849,0,26,173.0,76.0,21.0,102.0,40.2,107.0
850,1,47,162.0,64.0,18.0,94.0,40.7,92.0
851,1,23,155.0,55.0,5.0,90.0,39.2,22.0
852,0,53,191.0,101.0,21.0,106.0,40.7,159.0
853,0,22,188.0,89.0,7.0,80.0,39.2,13.0
854,1,46,171.0,68.0,15.0,86.0,40.3,63.0
855,0,45,189.0,93.0,2.0,70.0,38.1,3.0
856,0,50,207.0,111.0,28.0,115.0,40.6,251.0
857,1,37,170.0,71.0,26.0,105.0,40.9,157.0
858,1,31,177.0,72.0,10.0,93.0,39.4,46.0
859,1,25,181.0,78.0,15.0,96.0,39.9,71.0
860,1,21,157.0,57.0,2.0,77.0,37.8,6.0
861,0,45,197.0,107.0,4.0,80.0,39.2,13.0
862,0,31,190.0,87.0,19.0,94.0,40.4,83.0
863,0,27,206.0,106.0,13.0,89.0,40.1,50.0
864,1,41,153.0,56.0,12.0,92.0,40.2,59.0
865,1,56,166.0,61.0,20.0,94.0,40.7,106.0
866,1,22,177.0,71.0,15.0,98.0,40.4,75.0
867,1,25,184.0,82.0,20.0,93.0,40.8,88.0
868,1,22,170.0,64.0,30.0,115.0,41.2,208.0
869,1,69,163.0,68.0,16.0,95.0,40.3,89.0
870,0,75,170.0,74.0,24.0,107.0,40.3,196.0
871,1,46,151.0,57.0,11.0,97.0,39.9,61.0
872,0,63,200.0,105.0,15.0,102.0,40.3,113.0
873,1,29,156.0,50.0,28.0,113.0,40.9,197.0
874,1,39,171.0,65.0,3.0,81.0,38.6,11.0
875,1,58,168.0,67.0,5.0,82.0,39.2,20.0
876,0,55,189.0,88.0,8.0,81.0,39.1,29.0
877,1,26,145.0,46.0,28.0,105.0,40.9,173.0
878,1,42,153.0,58.0,3.0,78.0,38.6,10.0
879,1,26,176.0,73.0,24.0,104.0,40.5,137.0
880,1,25,172.0,71.0,15.0,103.0,40.1,84.0
881,0,55,193.0,100.0,21.0,100.0,40.6,141.0
882,1,41,175.0,78.0,28.0,101.0,40.7,156.0
883,1,34,178.0,72.0,23.0,104.0,40.9,135.0
884,1,24,163.0,59.0,8.0,90.0,39.6,35.0
885,0,23,182.0,83.0,20.0,104.0,40.2,108.0
886,0,74,177.0,80.0,14.0,93.0,39.9,86.0
887,1,43,176.0,75.0,7.0,87.0,39.8,29.0
888,0,24,192.0,86.0,27.0,106.0,40.5,157.0
889,0,28,194.0,86.0,18.0,93.0,40.3,73.0
890,0,67,190.0,87.0,10.0,90.0,39.9,55.0
891,1,36,166.0,67.0,10.0,94.0,40.0,49.0
892,1,52,161.0,60.0,30.0,109.0,40.8,206.0
893,1,39,159.0,62.0,25.0,111.0,40.8,171.0
894,0,33,171.0,73.0,26.0,108.0,40.9,163.0
895,1,50,171.0,70.0,2.0,81.0,37.9,7.0
896,1,49,174.0,75.0,7.0,93.0,39.2,34.0
897,1,49,173.0,70.0,4.0,94.0,39.1,20.0
898,0,31,190.0,90.0,23.0,112.0,40.6,165.0
899,0,69,203.0,111.0,2.0,83.0,38.5,10.0
900,0,30,187.0,91.0,18.0,96.0,40.1,85.0
901,1,78,174.0,71.0,6.0,86.0,39.2,28.0
902,1,63,158.0,61.0,3.0,87.0,38.5,14.0
903,0,33,189.0,94.0,11.0,83.0,39.8,33.0
904,1,43,160.0,64.0,19.0,103.0,40.6,114.0
905,1,39,164.0,61.0,17.0,95.0,40.4,87.0
906,1,28,161.0,60.0,20.0,109.0,40.9,129.0
907,0,73,187.0,84.0,3.0,81.0,38.5,13.0
908,0,20,178.0,81.0,20.0,98.0,40.5,86.0
909,0,31,176.0,72.0,4.0,86.0,39.1,11.0
910,1,75,168.0,65.0,21.0,104.0,40.3,140.0
911,1,63,168.0,65.0,19.0,96.0,40.3,107.0
912,0,59,192.0,92.0,13.0,95.0,40.1,78.0
913,1,30,167.0,64.0,11.0,89.0,39.9,47.0
914,0,61,178.0,86.0,12.0,92.0,39.9,66.0
915,1,64,155.0,53.0,12.0,100.0,40.1,75.0
916,1,29,162.0,65.0,11.0,99.0,39.9,59.0
917,1,58,175.0,71.0,11.0,100.0,39.8,65.0
918,0,30,198.0,103.0,19.0,100.0,40.1,106.0
919,1,63,176.0,79.0,29.0,111.0,40.5,204.0
920,0,60,172.0,76.0,14.0,102.0,40.2,94.0
921,1,51,159.0,57.0,13.0,93.0,39.9,67.0
922,0,24,187.0,91.0,6.0,84.0,39.0,16.0
923,1,23,165.0,66.0,13.0,95.0,40.1,62.0
924,1,52,179.0,80.0,8.0,82.0,39.8,30.0
925,1,21,154.0,55.0,7.0,93.0,39.5,33.0
926,0,63,174.0,76.0,25.0,112.0,40.7,210.0
927,1,56,155.0,57.0,5.0,84.0,39.3,22.0
928,1,54,165.0,66.0,12.0,86.0,40.1,52.0
929,0,78,191.0,91.0,24.0,98.0,40.6,176.0
930,0,78,187.0,95.0,26.0,110.0,40.7,240.0
931,0,38,190.0,91.0,26.0,113.0,40.8,199.0
932,0,36,183.0,85.0,11.0,98.0,40.0,57.0
933,0,59,186.0,87.0,1.0,78.0,37.7,3.0
934,0,35,172.0,72.0,10.0,99.0,39.8,50.0
935,0,36,168.0,77.0,14.0,104.0,40.2,83.0
936,0,46,188.0,91.0,19.0,104.0,40.3,127.0
937,1,27,161.0,57.0,9.0,88.0,39.8,38.0
938,1,76,148.0,52.0,18.0,91.0,40.1,99.0
939,0,21,182.0,81.0,24.0,112.0,40.6,156.0
940,0,54,181.0,80.0,21.0,100.0,40.5,131.0
941,1,22,167.0,67.0,21.0,95.0,40.1,100.0
942,1,45,165.0,64.0,30.0,104.0,40.5,185.0
943,1,57,154.0,57.0,19.0,88.0,40.5,90.0
944,1,46,180.0,75.0,12.0,93.0,40.1,58.0
945,0,24,179.0,78.0,27.0,108.0,41.1,161.0
946,1,26,158.0,54.0,22.0,93.0,40.7,105.0
947,0,21,180.0,77.0,12.0,90.0,39.9,37.0
948,1,25,151.0,53.0,21.0,92.0,40.6,98.0
949,0,24,176.0,80.0,27.0,105.0,40.6,150.0
950,0,67,178.0,86.0,5.0,86.0,39.1,24.0
951,1,31,168.0,67.0,13.0,95.0,40.0,64.0
952,0,46,170.0,77.0,5.0,88.0,39.2,20.0
953,1,72,181.0,76.0,29.0,112.0,40.8,212.0
954,1,62,147.0,54.0,7.0,80.0,39.5,28.0
955,1,59,132.0,40.0,10.0,92.0,39.9,55.0
956,1,40,171.0,72.0,23.0,102.0,40.9,132.0
957,1,72,189.0,86.0,24.0,95.0,40.8,129.0
958,1,36,181.0,76.0,6.0,83.0,38.8,22.0
959,1,58,174.0,69.0,28.0,117.0,40.8,216.0
960,1,42,174.0,67.0,10.0,94.0,39.6,50.0
961,0,64,192.0,96.0,23.0,99.0,40.2,159.0
962,0,51,190.0,87.0,20.0,96.0,40.9,113.0
963,0,33,191.0,92.0,26.0,103.0,40.8,154.0
964,1,22,153.0,50.0,29.0,110.0,41.1,191.0
965,0,50,172.0,73.0,13.0,98.0,40.1,73.0
966,1,79,189.0,84.0,18.0,105.0,40.4,119.0
967,0,22,185.0,83.0,12.0,85.0,40.1,30.0
968,1,62,178.0,73.0,8.0,84.0,39.6,34.0
969,0,75,190.0,98.0,26.0,103.0,40.9,210.0
970,0,32,176.0,82.0,9.0,86.0,39.5,28.0
971,0,26,168.0,70.0,19.0,112.0,40.6,123.0
972,0,22,176.0,73.0,3.0,84.0,39.1,6.0
973,1,30,173.0,62.0,5.0,87.0,39.5,21.0
974,1,32,155.0,56.0,27.0,107.0,40.4,172.0
975,1,27,165.0,62.0,22.0,93.0,40.3,103.0
976,0,24,189.0,89.0,16.0,98.0,40.1,75.0
977,1,57,157.0,56.0,15.0,100.0,40.3,91.0
978,0,55,178.0,79.0,4.0,97.0,38.7,23.0
979,0,55,181.0,87.0,15.0,89.0,40.3,72.0
980,1,69,189.0,85.0,3.0,82.0,38.5,12.0
981,1,27,196.0,96.0,11.0,93.0,40.0,46.0
982,1,32,160.0,56.0,11.0,97.0,40.2,58.0
983,0,52,189.0,90.0,22.0,96.0,40.5,127.0
984,0,44,171.0,80.0,26.0,112.0,40.8,197.0
985,1,60,166.0,66.0,22.0,111.0,40.6,157.0
986,0,21,190.0,94.0,16.0,103.0,40.4,86.0
987,0,26,176.0,81.0,12.0,90.0,39.7,41.0
988,0,75,171.0,75.0,2.0,81.0,38.4,9.0
989,0,31,185.0,87.0,9.0,94.0,39.4,39.0
990,1,26,171.0,65.0,23.0,96.0,40.6,114.0
991,0,38,185.0,85.0,29.0,110.0,40.8,205.0
992,0,33,159.0,64.0,11.0,90.0,39.8,37.0
993,1,41,155.0,59.0,7.0,87.0,39.1,30.0
994,1,59,149.0,50.0,1.0,70.0,37.5,3.0
995,0,75,187.0,97.0,7.0,84.0,39.1,36.0
996,1,25,163.0,66.0,4.0,88.0,39.0,16.0
997,0,40,174.0,72.0,6.0,80.0,39.5,14.0
998,0,35,175.0,77.0,12.0,90.0,40.1,45.0
999,0,47,183.0,91.0,20.0,94.0,40.5,105.0
1000,1,21,156.0,56.0,1.0,86.0,37.4,4.0
1001,1,26,167.0,61.0,16.0,101.0,39.9,89.0
1002,0,39,178.0,80.0,25.0,105.0,40.7,157.0
1003,1,21,159.0,51.0,9.0,84.0,39.9,34.0
1004,0,71,198.0,103.0,22.0,111.0,41.0,203.0
1005,1,48,181.0,74.0,26.0,102.0,40.9,152.0
1006,0,66,174.0,81.0,14.0,87.0,40.2,68.0
1007,1,52,168.0,68.0,18.0,95.0,40.6,95.0
1008,0,35,179.0,81.0,11.0,94.0,40.0,49.0
1009,1,24,175.0,75.0,20.0,101.0,40.9,106.0
1010,0,32,186.0,91.0,21.0,108.0,40.5,139.0
1011,0,70,189.0,96.0,24.0,113.0,40.9,224.0
1012,0,26,184.0,86.0,8.0,96.0,39.4,35.0
1013,1,24,175.0,74.0,17.0,88.0,40.5,67.0
1014,1,54,159.0,54.0,24.0,107.0,40.6,163.0
1015,1,38,164.0,67.0,6.0,77.0,39.4,19.0
1016,1,29,169.0,64.0,12.0,92.0,39.6,55.0
1017,0,20,196.0,92.0,10.0,88.0,39.8,31.0
1018,0,21,181.0,76.0,17.0,100.0,39.9,78.0
1019,1,44,143.0,49.0,17.0,92.0,40.2,86.0
1020,0,28,161.0,66.0,17.0,92.0,40.4,59.0
1021,1,61,170.0,68.0,3.0,82.0,38.8,12.0
1022,0,32,179.0,82.0,6.0,86.0,39.7,19.0
1023,1,67,169.0,71.0,22.0,102.0,40.8,137.0
1024,0,38,179.0,88.0,11.0,90.0,39.8,45.0
1025,0,34,181.0,78.0,8.0,86.0,39.6,25.0
1026,0,27,175.0,80.0,27.0,101.0,40.9,137.0
1027,0,71,186.0,92.0,7.0,85.0,39.5,35.0
1028,1,50,172.0,66.0,9.0,92.0,39.6,44.0
1029,1,44,166.0,64.0,25.0,101.0,40.8,145.0
1030,0,23,179.0,82.0,15.0,91.0,40.2,51.0
1031,0,25,191.0,95.0,28.0,105.0,40.8,166.0
1032,0,55,181.0,87.0,1.0,75.0,37.8,3.0
1033,1,74,158.0,59.0,10.0,93.0,39.6,56.0
1034,0,31,191.0,98.0,4.0,85.0,38.7,13.0
1035,1,27,174.0,77.0,30.0,112.0,40.9,195.0
1036,1,46,161.0,65.0,7.0,85.0,39.7,29.0
1037,1,40,162.0,64.0,6.0,88.0,39.0,26.0
1038,0,56,158.0,64.0,27.0,109.0,40.6,198.0
1039,1,75,178.0,76.0,6.0,90.0,39.2,30.0
1040,0,73,169.0,78.0,26.0,102.0,40.9,193.0
1041,0,34,194.0,96.0,25.0,111.0,41.2,182.0
1042,1,62,181.0,80.0,22.0,108.0,40.8,147.0
1043,1,68,179.0,79.0,30.0,105.0,40.8,194.0
1044,1,29,182.0,76.0,8.0,83.0,39.7,28.0
1045,0,46,176.0,75.0,16.0,91.0,40.5,70.0
1046,0,59,190.0,93.0,22.0,93.0,40.7,126.0
1047,0,26,191.0,86.0,8.0,83.0,39.3,20.0
1048,1,35,169.0,69.0,23.0,96.0,40.7,116.0
1049,0,76,174.0,74.0,6.0,79.0,39.2,24.0
1050,1,42,160.0,61.0,8.0,92.0,39.5,39.0
1051,0,28,197.0,98.0,28.0,108.0,40.3,184.0
1052,0,56,192.0,101.0,18.0,96.0,40.3,111.0
1053,0,40,191.0,91.0,29.0,108.0,41.0,203.0
1054,0,45,194.0,103.0,14.0,85.0,39.9,57.0
1055,0,41,190.0,90.0,4.0,77.0,39.1,9.0
1056,0,29,168.0,73.0,14.0,93.0,40.3,54.0
1057,0,54,185.0,87.0,26.0,108.0,41.0,198.0
1058,0,29,181.0,77.0,13.0,97.0,40.1,59.0
1059,0,62,175.0,72.0,23.0,99.0,40.7,145.0
1060,1,40,172.0,71.0,20.0,101.0,40.7,113.0
1061,1,24,186.0,76.0,9.0,92.0,39.7,39.0
1062,1,44,173.0,66.0,25.0,88.0,40.6,110.0
1063,1,23,158.0,56.0,9.0,91.0,39.9,40.0
1064,0,74,188.0,93.0,5.0,85.0,39.2,26.0
1065,1,67,172.0,73.0,4.0,85.0,38.6,18.0
1066,0,47,182.0,84.0,18.0,96.0,40.4,97.0
1067,0,66,198.0,96.0,22.0,108.0,40.6,184.0
1068,0,42,193.0,92.0,2.0,87.0,38.0,8.0
1069,0,25,173.0,72.0,22.0,93.0,40.5,80.0
1070,1,21,153.0,54.0,8.0,94.0,39.8,38.0
1071,0,22,190.0,94.0,2.0,82.0,37.9,5.0
1072,1,51,173.0,74.0,24.0,101.0,40.3,139.0
1073,0,41,182.0,81.0,24.0,92.0,40.9,106.0
1074,0,42,208.0,108.0,9.0,86.0,39.5,37.0
1075,1,36,171.0,70.0,7.0,91.0,39.3,32.0
1076,1,23,183.0,74.0,4.0,88.0,38.8,16.0
1077,1,31,167.0,66.0,28.0,113.0,40.7,192.0
1078,1,23,153.0,51.0,9.0,101.0,39.5,51.0
1079,0,69,188.0,95.0,11.0,92.0,39.9,67.0
1080,1,58,159.0,57.0,21.0,101.0,40.5,129.0
1081,1,67,169.0,66.0,28.0,108.0,40.5,195.0
1082,0,26,194.0,93.0,6.0,78.0,39.4,11.0
1083,1,22,152.0,54.0,1.0,78.0,37.5,3.0
1084,1,46,160.0,61.0,25.0,101.0,40.6,147.0
1085,1,53,152.0,53.0,25.0,109.0,41.0,175.0
1086,0,36,190.0,96.0,17.0,90.0,40.3,72.0
1087,0,30,177.0,79.0,6.0,91.0,39.2,22.0
1088,1,53,139.0,48.0,29.0,101.0,40.6,180.0
1089,0,68,179.0,85.0,13.0,91.0,40.0,74.0
1090,1,65,162.0,62.0,14.0,86.0,39.8,65.0
1091,1,29,183.0,78.0,13.0,96.0,40.1,63.0
1092,1,41,175.0,72.0,29.0,109.0,41.3,189.0
1093,1,24,159.0,58.0,3.0,88.0,38.5,12.0
1094,1,63,164.0,63.0,28.0,102.0,40.9,176.0
1095,0,35,178.0,77.0,28.0,107.0,40.8,177.0
1096,1,37,156.0,53.0,28.0,108.0,40.7,185.0
1097,0,55,189.0,93.0,14.0,98.0,40.2,88.0
1098,0,27,173.0,71.0,12.0,97.0,40.4,52.0
1099,1,20,175.0,73.0,25.0,99.0,40.5,126.0
1100,1,23,152.0,52.0,29.0,114.0,40.9,203.0
1101,1,39,158.0,60.0,12.0,91.0,39.9,57.0
1102,0,34,183.0,82.0,3.0,84.0,38.6,9.0
1103,0,28,196.0,90.0,17.0,100.0,40.3,88.0
1104,0,21,177.0,77.0,24.0,104.0,40.6,125.0
1105,0,32,192.0,90.0,13.0,94.0,40.3,58.0
1106,1,60,186.0,87.0,13.0,95.0,40.1,67.0
1107,1,37,163.0,57.0,23.0,102.0,40.6,136.0
1108,0,36,183.0,80.0,16.0,95.0,40.5,74.0
1109,1,23,173.0,72.0,18.0,94.0,40.0,83.0
1110,0,61,196.0,96.0,2.0,73.0,38.5,6.0
1111,1,37,166.0,65.0,28.0,107.0,40.8,177.0
1112,1,33,163.0,63.0,22.0,101.0,40.7,124.0
1113,0,29,181.0,78.0,6.0,91.0,39.3,22.0
1114,0,44,166.0,75.0,3.0,93.0,38.6,14.0
1115,0,64,178.0,83.0,24.0,103.0,41.0,174.0
1116,0,34,196.0,103.0,17.0,96.0,40.4,88.0
1117,1,77,158.0,59.0,2.0,82.0,38.5,9.0
1118,1,45,178.0,72.0,18.0,100.0,40.3,101.0
1119,1,39,156.0,62.0,29.0,94.0,41.0,145.0
1120,0,21,187.0,88.0,12.0,97.0,39.9,52.0
1121,1,64,159.0,59.0,1.0,82.0,37.5,4.0
1122,0,41,176.0,83.0,6.0,85.0,39.4,21.0
1123,0,47,192.0,94.0,24.0,105.0,40.4,167.0
1124,0,70,197.0,98.0,19.0,101.0,40.2,143.0
1125,0,48,173.0,75.0,9.0,93.0,39.6,43.0
1126,1,30,148.0,52.0,7.0,88.0,39.2,30.0
1127,1,35,165.0,62.0,25.0,108.0,40.9,161.0
1128,1,68,165.0,59.0,15.0,100.0,40.4,93.0
1129,1,49,184.0,77.0,3.0,79.0,39.0,10.0
1130,0,59,184.0,86.0,26.0,101.0,40.8,176.0
1131,1,22,174.0,67.0,6.0,98.0,39.3,30.0
1132,0,28,189.0,87.0,25.0,110.0,40.5,166.0
1133,0,26,194.0,90.0,5.0,84.0,39.2,13.0
1134,1,47,159.0,60.0,27.0,104.0,40.8,169.0
1135,1,34,175.0,75.0,18.0,95.0,40.0,87.0
1136,0,33,175.0,70.0,26.0,103.0,40.6,142.0
1137,1,28,169.0,72.0,14.0,87.0,40.7,55.0
1138,0,25,182.0,91.0,8.0,84.0,39.4,21.0
1139,0,74,194.0,97.0,6.0,94.0,39.2,40.0
1140,1,41,154.0,51.0,5.0,87.0,39.4,22.0
1141,0,20,174.0,69.0,17.0,98.0,40.4,69.0
1142,0,28,181.0,81.0,16.0,96.0,40.2,71.0
1143,1,41,168.0,66.0,22.0,101.0,40.5,126.0
1144,1,21,174.0,73.0,3.0,93.0,38.2,13.0
1145,0,34,194.0,91.0,21.0,98.0,40.3,109.0
1146,0,76,188.0,90.0,30.0,109.0,40.9,266.0
1147,1,29,160.0,54.0,8.0,101.0,39.7,46.0
1148,0,67,186.0,91.0,20.0,92.0,40.6,118.0
1149,1,62,167.0,67.0,6.0,87.0,39.6,28.0
1150,1,51,141.0,48.0,12.0,87.0,39.9,56.0
1151,0,21,219.0,126.0,15.0,97.0,40.4,78.0
1152,1,32,179.0,76.0,29.0,101.0,41.0,158.0
1153,0,22,197.0,99.0,18.0,91.0,40.5,68.0
1154,0,42,176.0,79.0,11.0,99.0,40.1,60.0
1155,1,34,167.0,64.0,11.0,90.0,39.9,49.0
1156,0,64,196.0,95.0,26.0,103.0,40.3,195.0
1157,1,28,165.0,65.0,10.0,91.0,39.7,45.0
1158,0,32,199.0,94.0,3.0,84.0,38.5,9.0
1159,1,25,174.0,67.0,11.0,94.0,39.8,52.0
1160,1,21,160.0,56.0,9.0,86.0,39.9,35.0
1161,0,24,196.0,94.0,23.0,102.0,40.7,124.0
1162,1,24,165.0,70.0,28.0,118.0,40.8,202.0
1163,1,54,159.0,60.0,19.0,104.0,40.6,121.0
1164,1,58,170.0,68.0,25.0,111.0,40.9,177.0
1165,1,21,181.0,74.0,18.0,104.0,40.5,101.0
1166,0,75,178.0,76.0,29.0,120.0,40.8,295.0
1167,0,38,181.0,80.0,18.0,98.0,40.2,93.0
1168,0,22,170.0,68.0,21.0,103.0,40.4,103.0
1169,0,23,170.0,74.0,16.0,104.0,40.1,84.0
1170,0,71,181.0,84.0,15.0,99.0,39.9,105.0
1171,1,60,163.0,59.0,28.0,102.0,40.4,176.0
1172,0,62,185.0,84.0,12.0,93.0,39.9,68.0
1173,1,64,166.0,69.0,15.0,98.0,40.6,87.0
1174,1,76,170.0,71.0,28.0,116.0,40.4,221.0
1175,1,32,162.0,56.0,10.0,93.0,39.5,49.0
1176,0,65,179.0,89.0,7.0,88.0,39.4,36.0
1177,1,77,165.0,65.0,12.0,93.0,40.4,66.0
1178,0,78,184.0,87.0,11.0,94.0,39.6,73.0
1179,1,27,180.0,80.0,28.0,112.0,40.8,181.0
1180,0,36,179.0,77.0,23.0,110.0,40.7,157.0
1181,0,63,187.0,96.0,3.0,74.0,38.8,9.0
1182,0,54,189.0,89.0,15.0,99.0,40.2,94.0
1183,1,46,174.0,72.0,11.0,92.0,39.7,53.0
1184,1,27,186.0,82.0,29.0,109.0,40.7,178.0
1185,0,36,193.0,89.0,9.0,78.0,39.9,20.0
1186,0,23,185.0,88.0,5.0,90.0,39.5,17.0
1187,0,36,175.0,82.0,22.0,108.0,40.5,146.0
1188,0,24,190.0,92.0,14.0,92.0,39.9,54.0
1189,0,33,183.0,85.0,18.0,99.0,40.5,93.0
1190,1,78,171.0,74.0,16.0,95.0,40.4,90.0
1191,0,28,197.0,96.0,4.0,87.0,38.6,13.0
1192,1,30,171.0,67.0,4.0,82.0,38.8,14.0
1193,0,54,194.0,95.0,24.0,96.0,40.7,143.0
1194,1,21,161.0,57.0,23.0,95.0,40.8,112.0
1195,1,61,159.0,62.0,4.0,85.0,38.5,18.0
1196,0,27,167.0,67.0,14.0,91.0,40.1,46.0
1197,1,37,167.0,70.0,29.0,113.0,40.7,200.0
1198,1,74,164.0,66.0,24.0,107.0,40.6,167.0
1199,0,39,162.0,72.0,28.0,108.0,40.7,183.0
1200,1,69,169.0,67.0,29.0,111.0,40.7,211.0
1201,0,44,186.0,96.0,15.0,88.0,40.2,64.0
1202,0,60,182.0,79.0,8.0,82.0,39.6,30.0
1203,1,20,158.0,56.0,21.0,105.0,40.1,125.0
1204,1,44,151.0,56.0,10.0,91.0,39.8,49.0
1205,0,33,181.0,82.0,26.0,105.0,40.5,157.0
1206,0,54,176.0,72.0,22.0,112.0,40.7,173.0
1207,1,68,169.0,70.0,28.0,101.0,41.3,173.0
1208,0,77,174.0,77.0,22.0,108.0,40.9,187.0
1209,0,65,169.0,77.0,2.0,76.0,38.4,6.0
1210,1,26,149.0,50.0,17.0,95.0,40.2,86.0
1211,0,37,185.0,87.0,13.0,101.0,39.7,74.0
1212,1,26,173.0,68.0,27.0,107.0,41.0,164.0
1213,0,39,179.0,79.0,18.0,97.0,40.0,91.0
1214,0,31,183.0,92.0,18.0,89.0,40.3,67.0
1215,0,29,173.0,82.0,28.0,115.0,40.9,206.0
1216,0,78,176.0,82.0,3.0,86.0,37.9,16.0
1217,1,30,184.0,77.0,7.0,91.0,39.4,30.0
1218,1,59,179.0,77.0,13.0,97.0,39.8,71.0
1219,1,35,170.0,70.0,21.0,94.0,40.8,101.0
1220,1,28,178.0,74.0,18.0,100.0,40.5,95.0
1221,0,61,182.0,93.0,14.0,82.0,40.2,58.0
1222,0,50,201.0,103.0,7.0,95.0,39.4,41.0
1223,1,53,182.0,78.0,6.0,91.0,39.2,28.0
1224,1,40,165.0,64.0,8.0,87.0,39.9,34.0
1225,0,22,194.0,92.0,19.0,97.0,40.5,86.0
1226,0,71,181.0,91.0,6.0,94.0,39.1,38.0
1227,1,41,151.0,51.0,17.0,103.0,40.6,105.0
1228,0,48,192.0,92.0,23.0,96.0,40.4,129.0
1229,1,26,174.0,72.0,7.0,90.0,39.9,30.0
1230,1,26,165.0,63.0,12.0,82.0,39.6,42.0
1231,1,31,166.0,63.0,19.0,99.0,40.5,102.0
1232,1,34,179.0,68.0,19.0,102.0,40.6,108.0
1233,0,60,187.0,92.0,3.0,81.0,38.8,12.0
1234,0,58,187.0,87.0,1.0,80.0,37.7,4.0
1235,0,63,190.0,91.0,5.0,86.0,39.1,24.0
1236,1,71,176.0,72.0,11.0,92.0,39.4,57.0
1237,1,37,144.0,47.0,17.0,96.0,40.0,92.0
1238,1,56,174.0,72.0,25.0,108.0,40.5,167.0
1239,0,66,192.0,86.0,1.0,83.0,37.7,4.0
1240,1,63,178.0,76.0,15.0,98.0,39.9,85.0
1241,0,24,186.0,84.0,10.0,90.0,39.7,34.0
1242,0,53,182.0,78.0,12.0,91.0,40.0,58.0
1243,0,54,183.0,91.0,18.0,109.0,40.6,141.0
1244,1,20,171.0,69.0,25.0,109.0,41.0,155.0
1245,1,49,173.0,75.0,3.0,81.0,38.5,11.0
1246,1,26,176.0,76.0,19.0,97.0,40.4,93.0
1247,0,76,195.0,93.0,23.0,96.0,40.5,161.0
1248,1,52,169.0,66.0,6.0,95.0,39.4,32.0
1249,0,32,197.0,97.0,27.0,111.0,40.9,195.0
1250,0,20,184.0,85.0,13.0,97.0,40.1,55.0
1251,1,56,171.0,66.0,20.0,103.0,40.0,124.0
1252,1,26,163.0,66.0,10.0,96.0,39.8,49.0
1253,0,48,180.0,86.0,8.0,92.0,39.3,39.0
1254,0,33,186.0,84.0,14.0,94.0,40.1,62.0
1255,1,41,147.0,53.0,23.0,100.0,40.3,134.0
1256,1,32,157.0,50.0,28.0,104.0,40.6,171.0
1257,0,25,171.0,75.0,28.0,102.0,40.8,141.0
1258,0,21,198.0,99.0,27.0,98.0,41.0,128.0
1259,0,25,187.0,86.0,28.0,106.0,40.8,165.0
1260,1,22,163.0,59.0,16.0,104.0,40.1,93.0
1261,0,22,176.0,72.0,26.0,104.0,41.0,133.0
1262,1,59,182.0,84.0,16.0,94.0,40.0,81.0
1263,0,27,158.0,65.0,9.0,87.0,39.4,24.0
1264,1,34,148.0,53.0,16.0,94.0,40.4,81.0
1265,0,30,197.0,97.0,25.0,108.0,40.7,166.0
1266,1,44,169.0,64.0,15.0,94.0,40.4,76.0
1267,0,78,180.0,90.0,8.0,87.0,39.6,45.0
1268,1,55,169.0,69.0,2.0,80.0,37.8,7.0
1269,0,23,182.0,87.0,3.0,83.0,38.6,7.0
1270,0,48,183.0,81.0,14.0,99.0,40.2,82.0
1271,0,50,172.0,74.0,21.0,101.0,40.5,127.0
1272,0,42,185.0,87.0,30.0,110.0,40.7,220.0
1273,0,49,193.0,100.0,22.0,99.0,40.5,138.0
1274,0,62,195.0,102.0,17.0,92.0,40.0,100.0
1275,1,53,157.0,56.0,21.0,98.0,40.2,121.0
1276,0,26,211.0,113.0,15.0,103.0,40.1,91.0
1277,1,51,171.0,69.0,23.0,105.0,40.4,145.0
1278,1,33,162.0,58.0,25.0,109.0,40.7,164.0
1279,1,43,173.0,69.0,22.0,102.0,40.6,128.0
1280,0,30,189.0,80.0,14.0,95.0,40.4,61.0
1281,0,22,202.0,100.0,2.0,81.0,38.0,5.0
1282,1,32,161.0,61.0,3.0,78.0,38.6,10.0
1283,1,44,181.0,79.0,25.0,100.0,40.8,138.0
1284,0,52,184.0,88.0,27.0,111.0,41.2,215.0
1285,0,60,201.0,102.0,11.0,88.0,39.9,57.0
1286,1,21,161.0,60.0,3.0,85.0,38.6,11.0
1287,0,75,189.0,95.0,30.0,107.0,40.6,259.0
1288,1,71,157.0,57.0,21.0,113.0,40.5,161.0
1289,0,79,197.0,97.0,5.0,91.0,39.3,32.0
1290,0,72,173.0,76.0,3.0,81.0,39.0,12.0
1291,0,44,191.0,90.0,12.0,93.0,40.0,59.0
1292,0,35,197.0,97.0,29.0,105.0,40.8,187.0
1293,1,44,171.0,70.0,17.0,105.0,40.4,105.0
1294,0,52,191.0,85.0,2.0,81.0,37.9,7.0
1295,0,27,195.0,94.0,20.0,98.0,40.5,99.0
1296,0,25,197.0,103.0,15.0,94.0,40.1,67.0
1297,0,41,201.0,108.0,6.0,92.0,39.7,30.0
1298,1,60,171.0,70.0,5.0,85.0,39.1,22.0
1299,1,65,165.0,65.0,14.0,94.0,39.9,76.0
1300,1,43,183.0,85.0,10.0,94.0,39.8,48.0
1301,1,61,181.0,75.0,15.0,94.0,40.2,78.0
1302,0,20,173.0,77.0,12.0,84.0,39.8,25.0
1303,0,45,181.0,86.0,10.0,92.0,39.9,47.0
1304,0,30,179.0,82.0,13.0,88.0,40.0,43.0
1305,1,23,161.0,60.0,22.0,111.0,40.7,145.0
1306,0,32,188.0,94.0,4.0,87.0,38.7,14.0
1307,1,41,160.0,62.0,4.0,83.0,39.0,15.0
1308,1,20,161.0,65.0,6.0,92.0,39.3,27.0
1309,1,72,145.0,49.0,25.0,109.0,40.6,184.0
1310,1,56,174.0,69.0,5.0,85.0,39.1,21.0
1311,1,35,172.0,71.0,11.0,85.0,39.9,42.0
1312,1,69,172.0,71.0,26.0,98.0,40.7,152.0
1313,0,41,184.0,86.0,21.0,103.0,40.8,130.0
1314,1,23,159.0,54.0,15.0,98.0,40.1,79.0
1315,1,39,169.0,65.0,18.0,91.0,40.3,84.0
1316,1,44,161.0,55.0,11.0,90.0,39.8,52.0
1317,0,28,189.0,89.0,29.0,107.0,40.8,181.0
1318,0,28,180.0,78.0,17.0,97.0,40.4,76.0
1319,0,52,199.0,94.0,15.0,99.0,39.9,94.0
1320,0,41,187.0,91.0,13.0,91.0,40.2,58.0
1321,0,39,190.0,88.0,16.0,96.0,40.3,81.0
1322,0,33,188.0,93.0,21.0,105.0,40.2,132.0
1323,1,36,166.0,65.0,17.0,100.0,40.8,94.0
1324,1,39,162.0,60.0,27.0,109.0,40.9,179.0
1325,0,74,170.0,76.0,29.0,109.0,41.0,246.0
1326,0,71,185.0,98.0,14.0,98.0,40.2,100.0
1327,1,41,176.0,75.0,18.0,101.0,40.5,101.0
1328,0,20,177.0,79.0,4.0,81.0,38.9,7.0
1329,0,61,183.0,86.0,1.0,81.0,38.3,4.0
1330,1,20,170.0,59.0,6.0,83.0,39.3,21.0
1331,1,31,171.0,70.0,17.0,90.0,40.5,74.0
1332,1,30,164.0,60.0,18.0,96.0,40.6,92.0
1333,1,57,157.0,60.0,27.0,110.0,40.7,191.0
1334,1,58,173.0,71.0,2.0,74.0,38.2,6.0
1335,0,37,176.0,83.0,3.0,88.0,38.6,11.0
1336,0,21,195.0,99.0,26.0,101.0,40.9,136.0
1337,1,60,161.0,59.0,7.0,82.0,39.5,29.0
1338,1,28,166.0,63.0,20.0,102.0,40.7,113.0
1339,1,53,160.0,60.0,16.0,97.0,40.3,90.0
1340,1,75,171.0,72.0,17.0,92.0,40.6,90.0
1341,0,21,178.0,83.0,7.0,91.0,39.3,24.0
1342,0,53,181.0,84.0,16.0,90.0,40.1,76.0
1343,1,22,161.0,62.0,29.0,99.0,40.8,152.0
1344,1,39,175.0,66.0,15.0,86.0,40.3,61.0
1345,1,61,144.0,47.0,4.0,79.0,38.7,16.0
1346,0,61,192.0,92.0,24.0,100.0,40.9,164.0
1347,0,78,197.0,103.0,9.0,89.0,39.7,56.0
1348,1,45,167.0,63.0,6.0,84.0,39.5,24.0
1349,1,68,156.0,55.0,12.0,94.0,40.0,67.0
1350,1,39,170.0,64.0,19.0,103.0,40.5,113.0
1351,0,79,200.0,99.0,13.0,88.0,39.9,79.0
1352,0,33,173.0,73.0,7.0,78.0,39.3,12.0
1353,0,23,181.0,77.0,15.0,88.0,40.0,43.0
1354,1,40,149.0,53.0,27.0,106.0,41.0,174.0
1355,1,40,166.0,61.0,26.0,101.0,40.8,151.0
1356,0,24,174.0,78.0,10.0,82.0,39.7,20.0
1357,0,27,186.0,86.0,12.0,102.0,40.2,64.0
1358,0,45,178.0,74.0,28.0,105.0,40.9,180.0
1359,0,21,193.0,92.0,20.0,108.0,40.5,122.0
1360,0,51,175.0,81.0,6.0,83.0,39.3,21.0
1361,1,30,141.0,52.0,24.0,110.0,40.7,161.0
1362,0,34,192.0,99.0,15.0,97.0,40.1,79.0
1363,1,49,158.0,62.0,10.0,93.0,39.9,51.0
1364,1,36,176.0,74.0,27.0,102.0,40.8,152.0
1365,1,64,153.0,57.0,26.0,111.0,40.8,191.0
1366,1,25,167.0,62.0,29.0,97.0,40.8,147.0
1367,1,35,154.0,57.0,19.0,94.0,40.6,95.0
1368,0,45,175.0,73.0,26.0,104.0,40.8,163.0
1369,1,40,169.0,69.0,23.0,110.0,40.7,153.0
1370,1,21,160.0,57.0,3.0,91.0,38.7,13.0
1371,0,54,195.0,100.0,9.0,82.0,39.6,36.0
1372,1,45,160.0,55.0,2.0,83.0,38.2,8.0
1373,0,47,191.0,88.0,5.0,84.0,39.4,18.0
1374,0,59,182.0,84.0,11.0,97.0,39.9,67.0
1375,1,54,171.0,68.0,6.0,82.0,39.2,23.0
1376,1,48,157.0,52.0,12.0,85.0,40.0,52.0
1377,0,27,191.0,90.0,18.0,107.0,40.6,112.0
1378,0,31,183.0,83.0,26.0,106.0,40.7,159.0
1379,1,36,162.0,57.0,7.0,80.0,39.9,25.0
1380,0,21,165.0,65.0,9.0,89.0,39.6,24.0
1381,1,23,156.0,55.0,3.0,84.0,38.2,11.0
1382,0,29,178.0,83.0,28.0,104.0,40.8,160.0
1383,0,38,201.0,102.0,18.0,104.0,40.2,118.0
1384,1,39,160.0,66.0,5.0,80.0,39.0,17.0
1385,0,36,179.0,83.0,23.0,109.0,40.5,156.0
1386,1,23,148.0,52.0,25.0,108.0,41.1,159.0
1387,0,48,173.0,79.0,21.0,96.0,40.7,112.0
1388,1,27,160.0,60.0,12.0,92.0,39.9,55.0
1389,1,79,163.0,61.0,7.0,93.0,39.7,39.0
1390,1,62,164.0,57.0,19.0,100.0,40.5,116.0
1391,0,28,177.0,86.0,26.0,113.0,40.9,184.0
1392,1,22,140.0,45.0,7.0,86.0,39.1,29.0
1393,1,47,162.0,55.0,21.0,93.0,40.5,108.0
1394,1,58,159.0,62.0,7.0,79.0,39.8,26.0
1395,0,66,178.0,84.0,24.0,109.0,40.5,198.0
1396,0,24,180.0,81.0,18.0,93.0,40.4,68.0
1397,0,24,187.0,90.0,19.0,95.0,40.7,81.0
1398,1,24,155.0,50.0,16.0,98.0,40.2,85.0
1399,1,23,158.0,55.0,16.0,111.0,40.6,106.0
1400,1,21,165.0,65.0,24.0,106.0,40.7,142.0
1401,1,78,168.0,70.0,26.0,111.0,40.5,193.0
1402,1,55,174.0,74.0,5.0,85.0,39.1,21.0
1403,0,78,201.0,102.0,8.0,91.0,39.7,52.0
1404,1,34,164.0,69.0,8.0,85.0,39.1,31.0
1405,0,49,202.0,102.0,20.0,103.0,40.4,139.0
1406,1,44,174.0,72.0,19.0,102.0,40.3,111.0
1407,1,67,151.0,55.0,23.0,97.0,40.8,136.0
1408,0,31,203.0,110.0,7.0,84.0,39.4,24.0
1409,0,20,174.0,74.0,28.0,109.0,40.9,163.0
1410,0,50,197.0,101.0,16.0,99.0,40.3,102.0
1411,1,25,167.0,61.0,17.0,105.0,40.2,101.0
1412,1,38,153.0,53.0,6.0,87.0,39.5,26.0
1413,0,43,214.0,124.0,17.0,103.0,40.7,121.0
1414,0,61,198.0,108.0,9.0,92.0,40.1,54.0
1415,0,35,193.0,98.0,10.0,85.0,39.7,35.0
1416,0,35,169.0,68.0,7.0,86.0,38.9,21.0
1417,1,76,185.0,85.0,12.0,90.0,40.3,59.0
1418,0,71,180.0,79.0,7.0,93.0,39.2,42.0
1419,0,42,159.0,69.0,5.0,88.0,39.2,18.0
1420,1,59,169.0,65.0,25.0,112.0,40.6,181.0
1421,0,53,172.0,73.0,3.0,81.0,38.7,10.0
1422,1,79,152.0,60.0,29.0,107.0,40.8,207.0
1423,1,43,161.0,61.0,5.0,88.0,39.0,22.0
1424,0,71,184.0,92.0,7.0,87.0,39.5,38.0
1425,1,64,151.0,56.0,20.0,97.0,40.4,117.0
1426,0,46,172.0,75.0,18.0,94.0,40.3,87.0
1427,1,36,162.0,61.0,29.0,112.0,40.5,200.0
1428,1,37,179.0,75.0,4.0,89.0,38.8,17.0
1429,1,22,179.0,70.0,4.0,81.0,38.8,13.0
1430,0,39,182.0,87.0,11.0,85.0,39.9,37.0
1431,0,35,182.0,83.0,6.0,92.0,39.4,25.0
1432,0,27,204.0,109.0,17.0,91.0,40.3,72.0
1433,0,64,162.0,67.0,20.0,104.0,40.2,141.0
1434,0,21,175.0,74.0,28.0,107.0,41.0,156.0
1435,1,71,164.0,60.0,18.0,97.0,40.5,107.0
1436,0,27,178.0,80.0,15.0,96.0,40.2,65.0
1437,0,23,192.0,91.0,27.0,108.0,40.8,167.0
1438,1,51,152.0,56.0,4.0,86.0,38.5,18.0
1439,1,54,167.0,65.0,1.0,80.0,37.6,4.0
1440,1,32,161.0,57.0,4.0,91.0,39.0,19.0
1441,1,60,177.0,81.0,8.0,85.0,39.7,33.0
1442,1,67,157.0,54.0,5.0,81.0,39.2,21.0
1443,1,21,179.0,74.0,26.0,106.0,40.8,151.0
1444,1,21,169.0,64.0,9.0,86.0,39.6,34.0
1445,0,24,176.0,82.0,20.0,107.0,40.2,118.0
1446,0,38,179.0,79.0,6.0,91.0,39.3,25.0
1447,1,31,160.0,62.0,13.0,92.0,40.1,61.0
1448,0,43,190.0,92.0,15.0,97.0,40.3,83.0
1449,1,56,183.0,80.0,20.0,102.0,40.8,118.0
1450,0,51,184.0,92.0,3.0,80.0,38.5,10.0
1451,0,34,184.0,83.0,28.0,115.0,40.7,213.0
1452,1,60,157.0,61.0,12.0,93.0,40.1,63.0
1453,0,48,199.0,101.0,11.0,95.0,40.0,62.0
1454,1,28,175.0,70.0,11.0,97.0,39.9,55.0
1455,1,64,167.0,64.0,17.0,101.0,40.1,105.0
1456,1,37,147.0,54.0,13.0,105.0,40.2,81.0
1457,1,21,168.0,65.0,28.0,112.0,41.0,184.0
1458,0,23,183.0,82.0,20.0,105.0,40.7,111.0
1459,1,52,160.0,57.0,25.0,105.0,40.7,162.0
1460,1,24,170.0,66.0,9.0,89.0,39.8,37.0
1461,0,25,182.0,77.0,20.0,102.0,40.2,102.0
1462,0,37,172.0,72.0,14.0,97.0,40.3,67.0
1463,0,28,169.0,69.0,22.0,111.0,40.8,141.0
1464,1,25,167.0,65.0,6.0,89.0,39.2,25.0
1465,1,46,181.0,75.0,11.0,88.0,39.7,47.0
1466,1,36,170.0,65.0,9.0,94.0,39.5,44.0
1467,0,38,169.0,78.0,6.0,97.0,39.5,30.0
1468,0,34,177.0,75.0,23.0,101.0,40.8,122.0
1469,0,26,163.0,69.0,16.0,105.0,40.4,87.0
1470,1,20,168.0,67.0,5.0,82.0,39.4,17.0
1471,1,43,143.0,50.0,5.0,80.0,39.1,19.0
1472,1,21,173.0,66.0,7.0,88.0,39.2,28.0
1473,0,61,191.0,96.0,26.0,107.0,41.2,207.0
1474,1,64,162.0,70.0,13.0,95.0,40.4,71.0
1475,0,72,181.0,88.0,27.0,111.0,40.9,241.0
1476,0,57,182.0,84.0,11.0,98.0,39.9,68.0
1477,0,40,178.0,75.0,2.0,81.0,38.1,5.0
1478,0,45,192.0,97.0,21.0,103.0,40.7,139.0
1479,0,46,176.0,83.0,16.0,98.0,39.9,90.0
1480,0,47,182.0,92.0,27.0,106.0,41.0,191.0
1481,1,25,161.0,63.0,22.0,101.0,40.6,121.0
1482,1,29,160.0,58.0,6.0,80.0,39.5,20.0
1483,0,48,183.0,81.0,21.0,94.0,40.6,106.0
1484,1,60,172.0,65.0,28.0,103.0,40.6,176.0
1485,1,33,174.0,72.0,20.0,98.0,40.6,104.0
1486,1,39,165.0,59.0,28.0,114.0,40.9,201.0
1487,1,56,158.0,58.0,24.0,104.0,40.2,154.0
1488,0,20,166.0,68.0,8.0,83.0,39.9,14.0
1489,0,27,192.0,90.0,11.0,95.0,39.9,48.0
1490,0,33,186.0,82.0,5.0,86.0,38.9,16.0
1491,1,23,174.0,69.0,2.0,83.0,38.0,7.0
1492,0,49,179.0,86.0,18.0,100.0,40.6,110.0
1493,0,53,175.0,81.0,5.0,89.0,39.2,23.0
1494,1,26,167.0,67.0,7.0,84.0,39.6,25.0
1495,0,71,174.0,79.0,19.0,98.0,40.4,128.0
1496,0,32,197.0,104.0,8.0,89.0,40.0,32.0
1497,0,48,210.0,114.0,20.0,102.0,40.4,140.0
1498,1,40,166.0,63.0,15.0,109.0,40.2,99.0
1499,1,20,172.0,71.0,5.0,73.0,39.1,12.0
1500,1,27,181.0,75.0,10.0,89.0,39.6,41.0
1501,1,25,162.0,59.0,3.0,90.0,38.6,13.0
1502,0,61,179.0,80.0,11.0,89.0,40.2,54.0
1503,1,24,169.0,65.0,13.0,93.0,39.9,60.0
1504,0,43,183.0,82.0,21.0,98.0,40.7,115.0
1505,1,28,166.0,63.0,22.0,114.0,40.0,153.0
1506,0,32,196.0,96.0,27.0,105.0,40.7,170.0
1507,0,60,184.0,93.0,9.0,91.0,39.7,49.0
1508,0,40,212.0,118.0,27.0,111.0,40.7,217.0
1509,1,22,171.0,63.0,14.0,101.0,40.3,76.0
1510,1,70,171.0,71.0,12.0,91.0,39.9,61.0
1511,1,66,158.0,53.0,19.0,103.0,40.6,125.0
1512,0,21,186.0,80.0,18.0,90.0,40.3,57.0
1513,0,21,205.0,103.0,21.0,109.0,40.4,137.0
1514,1,20,155.0,51.0,11.0,86.0,39.9,44.0
1515,1,40,152.0,49.0,11.0,87.0,39.8,49.0
1516,1,54,163.0,66.0,10.0,90.0,39.6,48.0
1517,0,21,171.0,70.0,17.0,96.0,40.4,65.0
1518,0,58,194.0,90.0,16.0,97.0,40.3,99.0
1519,0,72,193.0,93.0,2.0,88.0,38.0,11.0
1520,0,20,167.0,66.0,10.0,91.0,40.3,29.0
1521,0,32,205.0,111.0,16.0,102.0,40.2,98.0
1522,1,45,177.0,74.0,8.0,84.0,39.7,31.0
1523,0,37,173.0,80.0,9.0,97.0,39.3,45.0
1524,0,53,194.0,93.0,27.0,104.0,40.5,191.0
1525,1,28,184.0,76.0,6.0,91.0,39.3,26.0
1526,0,53,201.0,98.0,16.0,94.0,40.2,91.0
1527,1,53,170.0,71.0,18.0,101.0,40.3,106.0
1528,1,27,168.0,64.0,27.0,110.0,40.8,175.0
1529,1,79,163.0,68.0,23.0,103.0,40.6,152.0
1530,0,37,196.0,98.0,6.0,87.0,39.3,23.0
1531,0,50,187.0,90.0,16.0,99.0,40.1,98.0
1532,1,44,146.0,52.0,25.0,101.0,40.7,150.0
1533,1,46,158.0,59.0,6.0,88.0,39.2,27.0
1534,0,36,178.0,76.0,28.0,101.0,40.7,152.0
1535,1,25,156.0,49.0,21.0,98.0,40.3,113.0
1536,0,50,181.0,84.0,5.0,92.0,39.0,25.0
1537,0,56,185.0,86.0,22.0,104.0,40.3,156.0
1538,1,39,172.0,72.0,1.0,82.0,37.7,4.0
1539,0,21,189.0,94.0,25.0,111.0,40.6,165.0
1540,1,20,158.0,57.0,25.0,108.0,40.7,156.0
1541,0,39,188.0,91.0,13.0,101.0,39.8,77.0
1542,0,26,193.0,89.0,29.0,111.0,40.9,196.0
1543,1,77,149.0,58.0,14.0,87.0,40.2,70.0
1544,1,31,153.0,54.0,21.0,101.0,40.8,120.0
1545,1,67,161.0,64.0,10.0,90.0,39.6,51.0
1546,0,31,176.0,80.0,11.0,81.0,39.7,25.0
1547,1,42,177.0,68.0,13.0,90.0,40.0,59.0
1548,1,30,166.0,64.0,7.0,86.0,39.3,28.0
1549,1,62,163.0,67.0,28.0,105.0,40.8,183.0
1550,1,42,182.0,84.0,6.0,86.0,39.3,23.0
1551,0,30,193.0,89.0,21.0,100.0,40.7,111.0
1552,0,25,182.0,85.0,25.0,101.0,40.9,128.0
1553,0,41,187.0,88.0,29.0,110.0,40.7,212.0
1554,0,24,180.0,84.0,8.0,97.0,39.6,35.0
1555,1,28,160.0,56.0,28.0,107.0,40.4,176.0
1556,0,47,170.0,70.0,24.0,109.0,40.6,169.0
1557,1,78,172.0,72.0,1.0,72.0,38.0,3.0
1558,0,51,181.0,91.0,29.0,110.0,40.9,227.0
1559,0,22,195.0,89.0,15.0,93.0,40.2,58.0
1560,0,33,184.0,81.0,13.0,91.0,40.0,51.0
1561,0,48,174.0,75.0,16.0,99.0,40.7,91.0
1562,0,67,184.0,86.0,2.0,81.0,38.2,8.0
1563,0,27,187.0,85.0,16.0,101.0,40.1,83.0
1564,1,59,169.0,69.0,3.0,90.0,39.0,15.0
1565,1,22,159.0,58.0,6.0,85.0,39.0,23.0
1566,0,20,192.0,90.0,20.0,106.0,40.4,114.0
1567,1,22,159.0,57.0,21.0,105.0,40.5,125.0
1568,1,34,165.0,60.0,5.0,91.0,39.3,23.0
1569,1,68,166.0,65.0,18.0,93.0,40.6,97.0
1570,1,29,181.0,71.0,5.0,81.0,39.0,17.0
1571,0,22,184.0,82.0,14.0,87.0,39.9,39.0
1572,0,28,180.0,79.0,28.0,103.0,40.7,152.0
1573,1,48,182.0,78.0,6.0,79.0,39.3,20.0
1574,0,78,190.0,100.0,2.0,91.0,38.6,13.0
1575,0,36,174.0,78.0,8.0,85.0,39.6,25.0
1576,0,31,201.0,97.0,19.0,101.0,40.4,107.0
1577,1,46,168.0,66.0,4.0,78.0,39.1,13.0
1578,0,30,175.0,74.0,20.0,97.0,40.5,90.0
1579,0,23,190.0,85.0,17.0,98.0,40.2,77.0
1580,1,30,162.0,63.0,28.0,105.0,40.9,168.0
1581,1,27,171.0,65.0,4.0,85.0,38.6,15.0
1582,0,32,173.0,75.0,20.0,88.0,40.0,65.0
1583,0,20,193.0,101.0,13.0,98.0,39.9,62.0
1584,0,30,168.0,74.0,23.0,100.0,41.0,114.0
1585,0,26,191.0,93.0,12.0,93.0,40.0,49.0
1586,1,25,172.0,67.0,23.0,103.0,40.6,130.0
1587,0,76,193.0,98.0,16.0,95.0,40.2,111.0
1588,1,40,162.0,63.0,29.0,116.0,40.9,214.0
1589,0,69,198.0,101.0,23.0,109.0,40.6,202.0
1590,1,29,175.0,72.0,20.0,100.0,40.5,107.0
1591,0,27,171.0,72.0,16.0,89.0,40.2,50.0
1592,1,78,159.0,53.0,18.0,104.0,40.1,124.0
1593,0,26,183.0,85.0,22.0,107.0,40.4,133.0
1594,0,68,184.0,91.0,16.0,90.0,40.1,90.0
1595,1,47,165.0,67.0,17.0,96.0,40.4,90.0
1596,0,74,183.0,80.0,6.0,80.0,39.5,25.0
1597,0,75,173.0,79.0,5.0,87.0,38.9,26.0
1598,0,45,184.0,91.0,16.0,91.0,40.2,75.0
1599,0,48,193.0,96.0,5.0,88.0,39.1,22.0
1600,1,42,160.0,58.0,17.0,91.0,40.5,82.0
1601,1,60,193.0,84.0,14.0,93.0,40.1,70.0
1602,1,32,160.0,61.0,27.0,114.0,40.6,190.0
1603,0,33,210.0,117.0,25.0,112.0,40.7,196.0
1604,1,45,176.0,76.0,8.0,87.0,39.9,33.0
1605,0,50,185.0,84.0,26.0,97.0,40.8,148.0
1606,0,40,176.0,77.0,28.0,107.0,40.9,184.0
1607,0,49,194.0,94.0,29.0,118.0,40.8,261.0
1608,1,36,174.0,73.0,2.0,70.0,38.3,4.0
1609,0,22,187.0,86.0,11.0,90.0,39.7,37.0
1610,0,20,175.0,71.0,16.0,96.0,40.4,61.0
1611,0,26,175.0,79.0,12.0,87.0,40.4,35.0
1612,1,39,174.0,71.0,2.0,88.0,38.3,8.0
1613,1,21,154.0,55.0,14.0,92.0,40.3,64.0
1614,0,53,187.0,89.0,10.0,98.0,39.7,61.0
1615,0,77,190.0,94.0,18.0,98.0,40.5,132.0
1616,0,54,181.0,89.0,16.0,95.0,40.1,91.0
1617,0,20,164.0,70.0,19.0,99.0,40.6,80.0
1618,0,31,191.0,93.0,14.0,94.0,40.1,63.0
1619,1,25,157.0,54.0,5.0,85.0,39.1,20.0
1620,0,73,186.0,87.0,16.0,95.0,40.4,105.0
1621,0,20,176.0,73.0,18.0,97.0,40.9,72.0
1622,1,72,162.0,65.0,19.0,93.0,40.5,103.0
1623,1,68,170.0,69.0,23.0,100.0,40.5,140.0
1624,1,33,160.0,53.0,7.0,84.0,39.3,28.0
1625,1,71,165.0,67.0,13.0,89.0,39.9,65.0
1626,0,43,170.0,73.0,28.0,106.0,40.9,181.0
1627,0,21,186.0,88.0,20.0,110.0,40.3,127.0
1628,0,20,201.0,100.0,20.0,97.0,40.5,92.0
1629,1,39,163.0,59.0,5.0,82.0,39.1,19.0
1630,1,35,159.0,59.0,6.0,82.0,39.2,22.0
1631,1,29,166.0,59.0,7.0,86.0,39.2,28.0
1632,1,55,170.0,62.0,23.0,102.0,40.5,141.0
1633,1,28,161.0,59.0,13.0,88.0,40.0,55.0
1634,0,30,199.0,99.0,16.0,90.0,40.0,64.0
1635,0,42,182.0,85.0,23.0,100.0,40.7,133.0
1636,0,34,182.0,80.0,29.0,120.0,40.7,240.0
1637,1,20,178.0,75.0,21.0,101.0,40.6,110.0
1638,1,32,173.0,63.0,2.0,84.0,38.3,8.0
1639,1,38,154.0,62.0,29.0,105.0,40.9,179.0
1640,0,25,179.0,78.0,17.0,101.0,40.3,84.0
1641,0,34,191.0,96.0,15.0,101.0,40.3,87.0
1642,0,25,179.0,77.0,24.0,108.0,40.8,144.0
1643,0,45,178.0,76.0,19.0,96.0,40.1,97.0
1644,1,70,172.0,68.0,29.0,109.0,40.7,205.0
1645,1,35,174.0,67.0,25.0,105.0,40.6,151.0
1646,0,44,192.0,101.0,23.0,106.0,40.5,164.0
1647,0,28,187.0,82.0,16.0,98.0,40.2,76.0
1648,1,42,164.0,62.0,24.0,105.0,40.4,150.0
1649,1,72,162.0,61.0,13.0,94.0,40.0,73.0
1650,1,37,180.0,76.0,19.0,86.0,40.5,75.0
1651,1,62,162.0,60.0,10.0,91.0,40.1,51.0
1652,1,61,161.0,57.0,18.0,97.0,40.1,104.0
1653,0,22,171.0,79.0,20.0,107.0,40.3,115.0
1654,1,45,170.0,70.0,4.0,87.0,39.1,17.0
1655,1,21,166.0,63.0,7.0,87.0,39.5,28.0
1656,1,34,190.0,91.0,12.0,89.0,40.2,48.0
1657,0,64,190.0,94.0,12.0,92.0,40.0,70.0
1658,0,20,178.0,80.0,27.0,112.0,40.9,173.0
1659,1,36,156.0,58.0,29.0,112.0,41.1,201.0
1660,1,29,175.0,72.0,5.0,75.0,39.1,13.0
1661,0,77,182.0,91.0,27.0,107.0,40.8,233.0
1662,0,60,208.0,105.0,26.0,110.0,40.6,223.0
1663,1,45,164.0,67.0,15.0,88.0,40.2,66.0
1664,1,48,166.0,61.0,8.0,83.0,39.5,32.0
1665,1,45,176.0,72.0,13.0,106.0,40.1,81.0
1666,1,64,167.0,69.0,12.0,95.0,40.3,66.0
1667,1,24,163.0,59.0,10.0,85.0,39.8,38.0
1668,1,49,145.0,49.0,19.0,91.0,40.6,96.0
1669,0,20,196.0,89.0,8.0,88.0,39.7,24.0
1670,1,26,180.0,81.0,28.0,105.0,40.7,159.0
1671,1,35,173.0,67.0,29.0,115.0,41.1,206.0
1672,0,23,196.0,96.0,28.0,98.0,40.9,134.0
1673,0,38,172.0,75.0,12.0,95.0,40.1,55.0
1674,0,58,183.0,83.0,3.0,85.0,38.4,13.0
1675,0,34,190.0,91.0,21.0,98.0,40.4,109.0
1676,0,39,185.0,84.0,13.0,95.0,40.0,63.0
1677,0,50,179.0,84.0,6.0,92.0,39.4,30.0
1678,1,45,183.0,72.0,7.0,89.0,39.7,31.0
1679,0,57,177.0,83.0,12.0,91.0,39.7,61.0
1680,1,28,155.0,54.0,11.0,87.0,40.2,46.0
1681,0,25,171.0,74.0,27.0,104.0,40.7,144.0
1682,1,78,167.0,67.0,3.0,84.0,38.3,14.0
1683,1,26,177.0,70.0,26.0,109.0,40.8,163.0
1684,0,41,175.0,85.0,25.0,100.0,40.7,143.0
1685,1,44,166.0,68.0,22.0,99.0,40.4,122.0
1686,1,79,191.0,87.0,18.0,98.0,40.1,104.0
1687,1,29,164.0,64.0,27.0,106.0,41.0,164.0
1688,1,29,157.0,57.0,22.0,99.0,40.9,120.0
1689,1,39,174.0,74.0,26.0,106.0,40.8,159.0
1690,1,28,164.0,68.0,20.0,103.0,40.3,114.0
1691,1,20,167.0,67.0,3.0,84.0,38.6,11.0
1692,0,23,188.0,92.0,6.0,89.0,39.2,20.0
1693,1,68,173.0,74.0,22.0,102.0,40.1,137.0
1694,0,78,189.0,90.0,28.0,104.0,41.1,230.0
1695,1,25,158.0,54.0,24.0,100.0,40.3,132.0
1696,0,61,180.0,89.0,25.0,110.0,40.8,207.0
1697,0,26,184.0,89.0,9.0,89.0,39.6,31.0
1698,1,36,158.0,60.0,11.0,91.0,39.7,51.0
1699,0,24,178.0,78.0,22.0,102.0,40.7,111.0
1700,0,65,163.0,66.0,1.0,91.0,37.3,5.0
1701,1,51,166.0,66.0,20.0,95.0,40.2,105.0
1702,0,22,184.0,79.0,19.0,100.0,40.5,89.0
1703,0,37,186.0,88.0,15.0,102.0,39.9,88.0
1704,1,24,162.0,59.0,27.0,109.0,41.0,173.0
1705,1,26,153.0,54.0,7.0,94.0,39.4,34.0
1706,0,30,162.0,68.0,4.0,80.0,38.8,7.0
1707,0,71,181.0,85.0,17.0,101.0,40.2,124.0
1708,1,51,176.0,71.0,14.0,95.0,40.4,73.0
1709,0,76,179.0,80.0,9.0,94.0,39.2,58.0
1710,0,26,182.0,78.0,28.0,105.0,40.7,157.0
1711,0,37,178.0,81.0,4.0,81.0,38.8,10.0
1712,1,49,175.0,73.0,24.0,99.0,40.7,134.0
1713,1,24,153.0,54.0,1.0,78.0,37.7,3.0
1714,0,62,185.0,92.0,11.0,87.0,39.8,54.0
1715,1,38,173.0,68.0,2.0,91.0,38.0,9.0
1716,1,69,164.0,65.0,23.0,113.0,40.4,173.0
1717,0,28,194.0,99.0,23.0,95.0,40.6,107.0
1718,0,21,188.0,87.0,24.0,98.0,40.9,108.0
1719,1,26,170.0,73.0,10.0,85.0,39.9,37.0
1720,1,39,169.0,67.0,27.0,104.0,41.1,162.0
1721,1,48,166.0,66.0,6.0,92.0,38.7,29.0
1722,0,70,185.0,83.0,1.0,74.0,38.1,3.0
1723,0,51,184.0,91.0,23.0,96.0,41.0,132.0
1724,0,49,181.0,88.0,22.0,100.0,40.8,136.0
1725,0,34,164.0,63.0,8.0,93.0,39.5,31.0
1726,1,44,177.0,71.0,24.0,104.0,40.5,145.0
1727,1,67,171.0,72.0,11.0,88.0,39.9,52.0
1728,1,47,167.0,67.0,25.0,101.0,40.6,146.0
1729,0,60,204.0,114.0,3.0,78.0,38.9,12.0
1730,1,39,155.0,54.0,29.0,114.0,41.0,210.0
1731,1,27,161.0,55.0,13.0,93.0,40.2,62.0
1732,1,78,167.0,69.0,5.0,93.0,39.2,27.0
1733,0,46,189.0,91.0,7.0,77.0,39.6,18.0
1734,0,33,206.0,101.0,17.0,89.0,40.4,68.0
1735,0,56,190.0,95.0,26.0,108.0,40.9,205.0
1736,0,30,183.0,81.0,10.0,88.0,40.1,33.0
1737,1,66,159.0,61.0,27.0,106.0,41.2,183.0
1738,1,55,154.0,56.0,18.0,97.0,40.6,103.0
1739,0,25,194.0,93.0,2.0,69.0,37.9,1.0
1740,0,30,209.0,117.0,20.0,91.0,40.7,91.0
1741,0,27,189.0,95.0,14.0,95.0,40.4,63.0
1742,1,36,161.0,63.0,13.0,92.0,40.3,61.0
1743,1,62,161.0,61.0,18.0,97.0,40.7,104.0
1744,1,25,169.0,64.0,14.0,101.0,40.2,77.0
1745,0,44,185.0,92.0,17.0,105.0,40.3,115.0
1746,0,30,186.0,87.0,9.0,96.0,39.5,42.0
1747,1,21,155.0,59.0,21.0,94.0,40.4,99.0
1748,1,45,171.0,72.0,3.0,85.0,38.4,12.0
1749,1,50,154.0,54.0,26.0,97.0,41.0,147.0
1750,0,59,177.0,87.0,26.0,114.0,40.8,227.0
1751,1,24,166.0,64.0,25.0,106.0,40.8,150.0
1752,0,21,187.0,83.0,19.0,101.0,40.5,92.0
1753,1,67,177.0,80.0,3.0,82.0,38.6,12.0
1754,0,70,175.0,83.0,27.0,106.0,40.6,216.0
1755,1,29,173.0,68.0,22.0,105.0,40.8,130.0
1756,1,35,165.0,66.0,13.0,98.0,40.1,69.0
1757,1,45,168.0,71.0,29.0,113.0,40.9,204.0
1758,1,30,158.0,57.0,29.0,117.0,40.7,214.0
1759,1,29,137.0,47.0,12.0,86.0,40.1,50.0
1760,0,67,180.0,88.0,13.0,96.0,40.0,84.0
1761,0,55,196.0,95.0,4.0,91.0,39.0,21.0
1762,0,26,188.0,93.0,29.0,116.0,40.8,220.0
1763,0,23,195.0,85.0,5.0,87.0,39.0,14.0
1764,1,39,159.0,59.0,18.0,100.0,40.1,102.0
1765,1,24,162.0,61.0,23.0,98.0,40.9,119.0
1766,1,25,168.0,62.0,4.0,76.0,39.0,11.0
1767,1,25,176.0,66.0,29.0,109.0,40.9,183.0
1768,1,32,148.0,49.0,15.0,93.0,40.1,74.0
1769,1,21,175.0,67.0,17.0,93.0,40.4,77.0
1770,1,29,160.0,59.0,27.0,112.0,40.9,184.0
1771,0,30,182.0,84.0,13.0,99.0,40.3,65.0
1772,0,20,183.0,80.0,26.0,112.0,40.8,167.0
1773,0,20,194.0,88.0,6.0,93.0,39.1,22.0
1774,0,22,176.0,78.0,12.0,91.0,40.1,40.0
1775,0,34,182.0,81.0,20.0,105.0,40.6,121.0
1776,0,26,190.0,95.0,29.0,109.0,40.7,191.0
1777,0,69,179.0,79.0,5.0,88.0,38.7,26.0
1778,1,20,160.0,53.0,20.0,97.0,40.5,102.0
1779,0,24,172.0,72.0,5.0,87.0,39.1,13.0
1780,1,66,176.0,74.0,27.0,116.0,40.8,207.0
1781,0,22,186.0,93.0,11.0,87.0,39.9,33.0
1782,1,56,158.0,54.0,8.0,90.0,39.3,40.0
1783,0,62,185.0,91.0,26.0,107.0,40.5,206.0
1784,0,32,194.0,98.0,3.0,86.0,38.6,10.0
1785,1,74,167.0,72.0,19.0,102.0,40.5,121.0
1786,1,37,178.0,72.0,29.0,102.0,41.2,165.0
1787,0,65,190.0,94.0,26.0,102.0,40.9,192.0
1788,0,66,164.0,75.0,27.0,114.0,40.7,238.0
1789,0,60,173.0,79.0,26.0,98.0,40.7,161.0
1790,0,25,184.0,77.0,10.0,83.0,39.7,22.0
1791,0,24,177.0,79.0,28.0,104.0,40.7,151.0
1792,1,44,172.0,68.0,25.0,106.0,40.8,157.0
1793,0,30,188.0,92.0,22.0,102.0,40.7,124.0
1794,1,25,157.0,57.0,23.0,107.0,40.8,143.0
1795,0,49,205.0,101.0,30.0,119.0,40.8,280.0
1796,1,74,172.0,74.0,13.0,96.0,40.1,74.0
1797,0,48,195.0,97.0,3.0,81.0,38.7,10.0
1798,1,40,163.0,62.0,27.0,111.0,41.2,185.0
1799,1,78,152.0,57.0,12.0,83.0,40.0,55.0
1800,0,30,194.0,94.0,13.0,93.0,40.2,56.0
1801,1,75,170.0,74.0,25.0,103.0,40.5,161.0
1802,0,34,190.0,93.0,9.0,85.0,39.6,30.0
1803,0,25,187.0,90.0,19.0,92.0,40.4,73.0
1804,1,52,154.0,56.0,25.0,103.0,40.9,157.0
1805,1,44,177.0,76.0,28.0,109.0,41.3,182.0
1806,0,36,198.0,101.0,8.0,89.0,39.8,33.0
1807,1,28,166.0,58.0,10.0,93.0,39.5,48.0
1808,0,22,161.0,67.0,28.0,110.0,40.7,166.0
1809,0,45,181.0,87.0,25.0,104.0,40.9,164.0
1810,0,45,191.0,94.0,12.0,96.0,39.8,66.0
1811,0,27,185.0,85.0,17.0,108.0,40.4,106.0
1812,1,75,152.0,51.0,3.0,89.0,38.3,16.0
1813,1,32,150.0,51.0,6.0,87.0,39.3,26.0
1814,0,62,175.0,79.0,12.0,96.0,39.9,72.0
1815,1,41,163.0,59.0,17.0,100.0,40.0,97.0
1816,1,21,182.0,81.0,6.0,84.0,39.4,20.0
1817,1,37,174.0,69.0,26.0,104.0,40.8,155.0
1818,0,35,201.0,108.0,10.0,95.0,39.5,52.0
1819,0,49,186.0,86.0,9.0,95.0,39.4,48.0
1820,1,21,157.0,51.0,12.0,91.0,39.9,54.0
1821,0,77,192.0,94.0,3.0,82.0,38.3,15.0
1822,0,54,190.0,90.0,15.0,91.0,40.0,77.0
1823,1,44,180.0,74.0,13.0,98.0,39.9,70.0
1824,0,47,187.0,89.0,17.0,97.0,39.9,96.0
1825,1,76,172.0,76.0,21.0,105.0,40.3,140.0
1826,1,77,179.0,74.0,29.0,106.0,40.9,197.0
1827,0,32,187.0,85.0,19.0,99.0,40.7,98.0
1828,1,20,156.0,54.0,1.0,84.0,37.7,4.0
1829,1,31,162.0,57.0,8.0,86.0,39.6,33.0
1830,0,48,177.0,82.0,30.0,99.0,40.5,175.0
1831,1,48,166.0,61.0,20.0,100.0,40.6,116.0
1832,0,60,176.0,82.0,3.0,83.0,38.4,12.0
1833,0,21,184.0,78.0,19.0,100.0,40.5,88.0
1834,0,27,163.0,62.0,9.0,93.0,39.8,31.0
1835,0,59,175.0,80.0,17.0,101.0,40.2,113.0
1836,1,43,151.0,52.0,18.0,103.0,40.6,111.0
1837,1,29,159.0,60.0,20.0,106.0,40.5,123.0
1838,1,42,163.0,60.0,3.0,83.0,38.5,12.0
1839,1,63,169.0,68.0,21.0,107.0,40.6,142.0
1840,0,31,203.0,111.0,27.0,110.0,41.1,197.0
1841,0,54,194.0,94.0,29.0,106.0,40.8,216.0
1842,0,30,203.0,99.0,3.0,87.0,38.5,11.0
1843,0,40,183.0,81.0,8.0,85.0,40.0,27.0
1844,0,22,176.0,78.0,11.0,91.0,39.7,36.0
1845,1,42,167.0,68.0,2.0,85.0,38.1,8.0
1846,0,38,173.0,80.0,4.0,86.0,38.9,13.0
1847,1,39,163.0,62.0,11.0,95.0,39.9,56.0
1848,0,70,200.0,101.0,14.0,92.0,39.9,88.0
1849,0,38,181.0,82.0,21.0,103.0,40.5,125.0
1850,1,35,164.0,58.0,7.0,94.0,39.7,35.0
1851,0,42,182.0,87.0,21.0,107.0,40.1,144.0
1852,1,44,153.0,56.0,8.0,91.0,39.5,39.0
1853,0,52,186.0,90.0,5.0,80.0,38.7,17.0
1854,0,54,188.0,87.0,2.0,80.0,38.1,7.0
1855,0,74,174.0,78.0,20.0,100.0,40.8,143.0
1856,0,31,196.0,92.0,28.0,105.0,40.8,172.0
1857,1,59,163.0,65.0,10.0,96.0,39.9,55.0
1858,1,27,177.0,76.0,1.0,85.0,37.1,4.0
1859,0,22,173.0,69.0,27.0,114.0,40.8,177.0
1860,1,46,171.0,70.0,9.0,92.0,39.7,43.0
1861,1,52,170.0,67.0,19.0,101.0,40.5,112.0
1862,0,48,176.0,77.0,2.0,85.0,38.3,7.0
1863,1,49,166.0,68.0,3.0,85.0,38.6,12.0
1864,0,42,193.0,97.0,5.0,80.0,39.0,15.0
1865,0,56,185.0,90.0,25.0,105.0,40.5,183.0
1866,0,31,171.0,75.0,27.0,125.0,40.7,237.0
1867,0,79,180.0,89.0,11.0,79.0,39.6,49.0
1868,1,41,161.0,62.0,8.0,90.0,39.5,37.0
1869,1,26,161.0,56.0,21.0,109.0,40.3,136.0
1870,0,63,170.0,78.0,13.0,93.0,40.3,72.0
1871,1,51,166.0,61.0,16.0,99.0,40.4,92.0
1872,1,59,166.0,61.0,27.0,105.0,40.5,177.0
1873,1,25,156.0,48.0,21.0,101.0,40.4,120.0
1874,1,40,152.0,49.0,23.0,106.0,40.5,149.0
1875,1,78,156.0,56.0,24.0,96.0,40.7,144.0
1876,1,23,161.0,56.0,7.0,85.0,39.7,27.0
1877,1,22,171.0,69.0,12.0,90.0,39.8,50.0
1878,1,56,171.0,69.0,25.0,107.0,40.7,165.0
1879,0,69,190.0,96.0,4.0,93.0,38.8,25.0
1880,0,34,180.0,83.0,26.0,93.0,40.5,111.0
1881,0,22,194.0,96.0,20.0,97.0,40.3,92.0
1882,0,31,168.0,73.0,22.0,101.0,41.1,113.0
1883,0,78,179.0,84.0,30.0,110.0,40.8,270.0
1884,1,73,158.0,57.0,29.0,103.0,40.9,193.0
1885,1,43,160.0,60.0,4.0,83.0,39.0,16.0
1886,1,74,151.0,54.0,13.0,97.0,39.9,79.0
1887,0,23,181.0,87.0,25.0,104.0,40.9,138.0
1888,1,73,163.0,68.0,1.0,80.0,38.0,4.0
1889,0,68,169.0,69.0,11.0,94.0,39.8,64.0
1890,1,23,169.0,67.0,13.0,86.0,39.8,49.0
1891,0,61,170.0,72.0,13.0,85.0,39.9,54.0
1892,1,46,154.0,57.0,11.0,97.0,40.2,61.0
1893,0,21,190.0,88.0,17.0,100.0,40.2,82.0
1894,1,65,166.0,70.0,14.0,98.0,39.8,81.0
1895,1,59,154.0,55.0,9.0,101.0,39.7,56.0
1896,0,48,185.0,82.0,8.0,85.0,39.3,30.0
1897,0,40,177.0,84.0,7.0,82.0,39.4,21.0
1898,1,21,154.0,53.0,26.0,103.0,40.9,150.0
1899,0,44,199.0,99.0,9.0,97.0,40.0,51.0
1900,1,40,145.0,53.0,18.0,96.0,40.3,97.0
1901,0,48,194.0,93.0,11.0,90.0,39.9,52.0
1902,1,59,166.0,68.0,14.0,89.0,40.3,66.0
1903,0,34,184.0,78.0,19.0,97.0,40.5,91.0
1904,0,45,193.0,93.0,6.0,90.0,39.7,27.0
1905,1,26,172.0,67.0,22.0,120.0,40.9,165.0
1906,1,38,169.0,66.0,20.0,104.0,40.2,120.0
1907,0,49,185.0,90.0,29.0,92.0,40.8,145.0
1908,0,23,182.0,83.0,17.0,96.0,40.2,72.0
1909,1,45,154.0,55.0,30.0,111.0,40.9,211.0
1910,0,57,197.0,93.0,2.0,82.0,38.4,8.0
1911,1,37,169.0,68.0,26.0,110.0,40.8,172.0
1912,1,30,178.0,74.0,14.0,90.0,40.4,60.0
1913,1,35,175.0,72.0,24.0,95.0,40.7,118.0
1914,1,66,151.0,57.0,21.0,100.0,40.7,130.0
1915,1,53,166.0,64.0,9.0,87.0,39.5,40.0
1916,0,27,184.0,84.0,11.0,91.0,39.7,40.0
1917,1,28,150.0,53.0,22.0,110.0,40.6,146.0
1918,1,43,174.0,74.0,1.0,77.0,37.7,3.0
1919,1,21,170.0,64.0,4.0,89.0,38.6,17.0
1920,0,53,193.0,94.0,23.0,101.0,40.8,153.0
1921,1,28,157.0,55.0,28.0,113.0,40.7,194.0
1922,1,55,191.0,84.0,9.0,89.0,39.3,40.0
1923,1,39,171.0,67.0,19.0,91.0,40.4,88.0
1924,1,23,146.0,42.0,22.0,98.0,40.2,119.0
1925,1,44,155.0,57.0,5.0,89.0,39.2,23.0
1926,1,53,170.0,67.0,19.0,95.0,40.0,101.0
1927,1,31,174.0,69.0,27.0,104.0,41.1,158.0
1928,0,58,201.0,106.0,26.0,110.0,40.8,221.0
1929,0,29,181.0,82.0,7.0,90.0,39.5,25.0
1930,0,50,182.0,86.0,17.0,101.0,40.3,108.0
1931,0,74,197.0,105.0,12.0,88.0,39.7,71.0
1932,1,31,151.0,52.0,23.0,104.0,40.5,140.0
1933,0,32,181.0,86.0,9.0,90.0,39.8,34.0
1934,0,54,183.0,83.0,14.0,101.0,40.2,90.0
1935,0,24,171.0,77.0,5.0,86.0,39.1,13.0
1936,1,72,146.0,51.0,18.0,93.0,40.2,101.0
1937,1,40,172.0,59.0,8.0,83.0,39.3,31.0
1938,1,22,170.0,65.0,20.0,95.0,40.5,95.0
1939,1,37,156.0,62.0,12.0,87.0,39.9,51.0
1940,0,25,188.0,93.0,23.0,98.0,40.4,111.0
1941,0,74,201.0,108.0,5.0,87.0,38.9,29.0
1942,0,21,182.0,85.0,18.0,104.0,40.5,97.0
1943,0,21,195.0,90.0,7.0,77.0,39.8,10.0
1944,0,73,191.0,98.0,27.0,106.0,40.8,228.0
1945,1,21,168.0,66.0,23.0,104.0,40.4,131.0
1946,0,23,172.0,74.0,22.0,102.0,40.1,108.0
1947,1,70,149.0,54.0,30.0,110.0,40.9,221.0
1948,0,42,186.0,84.0,18.0,91.0,40.1,79.0
1949,1,45,163.0,58.0,5.0,84.0,38.9,21.0
1950,1,26,132.0,36.0,5.0,91.0,39.2,24.0
1951,1,71,174.0,73.0,5.0,82.0,39.2,21.0
1952,1,40,164.0,62.0,17.0,98.0,40.2,93.0
1953,1,50,184.0,74.0,12.0,80.0,40.2,43.0
1954,0,45,189.0,88.0,23.0,102.0,40.6,144.0
1955,1,48,168.0,73.0,28.0,99.0,40.6,155.0
1956,1,56,159.0,61.0,20.0,101.0,40.8,121.0
1957,0,23,195.0,97.0,3.0,83.0,38.5,8.0
1958,0,48,181.0,80.0,27.0,105.0,40.6,181.0
1959,0,26,191.0,88.0,25.0,103.0,40.6,138.0
1960,0,26,162.0,66.0,16.0,88.0,40.1,44.0
1961,0,48,180.0,83.0,16.0,94.0,40.0,82.0
1962,1,65,167.0,68.0,17.0,101.0,40.3,104.0
1963,1,53,171.0,68.0,24.0,102.0,41.1,145.0
1964,1,34,153.0,52.0,2.0,79.0,38.3,7.0
1965,1,68,175.0,69.0,8.0,97.0,40.1,46.0
1966,0,55,183.0,85.0,20.0,94.0,40.3,110.0
1967,0,72,184.0,84.0,15.0,90.0,40.1,85.0
1968,0,36,181.0,83.0,8.0,81.0,39.4,21.0
1969,0,46,157.0,65.0,23.0,114.0,39.9,176.0
1970,1,35,140.0,47.0,26.0,101.0,40.6,153.0
1971,1,40,175.0,73.0,21.0,99.0,40.7,114.0
1972,1,53,178.0,71.0,18.0,95.0,40.5,94.0
1973,1,21,180.0,74.0,23.0,102.0,40.7,124.0
1974,0,77,206.0,106.0,10.0,95.0,40.0,72.0
1975,0,64,180.0,83.0,17.0,92.0,40.5,95.0
1976,1,26,172.0,66.0,15.0,90.0,39.9,64.0
1977,1,74,162.0,60.0,16.0,97.0,40.1,96.0
1978,1,20,163.0,66.0,23.0,100.0,40.9,121.0
1979,0,22,198.0,95.0,23.0,109.0,40.5,147.0
1980,1,40,162.0,60.0,21.0,109.0,40.6,140.0
1981,1,50,166.0,65.0,4.0,86.0,39.0,17.0
1982,0,62,178.0,85.0,8.0,84.0,39.2,35.0
1983,1,21,163.0,62.0,14.0,91.0,39.9,61.0
1984,0,34,181.0,80.0,16.0,82.0,40.0,41.0
1985,1,56,171.0,70.0,2.0,79.0,38.1,7.0
1986,1,26,162.0,59.0,11.0,82.0,39.9,39.0
1987,0,28,185.0,88.0,19.0,98.0,40.5,92.0
1988,1,43,146.0,51.0,9.0,94.0,39.2,47.0
1989,1,76,153.0,55.0,14.0,93.0,40.0,79.0
1990,1,45,147.0,48.0,3.0,80.0,38.3,11.0
1991,0,24,166.0,70.0,9.0,91.0,39.6,29.0
1992,0,25,167.0,72.0,5.0,91.0,39.3,17.0
1993,1,27,179.0,72.0,28.0,105.0,40.9,163.0
1994,1,68,164.0,63.0,12.0,94.0,39.9,66.0
1995,0,45,174.0,83.0,27.0,94.0,40.9,134.0
1996,0,36,191.0,93.0,16.0,97.0,40.0,83.0
1997,1,78,161.0,63.0,26.0,100.0,40.4,165.0
1998,1,20,181.0,76.0,9.0,91.0,40.0,37.0
1999,0,22,174.0,81.0,28.0,107.0,40.7,162.0
2000,0,51,185.0,86.0,3.0,82.0,38.8,11.0
2001,1,30,157.0,48.0,4.0,79.0,38.7,14.0
2002,1,63,153.0,55.0,16.0,104.0,40.1,106.0
2003,0,24,166.0,71.0,2.0,78.0,38.2,3.0
2004,1,46,170.0,73.0,20.0,105.0,40.7,123.0
2005,1,58,151.0,56.0,8.0,92.0,39.5,42.0
2006,1,50,159.0,57.0,28.0,107.0,41.4,187.0
2007,1,29,169.0,71.0,1.0,84.0,38.0,4.0
2008,1,23,166.0,59.0,2.0,82.0,38.1,7.0
2009,0,38,181.0,88.0,19.0,100.0,40.7,107.0
2010,1,27,166.0,65.0,10.0,88.0,39.7,41.0
2011,0,57,182.0,86.0,1.0,84.0,37.9,4.0
2012,0,58,190.0,87.0,23.0,98.0,40.9,145.0
2013,1,24,179.0,76.0,20.0,114.0,40.3,134.0
2014,1,32,157.0,60.0,21.0,97.0,40.5,110.0
2015,1,42,173.0,68.0,5.0,79.0,38.7,17.0
2016,0,54,175.0,81.0,6.0,83.0,39.3,22.0
2017,0,34,172.0,81.0,21.0,103.0,40.7,121.0
2018,0,53,189.0,88.0,12.0,93.0,40.1,64.0
2019,0,75,186.0,88.0,17.0,97.0,40.6,119.0
2020,1,30,174.0,67.0,24.0,102.0,40.5,135.0
2021,0,37,196.0,102.0,26.0,104.0,40.4,169.0
2022,0,77,183.0,85.0,16.0,92.0,39.7,100.0
2023,1,31,174.0,70.0,7.0,88.0,39.5,29.0
2024,1,26,171.0,65.0,11.0,101.0,40.0,60.0
2025,1,60,148.0,52.0,11.0,84.0,39.7,49.0
2026,1,30,184.0,80.0,16.0,98.0,40.2,80.0
2027,1,20,132.0,41.0,5.0,85.0,39.3,20.0
2028,1,50,172.0,72.0,30.0,102.0,41.0,178.0
2029,1,56,160.0,57.0,25.0,104.0,40.2,161.0
2030,1,40,135.0,42.0,14.0,94.0,40.2,74.0
2031,1,59,153.0,56.0,23.0,105.0,40.6,152.0
2032,1,24,151.0,49.0,11.0,96.0,39.8,57.0
2033,0,31,194.0,91.0,12.0,85.0,40.1,37.0
2034,0,73,163.0,70.0,24.0,102.0,41.1,174.0
2035,0,45,204.0,106.0,18.0,94.0,40.4,98.0
2036,1,38,169.0,66.0,5.0,96.0,39.2,26.0
2037,0,30,202.0,109.0,26.0,102.0,40.5,156.0
2038,1,77,184.0,81.0,27.0,105.0,40.8,178.0
2039,1,20,175.0,71.0,16.0,98.0,40.2,80.0
2040,1,22,161.0,55.0,22.0,103.0,40.8,127.0
2041,0,59,194.0,98.0,15.0,85.0,40.5,69.0
2042,1,41,166.0,62.0,14.0,94.0,40.3,71.0
2043,0,48,187.0,88.0,11.0,89.0,40.2,49.0
2044,0,37,189.0,88.0,5.0,88.0,38.9,19.0
2045,1,59,156.0,57.0,21.0,102.0,40.6,132.0
2046,0,76,157.0,64.0,8.0,88.0,39.5,41.0
2047,1,40,173.0,71.0,26.0,107.0,40.8,164.0
2048,1,55,158.0,56.0,18.0,105.0,40.2,118.0
2049,0,35,197.0,100.0,16.0,106.0,40.3,107.0
2050,0,29,177.0,74.0,8.0,89.0,39.5,26.0
2051,1,54,153.0,55.0,6.0,87.0,39.3,28.0
2052,1,71,177.0,75.0,14.0,93.0,40.2,74.0
2053,1,22,169.0,66.0,28.0,114.0,40.7,190.0
2054,0,26,184.0,86.0,9.0,89.0,39.6,30.0
2055,0,44,165.0,70.0,5.0,97.0,39.2,25.0
2056,1,23,173.0,72.0,28.0,110.0,40.9,176.0
2057,1,20,156.0,56.0,22.0,99.0,40.3,116.0
2058,1,50,174.0,68.0,11.0,95.0,40.1,58.0
2059,0,21,182.0,79.0,26.0,108.0,40.9,152.0
2060,0,63,194.0,103.0,25.0,94.0,40.8,157.0
2061,1,62,165.0,69.0,18.0,97.0,40.7,102.0
2062,1,54,169.0,65.0,11.0,88.0,39.8,51.0
2063,1,35,178.0,69.0,15.0,89.0,40.2,65.0
2064,1,65,176.0,72.0,21.0,104.0,40.4,134.0
2065,0,33,176.0,79.0,13.0,101.0,40.0,70.0
2066,0,32,196.0,99.0,1.0,79.0,37.5,2.0
2067,1,65,166.0,68.0,18.0,101.0,40.4,110.0
2068,1,39,141.0,50.0,27.0,96.0,40.5,145.0
2069,1,25,170.0,59.0,29.0,102.0,40.6,164.0
2070,1,61,150.0,56.0,19.0,93.0,40.3,102.0
2071,0,72,183.0,89.0,5.0,79.0,39.0,21.0
2072,0,34,179.0,85.0,12.0,93.0,39.9,52.0
2073,0,22,190.0,88.0,18.0,92.0,40.0,66.0
2074,0,34,170.0,72.0,10.0,91.0,40.0,37.0
2075,0,40,189.0,89.0,11.0,99.0,40.1,62.0
2076,0,56,173.0,72.0,20.0,98.0,40.5,117.0
2077,0,20,178.0,80.0,9.0,84.0,39.4,20.0
2078,0,63,181.0,86.0,4.0,86.0,39.1,19.0
2079,0,20,182.0,87.0,28.0,101.0,40.9,137.0
2080,1,73,183.0,84.0,2.0,82.0,38.3,8.0
2081,1,58,165.0,68.0,6.0,88.0,39.4,28.0
2082,1,51,168.0,66.0,6.0,82.0,39.7,23.0
2083,0,64,198.0,99.0,28.0,103.0,40.6,212.0
2084,1,44,172.0,61.0,5.0,82.0,38.9,19.0
2085,1,73,157.0,58.0,2.0,79.0,38.4,8.0
2086,0,45,202.0,106.0,16.0,95.0,40.4,90.0
2087,0,46,177.0,76.0,21.0,100.0,40.4,121.0
2088,0,47,190.0,88.0,26.0,109.0,40.6,193.0
2089,0,36,181.0,81.0,21.0,104.0,40.5,126.0
2090,1,40,157.0,60.0,7.0,89.0,39.9,32.0
2091,0,23,180.0,74.0,25.0,98.0,40.8,108.0
2092,1,40,169.0,74.0,10.0,90.0,39.9,44.0
2093,0,25,189.0,85.0,17.0,95.0,40.4,71.0
2094,0,53,195.0,96.0,28.0,106.0,40.7,208.0
2095,1,48,174.0,78.0,14.0,102.0,40.1,81.0
2096,1,21,170.0,68.0,27.0,109.0,40.9,168.0
2097,0,69,192.0,100.0,17.0,95.0,40.3,113.0
2098,1,28,164.0,60.0,19.0,103.0,40.3,110.0
2099,1,52,164.0,60.0,17.0,99.0,39.8,99.0
2100,0,75,160.0,66.0,19.0,92.0,40.7,109.0
2101,1,58,169.0,69.0,21.0,103.0,40.7,130.0
2102,1,68,151.0,59.0,14.0,91.0,40.4,73.0
2103,0,25,174.0,74.0,8.0,87.0,39.4,22.0
2104,1,69,170.0,71.0,11.0,91.0,40.2,56.0
2105,0,73,179.0,87.0,10.0,91.0,39.6,60.0
2106,0,72,186.0,94.0,9.0,88.0,39.9,50.0
2107,0,54,181.0,87.0,17.0,98.0,40.4,104.0
2108,1,79,158.0,62.0,13.0,85.0,40.0,62.0
2109,0,30,175.0,80.0,11.0,96.0,39.7,49.0
2110,0,52,185.0,84.0,6.0,80.0,39.2,19.0
2111,1,33,179.0,73.0,23.0,104.0,40.8,134.0
2112,0,30,182.0,86.0,25.0,94.0,41.0,108.0
2113,1,43,172.0,64.0,9.0,84.0,39.5,36.0
2114,0,62,187.0,94.0,5.0,84.0,39.5,23.0
2115,1,22,177.0,72.0,19.0,91.0,40.3,81.0
2116,1,25,168.0,65.0,21.0,107.0,40.3,128.0
2117,0,39,185.0,90.0,13.0,100.0,40.0,75.0
2118,1,20,163.0,56.0,25.0,107.0,40.6,154.0
2119,1,39,191.0,80.0,15.0,93.0,40.1,70.0
2120,1,36,175.0,67.0,23.0,103.0,40.7,135.0
2121,1,74,158.0,60.0,9.0,87.0,39.6,44.0
2122,0,26,175.0,74.0,29.0,107.0,41.1,169.0
2123,0,26,188.0,86.0,22.0,109.0,40.5,140.0
2124,0,40,196.0,97.0,12.0,92.0,39.7,57.0
2125,1,23,167.0,62.0,23.0,96.0,40.5,114.0
2126,0,33,196.0,96.0,29.0,113.0,40.6,219.0
2127,1,63,175.0,73.0,23.0,106.0,40.6,151.0
2128,1,60,164.0,63.0,15.0,91.0,40.0,76.0
2129,0,46,186.0,84.0,8.0,81.0,39.5,25.0
2130,1,42,162.0,58.0,19.0,95.0,40.7,99.0
2131,1,65,166.0,64.0,27.0,114.0,40.7,205.0
2132,0,26,178.0,80.0,28.0,105.0,40.6,158.0
2133,1,74,178.0,71.0,20.0,101.0,40.5,125.0
2134,1,42,175.0,74.0,17.0,98.0,40.2,91.0
2135,1,63,171.0,70.0,12.0,87.0,39.8,55.0
2136,0,30,174.0,76.0,8.0,81.0,39.9,17.0
2137,0,70,180.0,77.0,9.0,100.0,40.0,63.0
2138,0,27,184.0,92.0,2.0,85.0,37.9,6.0
2139,0,29,188.0,91.0,10.0,89.0,39.9,36.0
2140,1,41,158.0,54.0,19.0,99.0,40.3,108.0
2141,0,50,183.0,93.0,11.0,88.0,39.9,50.0
2142,0,30,177.0,80.0,25.0,117.0,40.7,191.0
2143,1,54,186.0,78.0,27.0,105.0,40.8,168.0
2144,1,52,154.0,60.0,21.0,102.0,40.4,129.0
2145,0,67,180.0,83.0,22.0,101.0,40.8,156.0
2146,1,39,159.0,61.0,17.0,92.0,40.1,82.0
2147,0,55,185.0,86.0,12.0,96.0,40.1,70.0
2148,1,44,175.0,72.0,8.0,94.0,39.8,40.0
2149,0,33,188.0,84.0,18.0,103.0,40.7,104.0
2150,1,46,184.0,79.0,17.0,97.0,40.1,89.0
2151,0,27,175.0,74.0,13.0,102.0,40.1,66.0
2152,0,35,191.0,90.0,24.0,108.0,40.3,162.0
2153,1,33,158.0,58.0,12.0,95.0,40.3,61.0
2154,0,33,174.0,81.0,12.0,96.0,39.9,56.0
2155,1,63,161.0,61.0,13.0,92.0,40.1,68.0
2156,1,42,164.0,57.0,16.0,93.0,40.3,80.0
2157,0,25,196.0,101.0,14.0,94.0,40.2,61.0
2158,0,37,195.0,93.0,19.0,91.0,40.5,83.0
2159,0,32,185.0,84.0,28.0,107.0,40.9,177.0
2160,1,59,163.0,59.0,21.0,101.0,40.3,129.0
2161,0,54,179.0,75.0,30.0,108.0,40.7,220.0
2162,0,21,178.0,76.0,30.0,113.0,40.9,196.0
2163,1,20,171.0,63.0,5.0,87.0,39.0,20.0
2164,1,35,153.0,52.0,10.0,87.0,39.6,43.0
2165,0,21,171.0,72.0,5.0,86.0,39.4,12.0
2166,0,24,173.0,71.0,23.0,103.0,40.4,116.0
2167,0,37,187.0,85.0,26.0,103.0,40.5,156.0
2168,1,32,163.0,57.0,16.0,91.0,40.1,74.0
2169,0,27,183.0,80.0,13.0,94.0,39.8,52.0
2170,0,32,177.0,79.0,23.0,101.0,40.8,122.0
2171,0,37,190.0,95.0,29.0,116.0,40.6,237.0
2172,1,22,174.0,66.0,11.0,89.0,40.2,45.0
2173,1,36,168.0,69.0,13.0,101.0,39.9,73.0
2174,1,34,162.0,62.0,8.0,98.0,39.7,43.0
2175,1,29,158.0,52.0,24.0,110.0,40.5,160.0
2176,1,29,179.0,71.0,20.0,99.0,40.6,105.0
2177,0,77,183.0,84.0,9.0,88.0,39.9,51.0
2178,1,36,163.0,62.0,24.0,105.0,40.8,147.0
2179,0,24,178.0,77.0,19.0,98.0,40.1,84.0
2180,0,34,190.0,95.0,17.0,91.0,40.2,72.0
2181,1,22,154.0,49.0,10.0,100.0,40.1,55.0
2182,0,29,169.0,68.0,15.0,92.0,40.6,54.0
2183,0,20,184.0,85.0,17.0,90.0,40.7,54.0
2184,1,22,167.0,61.0,3.0,88.0,38.3,12.0
2185,0,69,170.0,76.0,9.0,88.0,39.6,46.0
2186,0,26,183.0,80.0,3.0,78.0,38.3,5.0
2187,0,34,186.0,89.0,6.0,98.0,39.4,31.0
2188,0,38,207.0,106.0,25.0,93.0,40.9,124.0
2189,1,52,168.0,65.0,1.0,85.0,37.9,4.0
2190,1,22,153.0,56.0,29.0,117.0,40.9,210.0
2191,1,26,144.0,46.0,24.0,108.0,40.8,156.0
2192,0,42,192.0,98.0,4.0,88.0,38.7,17.0
2193,0,31,173.0,79.0,12.0,79.0,40.3,23.0
2194,1,67,153.0,54.0,26.0,97.0,40.9,154.0
2195,0,71,187.0,92.0,27.0,109.0,40.4,234.0
2196,1,27,161.0,60.0,12.0,93.0,40.0,57.0
2197,1,52,145.0,48.0,7.0,80.0,39.5,28.0
2198,1,44,182.0,83.0,28.0,108.0,41.1,177.0
2199,0,42,196.0,101.0,17.0,87.0,40.1,71.0
2200,1,28,176.0,67.0,8.0,84.0,39.4,29.0
2201,0,38,168.0,70.0,27.0,108.0,40.7,174.0
2202,0,61,166.0,69.0,29.0,106.0,40.9,210.0
2203,1,37,170.0,71.0,21.0,96.0,40.5,106.0
2204,0,72,167.0,76.0,28.0,102.0,40.4,205.0
2205,1,48,173.0,66.0,4.0,93.0,39.0,20.0
2206,0,28,194.0,98.0,9.0,86.0,39.7,29.0
2207,0,49,166.0,72.0,11.0,83.0,39.7,36.0
2208,1,33,155.0,52.0,22.0,108.0,40.7,144.0
2209,0,64,170.0,76.0,1.0,79.0,37.9,3.0
2210,0,58,199.0,102.0,15.0,91.0,40.4,83.0
2211,0,75,183.0,83.0,21.0,99.0,40.3,151.0
2212,0,51,180.0,87.0,14.0,107.0,40.0,102.0
2213,0,33,200.0,98.0,30.0,108.0,40.8,205.0
2214,0,30,184.0,90.0,14.0,101.0,39.9,76.0
2215,0,32,180.0,86.0,23.0,106.0,40.6,143.0
2216,1,42,149.0,50.0,15.0,99.0,40.2,86.0
2217,1,54,175.0,75.0,12.0,101.0,39.9,70.0
2218,0,60,203.0,103.0,6.0,88.0,39.3,31.0
2219,0,28,185.0,82.0,27.0,99.0,40.9,132.0
2220,1,30,178.0,68.0,5.0,84.0,39.3,18.0
2221,0,22,168.0,66.0,25.0,107.0,40.8,136.0
2222,1,26,152.0,52.0,19.0,98.0,40.4,102.0
2223,0,38,181.0,81.0,20.0,101.0,40.3,113.0
2224,1,63,177.0,78.0,3.0,73.0,38.6,9.0
2225,0,49,171.0,71.0,27.0,107.0,40.8,185.0
2226,0,24,194.0,95.0,7.0,84.0,39.4,19.0
2227,1,77,163.0,65.0,11.0,90.0,39.8,57.0
2228,0,72,184.0,90.0,2.0,77.0,38.1,8.0
2229,1,40,172.0,71.0,26.0,105.0,40.9,158.0
2230,1,27,159.0,59.0,12.0,93.0,39.8,57.0
2231,1,48,175.0,75.0,3.0,76.0,38.9,9.0
2232,1,72,157.0,59.0,21.0,92.0,40.5,114.0
2233,0,68,183.0,85.0,25.0,108.0,40.7,206.0
2234,1,56,167.0,61.0,4.0,83.0,38.7,17.0
2235,1,50,173.0,70.0,19.0,106.0,40.4,121.0
2236,0,44,152.0,54.0,20.0,96.0,40.5,92.0
2237,0,70,177.0,77.0,29.0,100.0,40.7,201.0
2238,1,41,169.0,62.0,29.0,111.0,41.0,199.0
2239,0,74,195.0,97.0,8.0,94.0,39.5,53.0
2240,0,39,187.0,87.0,24.0,104.0,41.0,151.0
2241,1,27,161.0,58.0,16.0,91.0,40.3,73.0
2242,0,56,185.0,89.0,21.0,95.0,40.7,121.0
2243,1,26,150.0,56.0,25.0,106.0,40.4,154.0
2244,0,75,168.0,65.0,10.0,84.0,39.6,45.0
2245,1,47,161.0,64.0,15.0,98.0,40.2,83.0
2246,1,57,159.0,52.0,17.0,98.0,40.4,100.0
2247,1,51,168.0,66.0,25.0,104.0,41.1,156.0
2248,0,40,187.0,85.0,17.0,100.0,40.1,96.0
2249,0,24,168.0,68.0,12.0,92.0,39.8,40.0
2250,1,33,167.0,65.0,18.0,98.0,40.6,95.0
2251,0,67,183.0,87.0,26.0,106.0,40.4,206.0
2252,1,20,166.0,64.0,15.0,93.0,40.0,68.0
2253,0,52,173.0,77.0,14.0,88.0,40.4,60.0
2254,1,32,160.0,62.0,28.0,107.0,40.7,176.0
2255,1,56,153.0,50.0,9.0,82.0,39.6,38.0
2256,1,40,153.0,51.0,17.0,101.0,40.3,101.0
2257,1,51,163.0,65.0,26.0,114.0,40.8,190.0
2258,1,57,163.0,68.0,29.0,109.0,40.7,199.0
2259,1,23,159.0,57.0,17.0,90.0,40.2,74.0
2260,0,27,174.0,73.0,19.0,96.0,40.1,80.0
2261,1,68,171.0,72.0,12.0,93.0,39.9,63.0
2262,1,33,171.0,70.0,23.0,105.0,40.7,137.0
2263,1,44,166.0,68.0,28.0,107.0,41.1,179.0
2264,1,56,167.0,70.0,19.0,103.0,40.7,117.0
2265,1,63,168.0,69.0,12.0,89.0,40.0,58.0
2266,0,66,181.0,90.0,20.0,101.0,40.6,144.0
2267,0,39,178.0,79.0,11.0,92.0,39.6,47.0
2268,0,23,184.0,82.0,17.0,87.0,40.4,48.0
2269,0,51,192.0,90.0,10.0,89.0,39.9,47.0
2270,0,23,169.0,71.0,16.0,102.0,40.1,78.0
2271,0,77,182.0,85.0,6.0,80.0,39.2,27.0
2272,1,32,180.0,75.0,7.0,92.0,39.0,31.0
2273,0,51,188.0,89.0,26.0,97.0,40.9,152.0
2274,1,79,151.0,52.0,8.0,79.0,39.7,34.0
2275,1,67,179.0,81.0,21.0,107.0,40.6,139.0
2276,0,24,183.0,82.0,14.0,88.0,40.3,42.0
2277,1,29,158.0,51.0,28.0,114.0,40.8,199.0
2278,0,66,206.0,110.0,14.0,95.0,39.7,94.0
2279,0,32,194.0,97.0,12.0,90.0,40.1,48.0
2280,0,22,182.0,82.0,9.0,86.0,39.8,24.0
2281,1,69,162.0,65.0,7.0,91.0,39.4,36.0
2282,0,33,190.0,88.0,15.0,92.0,40.2,63.0
2283,0,61,184.0,91.0,26.0,105.0,40.7,197.0
2284,1,45,140.0,50.0,10.0,87.0,39.8,45.0
2285,1,49,168.0,70.0,15.0,98.0,39.9,83.0
2286,0,38,195.0,93.0,26.0,108.0,40.7,181.0
2287,1,20,146.0,46.0,14.0,91.0,40.5,64.0
2288,1,42,157.0,60.0,8.0,94.0,39.8,41.0
2289,1,58,166.0,73.0,19.0,99.0,40.5,109.0
2290,0,39,190.0,91.0,19.0,112.0,40.4,144.0
2291,1,32,197.0,90.0,22.0,105.0,40.7,125.0
2292,0,21,173.0,72.0,25.0,106.0,40.5,135.0
2293,1,39,164.0,58.0,22.0,99.0,40.6,123.0
2294,1,58,165.0,63.0,24.0,107.0,40.7,161.0
2295,1,69,179.0,82.0,23.0,109.0,40.5,158.0
2296,0,27,200.0,104.0,22.0,97.0,40.2,110.0
2297,1,34,168.0,69.0,16.0,96.0,40.3,81.0
2298,1,44,152.0,58.0,2.0,76.0,38.3,6.0
2299,0,71,183.0,84.0,14.0,97.0,40.1,94.0
2300,0,36,171.0,76.0,29.0,107.0,41.1,184.0
2301,1,25,153.0,50.0,9.0,89.0,39.8,40.0
2302,1,42,169.0,69.0,13.0,94.0,39.6,65.0
2303,1,72,156.0,61.0,29.0,107.0,40.7,203.0
2304,1,20,166.0,60.0,15.0,98.0,40.3,77.0
2305,1,22,176.0,73.0,12.0,89.0,40.0,48.0
2306,0,37,189.0,94.0,3.0,91.0,38.7,13.0
2307,0,21,184.0,86.0,30.0,106.0,40.7,171.0
2308,1,20,165.0,59.0,10.0,88.0,39.7,41.0
2309,0,26,191.0,96.0,8.0,92.0,39.7,32.0
2310,1,52,181.0,76.0,6.0,85.0,39.2,25.0
2311,1,78,168.0,72.0,13.0,88.0,39.9,64.0
2312,0,67,205.0,114.0,6.0,79.0,39.7,27.0
2313,0,22,186.0,91.0,7.0,87.0,39.3,21.0
2314,1,45,173.0,66.0,5.0,79.0,39.3,17.0
2315,0,70,202.0,102.0,19.0,106.0,40.6,159.0
2316,1,34,171.0,69.0,26.0,96.0,40.8,131.0
2317,1,30,154.0,56.0,3.0,88.0,38.4,13.0
2318,0,70,173.0,78.0,20.0,95.0,40.4,124.0
2319,0,32,179.0,80.0,11.0,93.0,40.0,45.0
2320,1,21,163.0,60.0,3.0,86.0,38.6,12.0
2321,1,21,167.0,63.0,22.0,102.0,40.8,122.0
2322,1,37,174.0,72.0,4.0,83.0,39.2,15.0
2323,1,22,157.0,59.0,3.0,88.0,38.6,12.0
2324,1,33,163.0,61.0,21.0,104.0,40.8,126.0
2325,0,70,189.0,94.0,7.0,92.0,39.1,43.0
2326,0,36,175.0,74.0,2.0,82.0,38.1,5.0
2327,1,75,182.0,76.0,27.0,102.0,40.8,170.0
2328,1,22,193.0,92.0,12.0,91.0,40.0,48.0
2329,1,20,165.0,63.0,23.0,111.0,40.7,149.0
2330,1,57,180.0,73.0,6.0,87.0,39.4,27.0
2331,0,23,189.0,85.0,21.0,103.0,40.6,111.0
2332,0,49,180.0,77.0,5.0,81.0,39.1,15.0
2333,1,45,171.0,70.0,21.0,101.0,40.7,121.0
2334,1,59,157.0,58.0,24.0,110.0,40.4,171.0
2335,1,28,166.0,64.0,19.0,93.0,40.7,89.0
2336,0,21,190.0,90.0,7.0,88.0,39.3,21.0
2337,0,24,183.0,83.0,26.0,109.0,40.6,162.0
2338,0,31,189.0,88.0,12.0,98.0,40.1,60.0
2339,0,24,188.0,84.0,26.0,113.0,40.9,178.0
2340,0,39,175.0,77.0,20.0,95.0,40.6,94.0
2341,0,29,196.0,97.0,26.0,105.0,40.9,160.0
2342,1,21,154.0,52.0,6.0,81.0,39.2,21.0
2343,1,44,172.0,75.0,12.0,93.0,40.0,58.0
2344,1,63,177.0,72.0,20.0,97.0,40.3,112.0
2345,1,40,181.0,75.0,7.0,83.0,39.5,26.0
2346,1,51,157.0,60.0,21.0,103.0,40.4,130.0
2347,0,64,188.0,92.0,14.0,87.0,40.4,70.0
2348,1,71,158.0,59.0,23.0,110.0,41.0,169.0
2349,1,39,156.0,59.0,13.0,94.0,40.2,66.0
2350,0,44,179.0,81.0,7.0,86.0,39.4,26.0
2351,0,49,202.0,104.0,18.0,101.0,40.7,120.0
2352,0,37,191.0,95.0,14.0,91.0,39.8,61.0
2353,1,20,189.0,78.0,17.0,98.0,40.1,83.0
2354,1,61,176.0,70.0,15.0,96.0,40.2,83.0
2355,0,43,185.0,91.0,16.0,97.0,40.5,88.0
2356,1,21,181.0,73.0,20.0,100.0,40.4,104.0
2357,1,78,158.0,58.0,14.0,101.0,40.2,91.0
2358,1,58,127.0,40.0,29.0,102.0,40.8,189.0
2359,1,54,185.0,78.0,13.0,93.0,40.0,64.0
2360,1,76,154.0,59.0,12.0,94.0,40.0,68.0
2361,1,37,151.0,52.0,15.0,89.0,40.4,69.0
2362,0,35,189.0,92.0,21.0,103.0,40.8,127.0
2363,0,29,189.0,91.0,3.0,91.0,38.7,12.0
2364,0,44,193.0,96.0,17.0,103.0,40.3,111.0
2365,1,53,155.0,53.0,2.0,85.0,38.0,9.0
2366,0,65,176.0,88.0,30.0,110.0,40.4,254.0
2367,0,26,195.0,97.0,26.0,102.0,41.0,145.0
2368,0,31,189.0,86.0,20.0,101.0,40.5,108.0
2369,0,67,188.0,98.0,15.0,89.0,40.2,84.0
2370,0,43,190.0,95.0,12.0,94.0,40.0,62.0
2371,0,31,191.0,94.0,19.0,98.0,40.3,98.0
2372,1,27,167.0,60.0,28.0,101.0,40.9,156.0
2373,0,34,191.0,96.0,29.0,111.0,40.7,211.0
2374,1,22,164.0,64.0,17.0,95.0,40.3,81.0
2375,0,33,191.0,90.0,21.0,105.0,40.5,130.0
2376,0,26,189.0,91.0,6.0,87.0,39.0,19.0
2377,1,63,150.0,56.0,12.0,96.0,39.9,69.0
2378,0,52,172.0,81.0,27.0,105.0,41.2,187.0
2379,1,55,159.0,60.0,16.0,96.0,40.2,89.0
2380,0,68,166.0,75.0,28.0,112.0,40.8,241.0
2381,0,72,184.0,85.0,10.0,90.0,39.8,57.0
2382,1,40,164.0,57.0,27.0,108.0,40.6,178.0
2383,0,22,176.0,81.0,17.0,97.0,40.4,73.0
2384,1,55,159.0,59.0,26.0,108.0,40.9,178.0
2385,1,35,174.0,67.0,25.0,107.0,40.8,156.0
2386,1,63,159.0,59.0,29.0,106.0,40.8,196.0
2387,0,21,171.0,73.0,20.0,91.0,40.7,63.0
2388,1,50,161.0,58.0,4.0,85.0,39.2,17.0
2389,1,39,165.0,61.0,22.0,103.0,40.7,132.0
2390,0,73,167.0,68.0,13.0,93.0,39.9,76.0
2391,1,43,157.0,61.0,7.0,88.0,39.1,31.0
2392,1,61,163.0,65.0,19.0,92.0,40.6,98.0
2393,0,24,177.0,71.0,27.0,109.0,40.8,161.0
2394,0,44,177.0,81.0,24.0,111.0,40.7,179.0
2395,0,72,182.0,87.0,24.0,105.0,40.7,192.0
2396,0,21,187.0,92.0,4.0,81.0,38.5,8.0
2397,1,70,160.0,64.0,6.0,89.0,39.4,30.0
2398,0,57,188.0,90.0,5.0,81.0,38.9,19.0
2399,0,44,178.0,77.0,4.0,85.0,38.5,14.0
2400,0,60,170.0,79.0,11.0,103.0,39.8,77.0
2401,1,33,163.0,60.0,16.0,105.0,40.0,98.0
2402,0,57,191.0,95.0,23.0,98.0,40.5,147.0
2403,1,29,174.0,65.0,9.0,90.0,39.6,39.0
2404,1,28,164.0,59.0,9.0,90.0,39.5,40.0
2405,1,25,167.0,62.0,28.0,108.0,41.0,175.0
2406,1,44,163.0,63.0,28.0,111.0,41.2,193.0
2407,1,37,178.0,73.0,24.0,107.0,40.2,149.0
2408,1,26,166.0,64.0,20.0,92.0,40.3,91.0
2409,0,22,205.0,107.0,4.0,90.0,38.6,15.0
2410,0,24,173.0,75.0,13.0,97.0,40.2,55.0
2411,1,21,161.0,62.0,14.0,95.0,40.4,67.0
2412,0,62,190.0,90.0,7.0,82.0,39.4,29.0
2413,1,46,162.0,59.0,20.0,99.0,40.4,114.0
2414,1,35,154.0,54.0,15.0,97.0,40.2,81.0
2415,1,24,155.0,55.0,26.0,114.0,40.5,181.0
2416,0,36,168.0,77.0,19.0,106.0,40.7,118.0
2417,1,44,165.0,62.0,6.0,90.0,39.1,28.0
2418,0,24,179.0,74.0,12.0,93.0,40.3,43.0
2419,0,20,200.0,94.0,25.0,103.0,40.7,134.0
2420,0,31,178.0,79.0,16.0,93.0,40.5,65.0
2421,1,24,165.0,62.0,4.0,83.0,38.9,14.0
2422,1,29,148.0,49.0,10.0,98.0,39.9,54.0
2423,1,66,153.0,60.0,28.0,108.0,40.8,196.0
2424,0,46,185.0,87.0,2.0,84.0,38.7,7.0
2425,1,71,176.0,72.0,6.0,92.0,39.3,31.0
2426,0,75,201.0,109.0,14.0,94.0,40.2,98.0
2427,0,41,177.0,84.0,8.0,84.0,39.7,26.0
2428,1,20,165.0,66.0,7.0,90.0,39.2,29.0
2429,0,72,195.0,99.0,15.0,99.0,40.4,111.0
2430,0,50,170.0,73.0,26.0,104.0,40.8,169.0
2431,1,39,168.0,63.0,29.0,108.0,40.7,188.0
2432,0,48,180.0,81.0,24.0,97.0,40.7,133.0
2433,0,46,169.0,66.0,10.0,97.0,39.7,51.0
2434,1,53,156.0,57.0,8.0,91.0,39.7,40.0
2435,0,36,190.0,95.0,7.0,83.0,39.5,22.0
2436,0,21,176.0,82.0,25.0,100.0,41.0,117.0
2437,0,32,183.0,83.0,21.0,97.0,40.4,101.0
2438,0,77,194.0,90.0,24.0,103.0,40.7,192.0
2439,0,34,181.0,87.0,27.0,102.0,40.7,155.0
2440,1,55,160.0,61.0,15.0,90.0,40.0,73.0
2441,1,46,170.0,72.0,15.0,99.0,40.2,83.0
2442,1,53,152.0,51.0,7.0,83.0,39.5,30.0
2443,1,22,174.0,73.0,20.0,103.0,40.4,110.0
2444,1,39,164.0,63.0,26.0,110.0,40.7,174.0
2445,0,30,187.0,86.0,4.0,83.0,38.6,11.0
2446,0,45,171.0,79.0,11.0,87.0,40.0,42.0
2447,0,22,182.0,84.0,4.0,91.0,39.3,14.0
2448,1,60,169.0,68.0,18.0,99.0,40.4,105.0
2449,0,60,173.0,82.0,24.0,104.0,40.2,172.0
2450,1,23,173.0,65.0,15.0,98.0,40.2,77.0
2451,1,71,160.0,65.0,8.0,86.0,39.7,37.0
2452,0,54,177.0,78.0,26.0,109.0,41.2,196.0
2453,1,59,167.0,69.0,23.0,106.0,41.1,151.0
2454,1,74,158.0,62.0,12.0,93.0,39.7,66.0
2455,0,45,180.0,79.0,4.0,79.0,38.7,10.0
2456,0,76,172.0,74.0,10.0,94.0,40.1,63.0
2457,1,59,151.0,52.0,25.0,104.0,40.8,164.0
2458,1,25,163.0,64.0,12.0,96.0,39.5,59.0
2459,1,49,173.0,72.0,16.0,94.0,40.3,81.0
2460,1,39,143.0,47.0,11.0,94.0,39.9,57.0
2461,1,21,169.0,63.0,5.0,89.0,38.7,21.0
2462,1,47,164.0,60.0,5.0,86.0,39.1,22.0
2463,1,38,185.0,77.0,5.0,85.0,38.7,19.0
2464,0,62,195.0,99.0,18.0,97.0,40.3,119.0
2465,1,28,160.0,57.0,3.0,81.0,38.8,10.0
2466,1,60,164.0,62.0,23.0,103.0,40.8,146.0
2467,1,38,178.0,79.0,4.0,85.0,38.8,15.0
2468,0,33,190.0,90.0,11.0,101.0,40.0,62.0
2469,0,29,195.0,99.0,9.0,91.0,39.7,37.0
2470,1,79,170.0,75.0,8.0,87.0,39.4,38.0
2471,0,27,180.0,79.0,21.0,105.0,40.0,119.0
2472,0,56,200.0,100.0,9.0,92.0,39.9,50.0
2473,0,20,188.0,89.0,7.0,95.0,39.3,28.0
2474,0,37,186.0,84.0,16.0,95.0,40.2,76.0
2475,1,69,171.0,66.0,3.0,69.0,38.8,8.0
2476,0,44,185.0,82.0,14.0,100.0,40.5,81.0
2477,0,25,184.0,79.0,23.0,103.0,41.0,121.0
2478,0,55,182.0,83.0,22.0,100.0,40.7,140.0
2479,0,50,186.0,93.0,17.0,99.0,40.5,105.0
2480,1,34,180.0,73.0,26.0,89.0,40.5,110.0
2481,1,71,154.0,61.0,25.0,111.0,40.6,185.0
2482,1,21,158.0,57.0,17.0,96.0,40.4,85.0
2483,1,76,173.0,67.0,13.0,95.0,40.0,74.0
2484,0,36,178.0,77.0,29.0,105.0,41.2,176.0
2485,0,50,191.0,93.0,24.0,108.0,40.4,181.0
2486,1,52,157.0,59.0,29.0,111.0,40.8,206.0
2487,1,25,179.0,69.0,27.0,112.0,40.7,178.0
2488,1,35,154.0,52.0,26.0,106.0,40.7,165.0
2489,1,51,164.0,63.0,10.0,88.0,39.6,46.0
2490,1,54,138.0,41.0,30.0,113.0,41.1,228.0
2491,0,28,185.0,89.0,3.0,84.0,38.7,8.0
2492,0,29,197.0,92.0,22.0,97.0,40.8,107.0
2493,1,30,168.0,63.0,11.0,98.0,40.0,58.0
2494,0,22,182.0,82.0,27.0,106.0,40.4,152.0
2495,0,74,179.0,90.0,3.0,82.0,38.8,14.0
2496,1,41,143.0,48.0,2.0,74.0,37.9,6.0
2497,0,67,189.0,93.0,8.0,77.0,39.2,29.0
2498,1,60,157.0,59.0,12.0,90.0,40.4,60.0
2499,1,72,168.0,66.0,13.0,96.0,40.1,75.0
2500,1,58,154.0,58.0,2.0,89.0,38.0,10.0
2501,1,39,184.0,77.0,10.0,89.0,39.6,43.0
2502,1,50,165.0,66.0,7.0,98.0,39.6,39.0
2503,1,39,158.0,56.0,24.0,109.0,40.7,161.0
2504,1,35,167.0,63.0,24.0,100.0,40.7,134.0
2505,0,56,185.0,83.0,28.0,103.0,40.7,192.0
2506,0,28,211.0,116.0,19.0,105.0,40.2,124.0
2507,1,21,183.0,73.0,27.0,103.0,40.8,149.0
2508,0,23,196.0,88.0,16.0,105.0,40.2,91.0
2509,0,69,189.0,92.0,18.0,99.0,40.3,127.0
2510,0,52,185.0,88.0,15.0,93.0,40.1,79.0
2511,1,75,161.0,64.0,19.0,102.0,40.8,123.0
2512,0,61,174.0,81.0,25.0,94.0,40.7,142.0
2513,0,22,202.0,107.0,10.0,93.0,39.6,42.0
2514,0,27,162.0,59.0,15.0,95.0,40.4,56.0
2515,0,38,181.0,82.0,25.0,107.0,40.8,164.0
2516,0,25,180.0,77.0,29.0,111.0,40.8,187.0
2517,1,20,160.0,64.0,23.0,108.0,40.6,141.0
2518,0,56,189.0,95.0,14.0,92.0,40.0,76.0
2519,1,44,169.0,68.0,10.0,90.0,39.7,46.0
2520,1,22,179.0,73.0,26.0,110.0,40.7,163.0
2521,0,46,176.0,83.0,27.0,109.0,40.8,196.0
2522,1,47,162.0,58.0,17.0,95.0,40.4,90.0
2523,0,75,190.0,96.0,28.0,102.0,41.0,221.0
2524,1,23,169.0,66.0,16.0,97.0,40.0,80.0
2525,1,48,176.0,76.0,21.0,92.0,40.3,100.0
2526,1,34,174.0,67.0,18.0,95.0,40.6,89.0
2527,1,50,158.0,59.0,24.0,101.0,40.7,144.0
2528,0,64,195.0,102.0,27.0,107.0,40.6,223.0
2529,1,79,161.0,67.0,9.0,89.0,39.8,46.0
2530,1,53,167.0,69.0,11.0,91.0,40.0,53.0
2531,1,23,148.0,53.0,8.0,96.0,39.6,41.0
2532,1,31,158.0,52.0,5.0,89.0,39.2,22.0
2533,0,28,192.0,99.0,8.0,81.0,39.7,20.0
2534,1,57,178.0,75.0,7.0,91.0,39.4,34.0
2535,1,35,145.0,49.0,18.0,103.0,40.2,109.0
2536,0,34,173.0,71.0,28.0,113.0,40.7,197.0
2537,1,31,149.0,48.0,7.0,87.0,39.8,30.0
2538,0,30,179.0,82.0,20.0,102.0,40.4,109.0
2539,1,29,165.0,65.0,11.0,77.0,40.0,33.0
2540,0,65,181.0,83.0,18.0,100.0,40.0,123.0
2541,0,31,179.0,84.0,5.0,86.0,38.9,16.0
2542,0,24,165.0,68.0,12.0,82.0,39.8,22.0
2543,1,25,172.0,66.0,5.0,88.0,39.4,20.0
2544,1,31,171.0,71.0,3.0,83.0,38.4,11.0
2545,1,28,162.0,65.0,17.0,96.0,40.2,85.0
2546,0,55,175.0,84.0,8.0,89.0,39.7,38.0
2547,1,33,182.0,77.0,24.0,102.0,40.7,133.0
2548,1,75,143.0,49.0,15.0,86.0,40.3,75.0
2549,1,26,161.0,60.0,21.0,98.0,40.8,110.0
2550,0,47,183.0,83.0,13.0,91.0,40.4,60.0
2551,0,62,177.0,83.0,7.0,83.0,39.4,29.0
2552,1,34,170.0,68.0,25.0,100.0,40.9,137.0
2553,1,24,164.0,61.0,16.0,81.0,40.0,54.0
2554,0,43,184.0,85.0,9.0,83.0,39.8,29.0
2555,0,64,188.0,92.0,17.0,102.0,40.4,124.0
2556,1,21,164.0,60.0,23.0,102.0,40.4,128.0
2557,0,20,169.0,69.0,2.0,83.0,38.4,4.0
2558,1,61,156.0,61.0,19.0,101.0,40.5,117.0
2559,1,21,169.0,69.0,3.0,82.0,38.7,10.0
2560,0,23,181.0,83.0,16.0,92.0,40.5,58.0
2561,1,33,163.0,62.0,17.0,92.0,40.5,80.0
2562,1,20,177.0,69.0,5.0,88.0,38.8,20.0
2563,1,63,157.0,57.0,8.0,94.0,39.9,44.0
2564,1,37,178.0,78.0,17.0,97.0,40.3,86.0
2565,0,20,193.0,86.0,20.0,92.0,40.3,71.0
2566,1,26,164.0,59.0,23.0,108.0,40.5,145.0
2567,0,21,196.0,87.0,9.0,85.0,39.6,23.0
2568,1,32,162.0,66.0,4.0,85.0,39.1,15.0
2569,0,44,175.0,79.0,19.0,95.0,40.7,95.0
2570,0,31,187.0,90.0,24.0,98.0,40.8,121.0
2571,0,51,175.0,77.0,18.0,96.0,40.5,98.0
2572,1,23,172.0,70.0,17.0,104.0,40.4,97.0
2573,1,61,186.0,90.0,14.0,88.0,40.0,61.0
2574,0,20,196.0,95.0,10.0,89.0,40.0,33.0
2575,0,59,176.0,82.0,1.0,69.0,38.0,2.0
2576,1,43,169.0,68.0,11.0,89.0,39.7,49.0
2577,0,74,182.0,90.0,21.0,102.0,40.5,162.0
2578,1,27,155.0,53.0,22.0,108.0,40.6,141.0
2579,0,76,182.0,89.0,15.0,96.0,40.4,103.0
2580,0,24,180.0,82.0,9.0,93.0,39.5,34.0
2581,0,40,189.0,88.0,11.0,90.0,40.0,47.0
2582,0,53,197.0,104.0,28.0,106.0,40.6,213.0
2583,0,24,189.0,91.0,1.0,78.0,37.7,2.0
2584,1,23,181.0,74.0,12.0,86.0,40.2,44.0
2585,1,25,171.0,67.0,26.0,104.0,40.7,150.0
2586,1,31,161.0,67.0,4.0,79.0,38.7,13.0
2587,1,39,155.0,54.0,26.0,105.0,41.1,164.0
2588,1,41,176.0,73.0,9.0,84.0,39.7,34.0
2589,0,56,169.0,72.0,10.0,92.0,40.0,50.0
2590,1,29,164.0,58.0,21.0,94.0,40.8,103.0
2591,1,71,155.0,57.0,21.0,103.0,40.5,139.0
2592,0,31,182.0,85.0,3.0,85.0,38.4,9.0
2593,0,40,173.0,79.0,15.0,100.0,40.2,83.0
2594,0,66,189.0,91.0,5.0,81.0,39.1,21.0
2595,1,56,178.0,77.0,9.0,103.0,39.5,55.0
2596,1,33,175.0,70.0,20.0,99.0,40.4,107.0
2597,0,78,175.0,83.0,22.0,93.0,40.8,141.0
2598,1,35,151.0,51.0,29.0,108.0,40.8,191.0
2599,0,35,163.0,66.0,29.0,112.0,40.9,198.0
2600,1,42,165.0,64.0,9.0,89.0,39.5,41.0
2601,0,31,186.0,94.0,7.0,92.0,39.7,30.0
2602,0,31,183.0,80.0,21.0,99.0,40.4,105.0
2603,1,56,155.0,55.0,21.0,109.0,40.4,147.0
2604,1,66,167.0,71.0,27.0,106.0,40.8,179.0
2605,1,54,179.0,72.0,28.0,110.0,40.9,192.0
2606,0,37,178.0,81.0,28.0,112.0,40.8,203.0
2607,1,48,169.0,65.0,11.0,94.0,39.3,56.0
2608,1,27,168.0,64.0,22.0,102.0,40.7,124.0
2609,0,22,191.0,93.0,14.0,98.0,40.2,65.0
2610,1,24,169.0,67.0,4.0,79.0,39.2,12.0
2611,1,26,147.0,54.0,18.0,103.0,40.1,105.0
2612,0,26,185.0,83.0,13.0,100.0,40.0,64.0
2613,0,33,197.0,93.0,9.0,85.0,39.6,29.0
2614,0,78,196.0,105.0,4.0,89.0,38.9,25.0
2615,0,63,187.0,94.0,5.0,94.0,39.2,30.0
2616,0,43,190.0,97.0,27.0,105.0,41.0,184.0
2617,0,32,187.0,86.0,5.0,78.0,39.0,10.0
2618,0,22,172.0,75.0,14.0,98.0,39.9,60.0
2619,0,23,175.0,73.0,8.0,91.0,39.5,26.0
2620,0,22,179.0,81.0,15.0,94.0,40.1,57.0
2621,0,32,188.0,93.0,16.0,110.0,40.1,112.0
2622,1,25,177.0,75.0,24.0,103.0,40.5,133.0
2623,0,47,190.0,91.0,27.0,105.0,40.6,186.0
2624,1,76,172.0,68.0,14.0,95.0,39.9,80.0
2625,1,70,179.0,73.0,25.0,107.0,40.7,170.0
2626,0,38,187.0,82.0,9.0,95.0,39.5,43.0
2627,0,71,193.0,97.0,8.0,88.0,39.4,45.0
2628,0,23,193.0,93.0,29.0,103.0,41.1,159.0
2629,0,60,187.0,98.0,26.0,104.0,40.9,196.0
2630,0,29,176.0,77.0,27.0,100.0,40.6,134.0
2631,0,33,181.0,82.0,13.0,100.0,40.1,69.0
2632,1,53,148.0,53.0,2.0,88.0,38.1,9.0
2633,1,44,161.0,60.0,2.0,89.0,38.4,9.0
2634,0,56,200.0,99.0,12.0,92.0,40.2,67.0
2635,0,27,196.0,95.0,8.0,87.0,39.4,26.0
2636,1,30,163.0,62.0,13.0,97.0,39.9,67.0
2637,0,63,173.0,79.0,18.0,92.0,40.5,98.0
2638,1,47,154.0,57.0,11.0,96.0,39.8,60.0
2639,1,32,163.0,62.0,18.0,99.0,40.4,98.0
2640,0,44,189.0,88.0,13.0,94.0,40.0,65.0
2641,1,21,158.0,61.0,12.0,89.0,40.1,50.0
2642,1,45,149.0,50.0,17.0,102.0,40.4,104.0
2643,0,44,191.0,92.0,11.0,97.0,39.7,61.0
2644,0,43,183.0,88.0,26.0,107.0,40.7,180.0
2645,0,27,202.0,108.0,5.0,82.0,38.8,14.0
2646,1,77,173.0,67.0,3.0,83.0,38.4,13.0
2647,0,34,189.0,88.0,16.0,90.0,40.2,63.0
2648,1,29,162.0,65.0,11.0,94.0,39.8,53.0
2649,1,25,163.0,65.0,7.0,91.0,39.3,31.0
2650,1,69,176.0,73.0,1.0,80.0,37.7,4.0
2651,1,54,149.0,55.0,25.0,109.0,40.4,174.0
2652,0,54,182.0,92.0,28.0,106.0,40.8,207.0
2653,1,44,161.0,66.0,2.0,82.0,38.5,8.0
2654,1,61,160.0,64.0,19.0,93.0,40.1,100.0
2655,0,47,175.0,76.0,30.0,113.0,41.3,233.0
2656,0,23,185.0,89.0,27.0,109.0,40.7,170.0
2657,0,77,181.0,91.0,22.0,110.0,40.7,200.0
2658,0,39,185.0,81.0,12.0,101.0,40.0,68.0
2659,0,57,191.0,92.0,9.0,87.0,40.0,42.0
2660,0,34,186.0,86.0,7.0,93.0,39.5,30.0
2661,1,60,147.0,51.0,16.0,103.0,40.4,104.0
2662,0,60,196.0,99.0,23.0,105.0,40.5,177.0
2663,1,26,168.0,67.0,29.0,93.0,41.2,134.0
2664,0,68,192.0,100.0,13.0,99.0,40.2,94.0
2665,0,46,191.0,87.0,5.0,89.0,38.7,22.0
2666,0,53,202.0,103.0,29.0,109.0,40.8,233.0
2667,1,71,168.0,65.0,5.0,81.0,38.8,21.0
2668,0,45,182.0,83.0,3.0,84.0,38.3,10.0
2669,0,70,190.0,99.0,18.0,97.0,40.5,125.0
2670,1,43,164.0,67.0,15.0,95.0,40.1,77.0
2671,0,27,191.0,87.0,11.0,90.0,40.0,39.0
2672,1,63,165.0,64.0,13.0,90.0,39.9,65.0
2673,1,52,164.0,63.0,3.0,78.0,38.6,11.0
2674,1,52,171.0,67.0,15.0,89.0,40.6,70.0
2675,0,39,194.0,95.0,14.0,98.0,40.3,78.0
2676,1,39,180.0,77.0,19.0,105.0,40.3,114.0
2677,1,58,173.0,69.0,8.0,87.0,39.7,36.0
2678,1,45,156.0,59.0,5.0,83.0,38.8,20.0
2679,1,48,165.0,60.0,28.0,110.0,40.7,193.0
2680,1,30,181.0,79.0,16.0,102.0,40.4,88.0
2681,1,47,172.0,66.0,20.0,108.0,40.6,132.0
2682,0,63,184.0,85.0,28.0,110.0,40.9,232.0
2683,0,56,187.0,91.0,17.0,92.0,40.4,91.0
2684,1,30,152.0,51.0,24.0,101.0,40.7,138.0
2685,1,37,167.0,61.0,4.0,86.0,38.8,17.0
2686,1,51,179.0,76.0,21.0,88.0,40.4,92.0
2687,1,21,153.0,50.0,2.0,82.0,38.3,7.0
2688,1,67,147.0,52.0,3.0,92.0,38.5,16.0
2689,0,42,179.0,81.0,16.0,87.0,40.3,60.0
2690,1,25,153.0,54.0,5.0,87.0,38.9,21.0
2691,0,27,198.0,105.0,21.0,110.0,40.7,147.0
2692,1,28,161.0,64.0,7.0,88.0,39.3,29.0
2693,0,23,189.0,87.0,23.0,110.0,40.0,147.0
2694,1,24,141.0,45.0,9.0,91.0,39.8,42.0
2695,0,33,190.0,92.0,15.0,98.0,40.3,78.0
2696,1,29,149.0,49.0,6.0,88.0,38.9,26.0
2697,0,25,195.0,93.0,17.0,96.0,40.6,77.0
2698,1,50,167.0,70.0,13.0,92.0,40.1,63.0
2699,1,21,171.0,67.0,13.0,94.0,40.0,60.0
2700,1,22,173.0,73.0,7.0,85.0,39.1,25.0
2701,0,45,184.0,85.0,10.0,90.0,39.8,44.0
2702,1,20,171.0,70.0,19.0,103.0,40.6,105.0
2703,0,54,195.0,92.0,11.0,84.0,40.3,45.0
2704,1,38,168.0,61.0,13.0,87.0,40.1,55.0
2705,0,42,174.0,76.0,14.0,84.0,40.4,44.0
2706,0,61,183.0,85.0,20.0,99.0,40.7,131.0
2707,1,69,157.0,58.0,8.0,91.0,39.6,42.0
2708,0,72,208.0,110.0,16.0,97.0,39.9,117.0
2709,0,43,194.0,96.0,29.0,105.0,40.5,198.0
2710,1,46,168.0,64.0,22.0,97.0,40.8,119.0
2711,0,39,192.0,96.0,5.0,88.0,39.4,20.0
2712,0,30,185.0,88.0,30.0,110.0,40.9,203.0
2713,0,52,189.0,90.0,2.0,87.0,38.0,9.0
2714,0,29,183.0,87.0,1.0,83.0,37.9,3.0
2715,1,31,165.0,62.0,5.0,80.0,38.8,17.0
2716,0,31,178.0,77.0,21.0,97.0,40.3,97.0
2717,0,56,204.0,107.0,13.0,91.0,40.0,72.0
2718,0,34,166.0,70.0,10.0,95.0,39.9,43.0
2719,0,23,182.0,89.0,8.0,79.0,39.3,14.0
2720,0,62,182.0,80.0,8.0,79.0,39.3,28.0
2721,1,74,172.0,73.0,8.0,89.0,39.7,40.0
2722,1,35,160.0,58.0,2.0,77.0,38.2,6.0
2723,1,61,154.0,55.0,14.0,95.0,40.2,78.0
2724,0,28,176.0,77.0,25.0,96.0,40.9,108.0
2725,1,50,173.0,73.0,8.0,85.0,39.9,33.0
2726,0,79,185.0,91.0,12.0,94.0,40.0,81.0
2727,1,77,183.0,76.0,2.0,81.0,38.3,8.0
2728,0,70,179.0,86.0,8.0,84.0,39.7,38.0
2729,1,61,164.0,70.0,29.0,107.0,41.0,194.0
2730,0,52,183.0,87.0,9.0,94.0,39.5,49.0
2731,0,28,189.0,90.0,5.0,82.0,38.8,12.0
2732,1,43,172.0,67.0,21.0,99.0,40.6,116.0
2733,0,75,176.0,77.0,20.0,95.0,40.4,129.0
2734,1,58,169.0,72.0,6.0,89.0,39.1,28.0
2735,1,76,155.0,59.0,9.0,89.0,39.9,47.0
2736,1,72,176.0,75.0,29.0,106.0,40.9,194.0
2737,1,46,161.0,63.0,23.0,99.0,40.5,130.0
2738,1,22,147.0,55.0,7.0,87.0,39.6,28.0
2739,1,74,162.0,66.0,13.0,87.0,40.1,63.0
2740,0,27,195.0,90.0,5.0,82.0,39.1,12.0
2741,0,29,182.0,90.0,11.0,96.0,39.8,51.0
2742,0,53,196.0,100.0,26.0,114.0,40.7,227.0
2743,0,21,172.0,70.0,20.0,99.0,40.4,86.0
2744,0,60,193.0,90.0,15.0,95.0,40.0,90.0
2745,1,62,167.0,65.0,11.0,97.0,39.9,63.0
2746,1,24,156.0,58.0,8.0,85.0,39.6,31.0
2747,1,23,169.0,73.0,15.0,86.0,39.9,56.0
2748,1,56,155.0,58.0,3.0,93.0,38.4,16.0
2749,0,37,213.0,110.0,29.0,112.0,40.9,228.0
2750,0,63,203.0,111.0,16.0,92.0,40.1,98.0
2751,0,32,195.0,93.0,20.0,102.0,40.8,115.0
2752,0,29,193.0,94.0,13.0,96.0,39.9,62.0
2753,1,23,160.0,66.0,13.0,95.0,40.1,62.0
2754,1,64,169.0,65.0,17.0,94.0,40.3,92.0
2755,1,52,149.0,52.0,15.0,105.0,40.4,98.0
2756,1,32,164.0,62.0,25.0,100.0,40.3,138.0
2757,1,73,146.0,53.0,18.0,105.0,40.4,124.0
2758,1,22,161.0,63.0,1.0,73.0,37.5,2.0
2759,0,36,180.0,84.0,8.0,88.0,39.4,29.0
2760,0,32,165.0,67.0,11.0,98.0,39.8,51.0
2761,1,64,151.0,54.0,22.0,106.0,40.7,151.0
2762,1,23,165.0,61.0,10.0,100.0,39.8,54.0
2763,0,55,192.0,102.0,18.0,95.0,40.1,108.0
2764,1,25,179.0,74.0,3.0,85.0,38.9,11.0
2765,0,53,192.0,93.0,5.0,90.0,39.1,25.0
2766,1,20,158.0,57.0,21.0,110.0,40.2,136.0
2767,1,52,151.0,54.0,5.0,88.0,38.9,24.0
2768,1,50,164.0,62.0,17.0,107.0,40.4,112.0
2769,0,33,192.0,98.0,10.0,97.0,39.8,52.0
2770,0,33,182.0,88.0,6.0,89.0,39.3,22.0
2771,0,58,196.0,101.0,30.0,109.0,40.8,247.0
2772,1,54,169.0,71.0,29.0,107.0,40.5,190.0
2773,1,30,167.0,67.0,18.0,94.0,40.5,86.0
2774,1,36,168.0,66.0,9.0,93.0,39.6,43.0
2775,0,38,177.0,79.0,21.0,99.0,40.6,111.0
2776,0,71,181.0,87.0,3.0,82.0,38.4,13.0
2777,0,27,166.0,65.0,13.0,88.0,40.3,36.0
2778,1,32,174.0,70.0,28.0,96.0,40.6,140.0
2779,0,22,177.0,79.0,16.0,91.0,40.4,53.0
2780,1,73,165.0,64.0,12.0,91.0,39.9,63.0
2781,1,44,170.0,67.0,7.0,91.0,39.4,33.0
2782,1,69,154.0,59.0,18.0,86.0,40.6,85.0
2783,1,22,153.0,56.0,7.0,92.0,39.5,32.0
2784,0,77,186.0,90.0,4.0,91.0,38.8,25.0
2785,1,41,155.0,62.0,28.0,113.0,41.1,198.0
2786,1,56,164.0,63.0,13.0,94.0,39.9,69.0
2787,0,28,192.0,94.0,10.0,85.0,39.7,30.0
2788,0,25,169.0,75.0,26.0,106.0,41.0,147.0
2789,1,24,177.0,76.0,19.0,96.0,40.5,91.0
2790,0,48,194.0,96.0,26.0,100.0,40.4,164.0
2791,0,67,188.0,99.0,7.0,82.0,39.3,32.0
2792,1,54,153.0,52.0,9.0,92.0,39.9,47.0
2793,0,40,192.0,98.0,24.0,99.0,40.4,139.0
2794,1,36,177.0,80.0,8.0,95.0,39.7,39.0
2795,0,72,192.0,102.0,12.0,98.0,40.0,87.0
2796,1,35,169.0,69.0,21.0,99.0,40.5,113.0
2797,1,27,163.0,56.0,9.0,87.0,39.7,37.0
2798,1,60,151.0,46.0,28.0,103.0,41.2,184.0
2799,0,39,191.0,93.0,21.0,97.0,40.5,112.0
2800,1,78,167.0,72.0,23.0,105.0,40.5,155.0
2801,1,39,167.0,72.0,20.0,96.0,40.6,102.0
2802,1,66,169.0,73.0,10.0,88.0,39.6,47.0
2803,1,34,159.0,52.0,29.0,102.0,40.8,171.0
2804,1,33,175.0,70.0,21.0,104.0,40.6,123.0
2805,1,71,168.0,71.0,2.0,70.0,37.8,6.0
2806,1,39,163.0,66.0,23.0,98.0,41.0,124.0
2807,0,41,196.0,94.0,15.0,93.0,40.3,73.0
2808,1,26,163.0,57.0,11.0,97.0,39.8,57.0
2809,0,30,189.0,97.0,20.0,100.0,40.3,109.0
2810,1,28,178.0,75.0,7.0,88.0,39.6,28.0
2811,0,75,183.0,89.0,13.0,81.0,40.2,60.0
2812,0,54,202.0,108.0,18.0,97.0,40.2,115.0
2813,1,26,163.0,66.0,15.0,89.0,40.0,63.0
2814,0,24,167.0,66.0,27.0,100.0,40.5,121.0
2815,0,48,199.0,110.0,6.0,81.0,39.4,22.0
2816,0,32,176.0,80.0,25.0,99.0,40.8,126.0
2817,1,53,171.0,69.0,25.0,109.0,40.6,169.0
2818,0,33,175.0,81.0,21.0,102.0,40.6,117.0
2819,1,44,171.0,71.0,30.0,108.0,41.0,194.0
2820,1,65,156.0,58.0,8.0,87.0,39.3,38.0
2821,1,48,157.0,62.0,1.0,77.0,37.9,3.0
2822,0,20,181.0,78.0,23.0,102.0,40.6,112.0
2823,1,75,177.0,72.0,24.0,100.0,40.7,148.0
2824,0,40,183.0,83.0,9.0,82.0,39.4,26.0
2825,1,60,175.0,78.0,19.0,91.0,40.3,92.0
2826,1,42,180.0,76.0,29.0,119.0,40.9,219.0
2827,1,26,164.0,64.0,13.0,94.0,40.3,62.0
2828,1,69,167.0,63.0,14.0,98.0,40.2,83.0
2829,1,34,159.0,57.0,5.0,89.0,39.2,22.0
2830,0,64,178.0,78.0,24.0,95.0,40.9,142.0
2831,1,53,160.0,60.0,3.0,82.0,38.7,12.0
2832,0,60,192.0,97.0,17.0,80.0,40.3,66.0
2833,0,65,170.0,75.0,28.0,99.0,40.6,182.0
2834,1,36,166.0,71.0,15.0,99.0,40.4,81.0
2835,0,22,196.0,98.0,10.0,91.0,40.3,37.0
2836,0,77,186.0,93.0,7.0,81.0,39.2,33.0
2837,1,23,184.0,75.0,12.0,93.0,39.6,53.0
2838,0,35,187.0,91.0,15.0,95.0,40.3,72.0
2839,0,45,195.0,100.0,8.0,99.0,39.7,49.0
2840,1,75,148.0,51.0,22.0,104.0,40.6,151.0
2841,0,71,178.0,80.0,9.0,90.0,39.7,50.0
2842,0,43,205.0,113.0,28.0,119.0,41.0,260.0
2843,1,28,161.0,64.0,21.0,110.0,40.5,136.0
2844,1,22,183.0,77.0,27.0,106.0,41.2,156.0
2845,1,25,173.0,69.0,8.0,88.0,39.4,32.0
2846,0,49,177.0,78.0,12.0,94.0,40.0,61.0
2847,1,28,174.0,68.0,3.0,83.0,38.7,11.0
2848,0,44,188.0,88.0,24.0,106.0,40.7,164.0
2849,0,23,185.0,89.0,15.0,92.0,39.9,56.0
2850,1,48,168.0,63.0,1.0,79.0,37.9,4.0
2851,1,23,161.0,58.0,9.0,92.0,39.7,41.0
2852,1,49,160.0,64.0,8.0,93.0,39.2,40.0
2853,0,46,180.0,83.0,2.0,90.0,38.0,9.0
2854,1,21,139.0,43.0,17.0,98.0,40.2,91.0
2855,1,42,165.0,64.0,20.0,94.0,40.6,101.0
2856,1,36,165.0,58.0,12.0,97.0,40.0,64.0
2857,1,31,169.0,66.0,19.0,102.0,40.1,108.0
2858,0,59,178.0,87.0,17.0,101.0,40.5,115.0
2859,0,30,189.0,90.0,22.0,110.0,40.7,150.0
2860,1,69,162.0,63.0,23.0,104.0,40.8,152.0
2861,1,58,169.0,64.0,27.0,107.0,40.9,181.0
2862,1,65,161.0,64.0,17.0,90.0,40.6,85.0
2863,1,72,184.0,79.0,23.0,110.0,40.5,163.0
2864,0,42,188.0,93.0,10.0,88.0,39.7,41.0
2865,1,37,179.0,71.0,19.0,99.0,40.8,102.0
2866,1,36,165.0,57.0,13.0,89.0,40.2,58.0
2867,0,47,186.0,92.0,14.0,102.0,40.3,91.0
2868,0,22,189.0,80.0,5.0,86.0,39.3,13.0
2869,0,20,184.0,79.0,14.0,96.0,39.9,56.0
2870,1,44,162.0,59.0,27.0,105.0,40.9,171.0
2871,0,52,183.0,87.0,11.0,90.0,39.7,53.0
2872,0,20,190.0,83.0,4.0,86.0,38.8,10.0
2873,0,78,188.0,96.0,11.0,82.0,40.0,55.0
2874,0,20,179.0,78.0,15.0,88.0,40.3,41.0
2875,0,77,176.0,78.0,29.0,112.0,40.8,264.0
2876,1,24,187.0,76.0,25.0,98.0,40.9,124.0
2877,0,52,173.0,74.0,6.0,88.0,39.3,25.0
2878,1,42,158.0,57.0,13.0,84.0,40.0,53.0
2879,0,73,163.0,67.0,26.0,110.0,41.0,218.0
2880,1,60,179.0,72.0,29.0,111.0,40.8,205.0
2881,1,21,177.0,77.0,16.0,97.0,40.3,77.0
2882,1,56,156.0,57.0,9.0,93.0,39.9,47.0
2883,1,21,166.0,59.0,17.0,94.0,40.2,80.0
2884,1,69,138.0,44.0,22.0,102.0,40.4,146.0
2885,0,25,177.0,80.0,7.0,88.0,39.8,21.0
2886,1,26,160.0,60.0,27.0,111.0,41.0,179.0
2887,1,26,156.0,56.0,16.0,89.0,40.3,69.0
2888,1,24,166.0,66.0,18.0,95.0,40.0,86.0
2889,0,29,177.0,81.0,1.0,78.0,37.7,2.0
2890,1,25,172.0,70.0,2.0,84.0,38.5,7.0
2891,0,35,166.0,69.0,22.0,96.0,40.4,99.0
2892,0,32,186.0,88.0,15.0,103.0,40.4,87.0
2893,0,47,190.0,95.0,21.0,99.0,40.5,128.0
2894,1,31,162.0,60.0,12.0,92.0,39.6,56.0
2895,0,64,182.0,92.0,22.0,101.0,40.4,157.0
2896,0,75,187.0,92.0,7.0,86.0,39.5,38.0
2897,0,72,195.0,103.0,3.0,80.0,38.6,14.0
2898,0,57,177.0,83.0,8.0,91.0,39.6,41.0
2899,0,47,185.0,92.0,2.0,94.0,38.1,11.0
2900,0,69,190.0,93.0,26.0,108.0,40.9,220.0
2901,1,27,163.0,55.0,16.0,91.0,40.0,73.0
2902,1,66,167.0,66.0,10.0,90.0,39.7,50.0
2903,0,41,186.0,89.0,25.0,107.0,40.7,172.0
2904,1,41,172.0,67.0,1.0,77.0,38.5,3.0
2905,1,34,178.0,76.0,8.0,94.0,39.9,38.0
2906,1,51,162.0,63.0,24.0,103.0,40.9,148.0
2907,1,64,161.0,61.0,7.0,89.0,39.4,35.0
2908,0,79,173.0,77.0,19.0,106.0,40.4,157.0
2909,0,43,180.0,82.0,3.0,91.0,38.5,13.0
2910,1,25,152.0,53.0,4.0,80.0,39.2,14.0
2911,1,26,164.0,62.0,29.0,99.0,41.1,154.0
2912,1,51,153.0,58.0,15.0,97.0,40.5,84.0
2913,1,77,156.0,59.0,29.0,115.0,41.2,231.0
2914,1,50,153.0,52.0,10.0,90.0,39.7,49.0
2915,0,36,210.0,117.0,4.0,76.0,39.0,10.0
2916,1,54,171.0,70.0,26.0,111.0,41.0,182.0
2917,0,35,178.0,76.0,27.0,104.0,41.2,158.0
2918,0,33,181.0,77.0,12.0,88.0,40.1,40.0
2919,1,53,172.0,71.0,8.0,89.0,39.7,37.0
2920,1,43,165.0,65.0,16.0,93.0,40.4,79.0
2921,1,68,141.0,48.0,2.0,85.0,38.2,10.0
2922,1,27,189.0,82.0,13.0,96.0,40.2,62.0
2923,1,62,161.0,68.0,13.0,95.0,40.2,71.0
2924,0,70,183.0,87.0,9.0,82.0,39.8,40.0
2925,0,45,186.0,84.0,7.0,78.0,39.4,18.0
2926,0,61,176.0,83.0,28.0,106.0,40.6,211.0
2927,1,40,138.0,42.0,3.0,82.0,38.3,12.0
2928,0,68,186.0,90.0,5.0,87.0,39.0,26.0
2929,1,44,162.0,56.0,26.0,108.0,40.8,174.0
2930,0,57,190.0,89.0,19.0,97.0,40.6,116.0
2931,1,22,156.0,50.0,28.0,104.0,40.8,166.0
2932,0,48,181.0,84.0,25.0,99.0,41.1,147.0
2933,1,30,166.0,66.0,16.0,87.0,40.2,65.0
2934,0,37,181.0,82.0,26.0,101.0,40.6,146.0
2935,1,21,144.0,47.0,2.0,77.0,38.1,6.0
2936,1,22,176.0,71.0,1.0,78.0,37.7,3.0
2937,0,36,174.0,72.0,9.0,87.0,39.8,29.0
2938,0,76,185.0,92.0,7.0,93.0,39.6,46.0
2939,1,24,158.0,52.0,29.0,103.0,41.1,169.0
2940,1,33,166.0,63.0,27.0,108.0,40.7,172.0
2941,0,22,191.0,88.0,21.0,103.0,40.4,112.0
2942,0,27,183.0,87.0,27.0,107.0,41.0,166.0
2943,1,36,166.0,66.0,15.0,101.0,40.2,85.0
2944,1,32,165.0,65.0,20.0,91.0,40.6,90.0
2945,0,26,179.0,81.0,26.0,103.0,40.5,140.0
2946,1,79,164.0,67.0,6.0,91.0,39.2,32.0
2947,1,25,171.0,66.0,9.0,86.0,40.3,35.0
2948,0,63,179.0,81.0,6.0,88.0,39.2,29.0
2949,0,44,201.0,102.0,10.0,88.0,39.8,44.0
2950,0,25,174.0,76.0,5.0,88.0,39.4,15.0
2951,1,65,148.0,54.0,13.0,85.0,40.3,60.0
2952,1,21,177.0,72.0,14.0,90.0,40.1,58.0
2953,1,27,157.0,59.0,2.0,87.0,37.8,8.0
2954,0,22,187.0,90.0,4.0,73.0,38.9,3.0
2955,0,21,191.0,92.0,11.0,89.0,40.0,36.0
2956,0,78,186.0,91.0,5.0,84.0,39.1,26.0
2957,1,39,179.0,76.0,6.0,82.0,39.4,21.0
2958,1,47,162.0,65.0,3.0,85.0,39.0,12.0
2959,0,53,176.0,81.0,22.0,103.0,40.6,147.0
2960,1,23,158.0,53.0,14.0,93.0,40.0,66.0
2961,1,37,167.0,64.0,9.0,91.0,39.9,42.0
2962,0,73,169.0,72.0,15.0,92.0,40.2,87.0
2963,0,34,167.0,74.0,20.0,93.0,40.4,82.0
2964,0,73,196.0,103.0,20.0,104.0,40.6,165.0
2965,1,46,151.0,52.0,25.0,113.0,40.5,183.0
2966,1,44,171.0,64.0,29.0,103.0,40.9,175.0
2967,1,70,179.0,80.0,22.0,105.0,40.5,143.0
2968,1,30,181.0,77.0,29.0,113.0,40.8,194.0
2969,0,44,170.0,79.0,7.0,82.0,39.4,21.0
2970,0,20,185.0,91.0,17.0,96.0,40.3,72.0
2971,1,23,168.0,65.0,16.0,87.0,40.3,63.0
2972,0,72,183.0,94.0,9.0,88.0,39.6,50.0
2973,0,22,195.0,88.0,28.0,106.0,40.8,162.0
2974,1,78,180.0,77.0,4.0,83.0,38.6,17.0
2975,0,21,169.0,74.0,22.0,105.0,40.4,116.0
2976,1,35,152.0,51.0,29.0,119.0,40.9,225.0
2977,1,70,156.0,55.0,10.0,86.0,39.7,48.0
2978,1,24,160.0,60.0,17.0,104.0,40.2,99.0
2979,0,32,167.0,66.0,11.0,93.0,39.8,42.0
2980,0,22,183.0,85.0,10.0,89.0,39.9,31.0
2981,1,25,159.0,60.0,7.0,94.0,39.4,34.0
2982,1,22,169.0,67.0,8.0,90.0,39.3,34.0
2983,0,57,182.0,86.0,10.0,95.0,39.8,58.0
2984,1,22,158.0,59.0,28.0,114.0,40.7,193.0
2985,1,53,175.0,75.0,3.0,75.0,38.7,9.0
2986,1,67,168.0,64.0,6.0,95.0,39.2,34.0
2987,0,29,176.0,73.0,3.0,80.0,38.8,6.0
2988,0,30,186.0,83.0,6.0,74.0,39.5,7.0
2989,0,41,182.0,83.0,16.0,94.0,40.2,76.0
2990,1,38,173.0,77.0,15.0,94.0,40.3,72.0
2991,1,73,164.0,68.0,17.0,92.0,40.2,90.0
2992,0,64,183.0,90.0,22.0,93.0,40.7,129.0
2993,0,24,179.0,76.0,27.0,108.0,40.8,160.0
2994,1,78,174.0,72.0,12.0,94.0,40.3,67.0
2995,0,47,195.0,94.0,20.0,94.0,40.5,106.0
2996,1,48,151.0,48.0,21.0,105.0,40.6,137.0
2997,1,79,170.0,69.0,2.0,82.0,38.7,9.0
2998,0,68,172.0,74.0,23.0,94.0,40.6,135.0
2999,0,43,175.0,79.0,5.0,83.0,39.4,16.0
3000,1,27,173.0,71.0,21.0,89.0,40.8,87.0
3001,1,60,155.0,54.0,16.0,99.0,40.5,96.0
3002,0,39,171.0,76.0,26.0,106.0,40.4,165.0
3003,1,24,164.0,65.0,14.0,98.0,40.4,72.0
3004,1,47,168.0,69.0,7.0,90.0,39.5,32.0
3005,1,73,164.0,67.0,17.0,97.0,40.2,100.0
3006,0,37,200.0,100.0,12.0,91.0,40.1,54.0
3007,1,61,162.0,68.0,21.0,103.0,40.4,132.0
3008,1,22,171.0,65.0,13.0,93.0,40.3,59.0
3009,0,30,184.0,90.0,22.0,105.0,40.4,133.0
3010,1,29,157.0,53.0,2.0,84.0,38.3,8.0
3011,1,22,151.0,49.0,27.0,107.0,40.7,169.0
3012,0,69,186.0,83.0,29.0,114.0,40.9,265.0
3013,1,70,183.0,82.0,17.0,101.0,40.3,103.0
3014,0,76,187.0,96.0,12.0,96.0,40.1,85.0
3015,1,21,161.0,60.0,4.0,87.0,38.8,16.0
3016,1,51,152.0,58.0,30.0,117.0,41.3,232.0
3017,1,66,166.0,65.0,23.0,104.0,40.9,150.0
3018,0,62,196.0,94.0,14.0,89.0,40.1,74.0
3019,1,26,166.0,68.0,24.0,105.0,40.8,141.0
3020,0,58,188.0,90.0,6.0,81.0,39.0,23.0
3021,1,48,176.0,72.0,11.0,87.0,40.0,47.0
3022,1,22,170.0,72.0,2.0,81.0,38.1,6.0
3023,1,72,168.0,66.0,26.0,109.0,41.0,186.0
3024,0,21,180.0,78.0,14.0,105.0,40.2,75.0
3025,1,40,168.0,65.0,8.0,88.0,39.5,35.0
3026,0,54,202.0,99.0,16.0,99.0,40.5,104.0
3027,0,22,166.0,64.0,14.0,98.0,40.2,57.0
3028,0,21,181.0,79.0,11.0,90.0,39.9,34.0
3029,0,33,172.0,74.0,14.0,99.0,40.1,69.0
3030,0,24,181.0,75.0,20.0,101.0,41.0,97.0
3031,0,20,172.0,76.0,19.0,106.0,40.3,103.0
3032,0,44,183.0,91.0,15.0,90.0,40.4,67.0
3033,0,27,185.0,79.0,18.0,94.0,40.0,72.0
3034,0,33,187.0,90.0,6.0,86.0,39.1,20.0
3035,0,61,165.0,79.0,9.0,88.0,39.5,43.0
3036,1,38,163.0,66.0,11.0,98.0,39.9,59.0
3037,0,56,190.0,91.0,12.0,86.0,39.9,54.0
3038,1,31,153.0,51.0,5.0,80.0,39.2,18.0
3039,0,35,186.0,83.0,19.0,100.0,40.6,102.0
3040,1,23,148.0,48.0,13.0,77.0,40.2,40.0
3041,1,73,183.0,79.0,15.0,91.0,40.0,76.0
3042,0,23,178.0,75.0,12.0,95.0,39.8,47.0
3043,0,57,173.0,77.0,8.0,79.0,39.7,25.0
3044,1,54,152.0,53.0,19.0,101.0,40.2,117.0
3045,0,31,197.0,105.0,21.0,99.0,40.7,116.0
3046,0,25,176.0,83.0,17.0,87.0,40.8,50.0
3047,0,42,174.0,73.0,13.0,93.0,40.4,58.0
3048,1,39,179.0,76.0,20.0,105.0,40.5,120.0
3049,1,71,136.0,47.0,20.0,94.0,40.3,116.0
3050,1,74,154.0,57.0,18.0,103.0,40.2,120.0
3051,0,25,193.0,86.0,23.0,101.0,40.5,118.0
3052,0,35,200.0,107.0,9.0,96.0,40.0,48.0
3053,1,36,159.0,57.0,29.0,115.0,41.0,211.0
3054,0,54,170.0,76.0,6.0,80.0,39.3,19.0
3055,1,30,170.0,67.0,14.0,94.0,40.2,67.0
3056,1,21,167.0,59.0,8.0,88.0,39.4,33.0
3057,0,51,177.0,76.0,1.0,76.0,37.8,2.0
3058,0,64,168.0,72.0,30.0,115.0,40.9,264.0
3059,0,79,185.0,90.0,20.0,94.0,40.6,135.0
3060,0,23,195.0,95.0,18.0,91.0,40.5,67.0
3061,1,33,155.0,59.0,23.0,106.0,40.9,143.0
3062,1,64,157.0,63.0,17.0,105.0,40.1,112.0
3063,0,43,192.0,100.0,16.0,100.0,40.5,98.0
3064,0,63,202.0,106.0,21.0,91.0,40.8,123.0
3065,1,54,161.0,64.0,21.0,95.0,40.7,112.0
3066,0,37,192.0,98.0,4.0,84.0,38.8,14.0
3067,1,58,163.0,61.0,4.0,80.0,38.8,15.0
3068,0,70,167.0,74.0,10.0,91.0,39.7,55.0
3069,0,28,199.0,94.0,11.0,94.0,39.9,48.0
3070,1,27,169.0,64.0,19.0,96.0,40.3,95.0
3071,1,28,171.0,72.0,13.0,92.0,40.1,58.0
3072,0,51,175.0,79.0,22.0,107.0,40.7,157.0
3073,1,44,167.0,69.0,15.0,102.0,40.3,88.0
3074,0,22,199.0,97.0,24.0,104.0,40.6,136.0
3075,1,35,169.0,69.0,22.0,107.0,40.8,137.0
3076,1,33,162.0,59.0,1.0,84.0,37.9,4.0
3077,1,45,174.0,70.0,26.0,107.0,40.9,166.0
3078,0,69,189.0,93.0,10.0,92.0,39.9,60.0
3079,1,40,169.0,63.0,11.0,93.0,39.6,54.0
3080,1,60,156.0,59.0,23.0,106.0,40.7,154.0
3081,0,20,191.0,97.0,21.0,92.0,40.4,79.0
3082,0,56,201.0,105.0,11.0,94.0,39.7,66.0
3083,0,29,194.0,95.0,16.0,99.0,40.1,83.0
3084,0,36,188.0,88.0,14.0,91.0,40.1,59.0
3085,1,46,171.0,64.0,3.0,94.0,38.5,15.0
3086,1,35,164.0,58.0,27.0,104.0,40.9,164.0
3087,1,38,160.0,62.0,24.0,100.0,40.2,135.0
3088,0,46,166.0,68.0,6.0,79.0,39.1,15.0
3089,0,33,205.0,114.0,4.0,90.0,39.2,18.0
3090,1,27,183.0,79.0,3.0,80.0,38.9,9.0
3091,1,61,163.0,61.0,19.0,96.0,40.6,107.0
3092,1,43,158.0,61.0,22.0,106.0,40.8,140.0
3093,0,29,170.0,75.0,9.0,93.0,39.9,35.0
3094,0,24,181.0,91.0,14.0,97.0,40.4,64.0
3095,1,26,178.0,77.0,10.0,98.0,39.7,50.0
3096,1,36,157.0,63.0,24.0,108.0,40.8,155.0
3097,0,22,194.0,91.0,28.0,108.0,40.6,172.0
3098,1,25,158.0,62.0,10.0,90.0,39.7,43.0
3099,0,21,192.0,89.0,24.0,96.0,41.0,102.0
3100,1,76,144.0,47.0,4.0,88.0,38.9,21.0
3101,1,38,170.0,59.0,26.0,115.0,40.8,189.0
3102,1,43,150.0,54.0,23.0,106.0,40.7,149.0
3103,0,24,192.0,93.0,20.0,97.0,40.6,92.0
3104,0,26,194.0,99.0,8.0,85.0,39.6,24.0
3105,0,38,188.0,89.0,1.0,77.0,37.7,2.0
3106,1,24,182.0,71.0,30.0,106.0,41.0,177.0
3107,0,69,190.0,93.0,24.0,105.0,40.5,192.0
3108,1,38,151.0,52.0,23.0,98.0,40.8,128.0
3109,1,21,155.0,58.0,25.0,105.0,40.7,148.0
3110,0,41,186.0,88.0,7.0,86.0,39.5,26.0
3111,1,68,179.0,77.0,8.0,89.0,40.1,38.0
3112,1,39,173.0,69.0,24.0,102.0,41.0,138.0
3113,1,36,171.0,63.0,23.0,105.0,40.7,141.0
3114,1,22,162.0,59.0,13.0,90.0,39.9,56.0
3115,0,37,191.0,93.0,18.0,88.0,39.9,70.0
3116,0,21,176.0,79.0,18.0,97.0,40.5,75.0
3117,1,41,170.0,65.0,21.0,96.0,40.5,110.0
3118,0,56,190.0,97.0,2.0,79.0,37.9,7.0
3119,1,54,146.0,52.0,4.0,82.0,38.4,17.0
3120,1,61,157.0,62.0,5.0,83.0,38.8,21.0
3121,0,36,194.0,91.0,28.0,105.0,40.8,178.0
3122,0,59,166.0,70.0,17.0,90.0,40.2,81.0
3123,1,33,154.0,54.0,1.0,78.0,37.7,3.0
3124,1,23,159.0,60.0,15.0,91.0,40.2,67.0
3125,1,28,166.0,64.0,18.0,100.0,40.5,98.0
3126,0,33,193.0,94.0,9.0,81.0,40.2,24.0
3127,0,43,177.0,77.0,7.0,80.0,39.4,18.0
3128,0,61,185.0,81.0,4.0,81.0,38.9,15.0
3129,0,56,183.0,85.0,9.0,90.0,39.4,44.0
3130,0,25,184.0,84.0,7.0,82.0,39.3,16.0
3131,0,70,191.0,90.0,9.0,91.0,39.5,53.0
3132,1,61,179.0,75.0,9.0,82.0,40.2,35.0
3133,0,42,182.0,87.0,10.0,99.0,39.6,57.0
3134,0,59,181.0,84.0,12.0,95.0,40.0,70.0
3135,1,29,176.0,72.0,18.0,95.0,40.4,86.0
3136,1,59,156.0,60.0,26.0,102.0,40.8,162.0
3137,1,78,168.0,71.0,12.0,96.0,39.7,69.0
3138,1,71,174.0,74.0,29.0,105.0,41.0,191.0
3139,0,38,190.0,87.0,28.0,99.0,41.1,153.0
3140,1,42,169.0,68.0,16.0,97.0,40.6,85.0
3141,0,64,183.0,88.0,1.0,78.0,37.7,4.0
3142,0,54,177.0,83.0,15.0,98.0,40.4,90.0
3143,1,24,174.0,72.0,5.0,89.0,39.3,20.0
3144,0,37,192.0,88.0,9.0,90.0,39.5,37.0
3145,0,22,175.0,77.0,2.0,79.0,38.4,3.0
3146,1,33,163.0,63.0,12.0,93.0,39.9,57.0
3147,0,45,196.0,98.0,9.0,91.0,40.0,44.0
3148,1,55,175.0,69.0,30.0,117.0,41.2,230.0
3149,0,50,176.0,80.0,13.0,89.0,40.1,57.0
3150,1,60,158.0,59.0,4.0,77.0,38.6,14.0
3151,1,43,154.0,56.0,29.0,109.0,40.9,196.0
3152,1,57,160.0,67.0,27.0,109.0,40.6,185.0
3153,1,76,138.0,45.0,23.0,95.0,40.7,138.0
3154,0,46,184.0,89.0,10.0,95.0,39.9,53.0
3155,1,43,167.0,58.0,29.0,106.0,41.1,186.0
3156,1,52,174.0,73.0,23.0,107.0,40.3,149.0
3157,1,55,159.0,59.0,7.0,86.0,39.1,31.0
3158,0,52,177.0,77.0,23.0,99.0,40.4,136.0
3159,1,34,176.0,70.0,22.0,90.0,40.5,96.0
3160,1,65,156.0,63.0,21.0,102.0,40.4,133.0
3161,1,42,175.0,69.0,5.0,83.0,39.3,19.0
3162,1,20,169.0,65.0,3.0,82.0,38.7,10.0
3163,1,27,177.0,68.0,17.0,100.0,40.3,91.0
3164,1,49,166.0,66.0,10.0,80.0,40.0,36.0
3165,1,41,156.0,61.0,11.0,97.0,39.9,59.0
3166,1,25,172.0,70.0,16.0,92.0,40.6,71.0
3167,1,21,173.0,69.0,22.0,106.0,40.3,129.0
3168,0,34,181.0,80.0,18.0,101.0,40.3,98.0
3169,0,35,205.0,100.0,15.0,92.0,40.2,68.0
3170,0,23,189.0,97.0,13.0,89.0,40.2,45.0
3171,1,47,166.0,67.0,28.0,106.0,40.8,178.0
3172,1,37,164.0,63.0,12.0,91.0,39.8,56.0
3173,1,21,168.0,63.0,15.0,96.0,40.1,73.0
3174,1,50,154.0,62.0,22.0,100.0,40.6,129.0
3175,1,55,154.0,53.0,22.0,98.0,41.0,129.0
3176,1,63,161.0,59.0,12.0,89.0,40.5,59.0
3177,1,37,169.0,67.0,7.0,84.0,39.6,27.0
3178,1,54,194.0,94.0,27.0,108.0,40.6,171.0
3179,0,40,177.0,84.0,7.0,90.0,39.8,29.0
3180,0,48,195.0,95.0,15.0,93.0,40.2,78.0
3181,1,20,153.0,52.0,14.0,92.0,40.1,64.0
3182,1,42,166.0,69.0,8.0,81.0,39.4,29.0
3183,0,77,190.0,96.0,28.0,103.0,41.0,228.0
3184,0,58,187.0,87.0,23.0,111.0,40.8,190.0
3185,1,56,143.0,48.0,10.0,98.0,39.7,59.0
3186,1,67,175.0,72.0,13.0,95.0,40.3,71.0
3187,0,24,191.0,86.0,4.0,81.0,39.2,8.0
3188,1,73,185.0,79.0,15.0,95.0,40.1,82.0
3189,1,58,161.0,61.0,11.0,87.0,39.9,51.0
3190,1,30,170.0,64.0,6.0,86.0,39.0,24.0
3191,1,21,166.0,63.0,5.0,81.0,39.3,16.0
3192,1,31,173.0,70.0,6.0,84.0,39.2,22.0
3193,1,41,161.0,55.0,23.0,107.0,40.4,150.0
3194,0,55,179.0,85.0,23.0,108.0,40.6,175.0
3195,0,35,174.0,80.0,17.0,90.0,40.5,65.0
3196,0,22,183.0,83.0,13.0,99.0,40.1,60.0
3197,0,24,189.0,93.0,20.0,93.0,40.4,80.0
3198,0,23,182.0,84.0,15.0,93.0,40.6,57.0
3199,0,27,187.0,89.0,11.0,94.0,40.0,47.0
3200,1,38,169.0,72.0,6.0,82.0,39.4,21.0
3201,0,32,188.0,91.0,30.0,128.0,40.9,289.0
3202,0,44,196.0,102.0,30.0,101.0,41.1,192.0
3203,1,56,155.0,60.0,3.0,84.0,38.7,13.0
3204,0,46,203.0,107.0,6.0,82.0,39.4,22.0
3205,1,52,174.0,68.0,30.0,113.0,41.0,216.0
3206,1,23,156.0,58.0,4.0,85.0,39.1,15.0
3207,1,72,177.0,79.0,1.0,83.0,37.8,4.0
3208,1,21,159.0,50.0,11.0,86.0,40.1,44.0
3209,0,52,175.0,82.0,9.0,91.0,39.6,43.0
3210,0,20,187.0,90.0,25.0,105.0,40.7,139.0
3211,0,24,179.0,83.0,22.0,105.0,40.4,124.0
3212,1,23,160.0,62.0,9.0,97.0,39.3,45.0
3213,1,44,174.0,67.0,8.0,87.0,39.9,34.0
3214,1,32,158.0,55.0,24.0,110.0,40.8,161.0
3215,1,75,186.0,77.0,14.0,90.0,40.0,70.0
3216,0,55,199.0,105.0,15.0,87.0,39.8,73.0
3217,0,20,177.0,77.0,2.0,90.0,38.6,6.0
3218,0,24,188.0,92.0,27.0,105.0,40.5,157.0
3219,1,46,166.0,58.0,10.0,93.0,39.6,51.0
3220,1,62,176.0,77.0,30.0,116.0,40.6,227.0
3221,0,32,185.0,84.0,17.0,98.0,40.3,84.0
3222,1,23,182.0,70.0,17.0,102.0,40.3,93.0
3223,0,62,189.0,98.0,26.0,109.0,41.0,218.0
3224,1,50,175.0,77.0,2.0,77.0,38.4,6.0
3225,1,41,192.0,83.0,6.0,90.0,39.4,26.0
3226,1,40,171.0,70.0,24.0,107.0,40.7,151.0
3227,1,44,158.0,54.0,12.0,100.0,40.1,70.0
3228,0,37,189.0,97.0,11.0,88.0,39.7,44.0
3229,0,43,211.0,113.0,7.0,81.0,39.4,25.0
3230,0,60,186.0,94.0,21.0,97.0,40.4,134.0
3231,0,43,201.0,104.0,28.0,103.0,40.7,187.0
3232,0,35,174.0,76.0,12.0,97.0,40.2,57.0
3233,0,27,188.0,81.0,8.0,92.0,39.6,30.0
3234,1,77,166.0,65.0,20.0,105.0,40.3,136.0
3235,1,27,178.0,77.0,19.0,104.0,40.7,108.0
3236,0,26,175.0,78.0,8.0,94.0,39.4,32.0
3237,1,30,172.0,70.0,23.0,102.0,40.6,129.0
3238,0,27,169.0,73.0,23.0,101.0,41.0,114.0
3239,0,23,170.0,70.0,29.0,110.0,40.7,175.0
3240,0,25,188.0,91.0,9.0,97.0,39.6,42.0
3241,0,48,179.0,82.0,11.0,90.0,39.6,49.0
3242,1,30,144.0,47.0,21.0,99.0,40.6,117.0
3243,1,69,161.0,59.0,24.0,105.0,40.8,162.0
3244,0,61,191.0,100.0,28.0,111.0,40.8,243.0
3245,1,20,174.0,70.0,26.0,98.0,41.0,130.0
3246,0,30,187.0,94.0,18.0,94.0,40.4,81.0
3247,1,24,160.0,63.0,3.0,79.0,38.5,9.0
3248,0,56,200.0,101.0,28.0,112.0,40.9,241.0
3249,1,38,169.0,67.0,3.0,85.0,38.5,12.0
3250,0,49,184.0,91.0,14.0,96.0,40.1,79.0
3251,1,69,172.0,69.0,17.0,93.0,40.8,91.0
3252,1,34,179.0,75.0,7.0,91.0,39.4,31.0
3253,1,26,169.0,67.0,13.0,92.0,40.1,58.0
3254,1,53,167.0,67.0,28.0,112.0,40.7,199.0
3255,0,24,169.0,74.0,12.0,93.0,39.8,43.0
3256,0,76,173.0,82.0,25.0,114.0,41.1,236.0
3257,1,65,162.0,65.0,12.0,98.0,39.8,70.0
3258,1,24,174.0,72.0,8.0,91.0,39.8,34.0
3259,1,73,178.0,78.0,29.0,115.0,40.9,221.0
3260,0,39,182.0,81.0,24.0,92.0,40.5,104.0
3261,1,42,167.0,66.0,20.0,105.0,40.2,124.0
3262,1,29,169.0,69.0,15.0,97.0,40.4,76.0
3263,1,65,178.0,82.0,2.0,79.0,38.1,7.0
3264,0,37,168.0,68.0,25.0,97.0,41.1,118.0
3265,0,24,175.0,77.0,18.0,93.0,40.0,66.0
3266,0,61,180.0,83.0,15.0,89.0,40.1,75.0
3267,0,29,184.0,93.0,8.0,88.0,40.0,28.0
3268,1,35,177.0,74.0,26.0,102.0,41.3,146.0
3269,1,26,156.0,56.0,20.0,98.0,40.1,106.0
3270,1,35,157.0,52.0,14.0,99.0,40.1,79.0
3271,0,48,181.0,90.0,14.0,90.0,40.3,65.0
3272,1,51,156.0,63.0,9.0,92.0,40.1,45.0
3273,0,76,170.0,81.0,5.0,82.0,38.9,23.0
3274,1,38,177.0,78.0,4.0,79.0,38.9,13.0
3275,1,38,155.0,59.0,28.0,115.0,40.4,204.0
3276,1,27,159.0,63.0,13.0,93.0,40.1,61.0
3277,1,36,180.0,80.0,22.0,109.0,40.9,139.0
3278,0,38,189.0,90.0,20.0,99.0,40.7,111.0
3279,0,30,165.0,65.0,16.0,87.0,40.4,45.0
3280,0,56,182.0,86.0,20.0,105.0,40.7,144.0
3281,0,21,197.0,101.0,30.0,108.0,41.0,189.0
3282,0,20,191.0,94.0,9.0,92.0,40.0,33.0
3283,0,55,171.0,70.0,17.0,93.0,40.3,85.0
3284,0,26,186.0,87.0,21.0,103.0,40.6,115.0
3285,0,48,187.0,87.0,1.0,70.0,37.7,2.0
3286,0,33,196.0,92.0,15.0,98.0,40.0,78.0
3287,0,22,178.0,80.0,28.0,113.0,40.7,186.0
3288,0,23,177.0,74.0,24.0,113.0,40.6,158.0
3289,1,43,162.0,64.0,30.0,105.0,41.2,187.0
3290,0,24,190.0,93.0,28.0,109.0,40.8,180.0
3291,1,39,156.0,55.0,15.0,95.0,39.9,78.0
3292,0,29,184.0,85.0,24.0,105.0,40.9,142.0
3293,0,38,180.0,80.0,24.0,98.0,40.8,124.0
3294,1,70,172.0,73.0,3.0,80.0,38.6,12.0
3295,1,55,145.0,55.0,15.0,101.0,40.1,92.0
3296,1,79,163.0,66.0,2.0,90.0,38.3,10.0
3297,0,79,195.0,105.0,20.0,98.0,40.7,154.0
3298,1,76,162.0,65.0,10.0,94.0,39.8,56.0
3299,0,48,186.0,90.0,17.0,94.0,40.6,89.0
3300,0,41,183.0,85.0,28.0,106.0,40.9,186.0
3301,0,27,189.0,93.0,30.0,104.0,40.7,175.0
3302,0,27,181.0,83.0,6.0,86.0,39.4,17.0
3303,1,64,169.0,71.0,19.0,100.0,40.5,113.0
3304,1,30,176.0,71.0,4.0,82.0,38.6,14.0
3305,0,67,183.0,89.0,24.0,107.0,40.7,195.0
3306,0,40,201.0,97.0,10.0,99.0,40.0,58.0
3307,1,43,190.0,88.0,4.0,81.0,38.5,13.0
3308,0,66,193.0,97.0,20.0,95.0,40.6,129.0
3309,0,41,178.0,87.0,15.0,83.0,40.3,48.0
3310,0,29,193.0,91.0,16.0,94.0,40.0,70.0
3311,0,28,181.0,91.0,28.0,101.0,41.0,151.0
3312,0,39,184.0,88.0,17.0,93.0,40.4,79.0
3313,1,42,176.0,71.0,17.0,97.0,40.1,89.0
3314,0,26,181.0,78.0,16.0,98.0,40.2,73.0
3315,1,74,162.0,67.0,23.0,100.0,40.8,143.0
3316,1,51,175.0,68.0,4.0,89.0,38.9,18.0
3317,0,52,199.0,99.0,5.0,93.0,39.0,27.0
3318,0,20,187.0,93.0,8.0,89.0,39.5,26.0
3319,0,22,187.0,94.0,17.0,91.0,40.2,62.0
3320,1,29,163.0,62.0,13.0,96.0,39.7,66.0
3321,1,78,151.0,53.0,14.0,102.0,40.2,93.0
3322,0,24,196.0,94.0,22.0,99.0,40.6,109.0
3323,0,53,165.0,71.0,20.0,96.0,40.9,108.0
3324,0,39,182.0,82.0,4.0,82.0,38.6,11.0
3325,1,74,145.0,48.0,25.0,101.0,40.7,164.0
3326,0,25,180.0,81.0,7.0,84.0,39.5,17.0
3327,1,26,168.0,70.0,28.0,101.0,41.3,152.0
3328,1,22,155.0,53.0,17.0,108.0,40.4,108.0
3329,1,69,172.0,67.0,13.0,94.0,40.0,71.0
3330,0,31,198.0,101.0,3.0,77.0,39.0,6.0
3331,1,27,166.0,59.0,13.0,88.0,40.1,55.0
3332,1,28,167.0,63.0,1.0,73.0,37.6,3.0
3333,1,64,156.0,56.0,5.0,81.0,38.9,21.0
3334,1,34,163.0,61.0,1.0,74.0,38.2,3.0
3335,1,41,186.0,81.0,10.0,95.0,39.3,49.0
3336,1,22,173.0,67.0,29.0,103.0,40.8,162.0
3337,1,61,162.0,61.0,16.0,99.0,40.4,95.0
3338,0,44,195.0,92.0,6.0,83.0,39.4,21.0
3339,1,58,174.0,72.0,18.0,107.0,40.5,119.0
3340,0,22,177.0,78.0,25.0,102.0,40.7,124.0
3341,0,71,183.0,80.0,6.0,84.0,39.0,28.0
3342,0,28,174.0,76.0,7.0,89.0,39.6,23.0
3343,1,79,159.0,64.0,17.0,101.0,40.2,109.0
3344,0,30,178.0,76.0,8.0,81.0,39.9,17.0
3345,1,66,158.0,57.0,8.0,90.0,39.5,41.0
3346,0,69,180.0,86.0,7.0,89.0,39.4,38.0
3347,1,22,157.0,54.0,21.0,88.0,40.0,88.0
3348,0,23,189.0,91.0,24.0,101.0,40.6,123.0
3349,0,52,176.0,82.0,4.0,80.0,38.9,13.0
3350,1,37,158.0,57.0,27.0,106.0,40.8,171.0
3351,1,22,164.0,58.0,27.0,107.0,40.8,166.0
3352,1,75,161.0,63.0,25.0,105.0,40.5,170.0
3353,0,32,176.0,74.0,21.0,106.0,40.5,125.0
3354,1,59,157.0,51.0,11.0,94.0,39.8,61.0
3355,0,56,188.0,90.0,10.0,91.0,39.7,52.0
3356,0,50,192.0,87.0,20.0,103.0,40.4,133.0
3357,0,23,207.0,101.0,24.0,103.0,41.0,136.0
3358,1,34,167.0,68.0,30.0,105.0,40.7,180.0
3359,0,50,182.0,85.0,14.0,90.0,40.2,65.0
3360,0,42,187.0,92.0,5.0,87.0,39.1,20.0
3361,1,69,175.0,68.0,15.0,98.0,40.0,88.0
3362,1,32,160.0,54.0,2.0,87.0,38.3,8.0
3363,0,57,183.0,93.0,6.0,90.0,39.4,31.0
3364,1,33,156.0,57.0,1.0,74.0,37.8,3.0
3365,1,33,181.0,75.0,5.0,81.0,39.4,17.0
3366,0,42,190.0,88.0,2.0,79.0,38.7,5.0
3367,1,26,170.0,63.0,22.0,106.0,40.4,133.0
3368,1,49,178.0,77.0,23.0,109.0,40.4,151.0
3369,0,26,199.0,93.0,22.0,104.0,40.6,127.0
3370,1,57,167.0,63.0,28.0,103.0,40.8,176.0
3371,1,61,166.0,64.0,7.0,87.0,39.5,32.0
3372,1,41,184.0,83.0,28.0,102.0,40.9,157.0
3373,1,45,166.0,59.0,7.0,80.0,39.1,26.0
3374,1,65,152.0,51.0,23.0,103.0,40.8,151.0
3375,1,29,156.0,54.0,28.0,102.0,40.8,162.0
3376,1,28,169.0,65.0,23.0,96.0,40.7,115.0
3377,0,24,209.0,110.0,8.0,80.0,40.0,19.0
3378,0,43,178.0,81.0,25.0,102.0,40.8,151.0
3379,0,39,175.0,74.0,9.0,93.0,39.5,39.0
3380,0,59,190.0,99.0,25.0,107.0,40.7,199.0
3381,1,53,147.0,54.0,22.0,100.0,40.6,132.0
3382,1,46,168.0,70.0,5.0,77.0,39.1,16.0
3383,1,64,159.0,59.0,29.0,112.0,41.3,215.0
3384,0,48,196.0,94.0,1.0,85.0,37.9,4.0
3385,1,64,163.0,67.0,27.0,115.0,40.7,206.0
3386,0,64,189.0,99.0,25.0,109.0,40.8,212.0
3387,0,43,204.0,107.0,13.0,94.0,40.1,70.0
3388,1,55,160.0,58.0,21.0,104.0,40.9,135.0
3389,0,23,173.0,73.0,23.0,100.0,40.7,106.0
3390,0,39,184.0,89.0,7.0,90.0,39.5,29.0
3391,0,38,170.0,74.0,26.0,109.0,40.5,174.0
3392,0,57,174.0,78.0,29.0,112.0,41.3,236.0
3393,1,53,160.0,59.0,19.0,100.0,40.3,113.0
3394,1,41,169.0,64.0,18.0,101.0,40.6,104.0
3395,0,34,170.0,77.0,13.0,100.0,39.9,68.0
3396,0,25,173.0,77.0,9.0,94.0,39.4,35.0
3397,1,30,163.0,64.0,25.0,98.0,40.6,131.0
3398,0,32,185.0,89.0,4.0,88.0,38.6,14.0
3399,0,26,191.0,93.0,13.0,89.0,40.3,46.0
3400,1,31,153.0,60.0,12.0,93.0,40.0,57.0
3401,0,37,189.0,85.0,21.0,106.0,40.4,135.0
3402,0,35,173.0,76.0,17.0,101.0,39.7,92.0
3403,0,77,207.0,105.0,13.0,101.0,39.9,105.0
3404,1,39,157.0,63.0,2.0,77.0,38.4,6.0
3405,1,41,182.0,77.0,23.0,115.0,40.6,163.0
3406,0,26,171.0,77.0,28.0,105.0,40.7,156.0
3407,1,21,185.0,77.0,12.0,92.0,40.1,51.0
3408,0,52,170.0,77.0,24.0,108.0,40.6,175.0
3409,1,23,177.0,74.0,27.0,103.0,40.7,149.0
3410,1,31,171.0,72.0,15.0,93.0,40.1,69.0
3411,1,25,157.0,59.0,11.0,82.0,39.7,39.0
3412,1,25,163.0,63.0,20.0,102.0,40.3,112.0
3413,1,58,166.0,66.0,30.0,115.0,41.1,226.0
3414,1,63,184.0,77.0,1.0,79.0,38.1,4.0
3415,0,21,185.0,87.0,12.0,88.0,39.9,36.0
3416,0,39,185.0,87.0,26.0,110.0,40.9,187.0
3417,1,49,156.0,55.0,11.0,96.0,39.8,60.0
3418,0,73,200.0,106.0,12.0,89.0,40.0,73.0
3419,1,39,177.0,73.0,27.0,105.0,40.8,163.0
3420,0,22,176.0,75.0,26.0,106.0,40.6,143.0
3421,0,43,173.0,74.0,12.0,89.0,39.9,47.0
3422,1,23,174.0,69.0,8.0,89.0,39.7,33.0
3423,1,53,162.0,58.0,30.0,111.0,40.8,214.0
3424,1,42,153.0,56.0,19.0,102.0,40.5,114.0
3425,1,20,157.0,57.0,6.0,82.0,39.1,21.0
3426,0,23,198.0,94.0,29.0,106.0,40.8,173.0
3427,0,52,194.0,92.0,15.0,100.0,40.2,96.0
3428,0,55,181.0,80.0,27.0,107.0,41.1,198.0
3429,1,25,166.0,68.0,12.0,100.0,40.2,64.0
3430,0,21,177.0,77.0,2.0,87.0,38.8,5.0
3431,1,38,170.0,64.0,9.0,91.0,39.6,42.0
3432,0,50,190.0,100.0,27.0,104.0,40.8,191.0
3433,1,49,164.0,63.0,5.0,91.0,38.9,24.0
3434,0,22,177.0,80.0,7.0,86.0,39.5,18.0
3435,1,63,161.0,57.0,2.0,86.0,38.7,9.0
3436,0,73,180.0,82.0,2.0,79.0,38.2,8.0
3437,0,31,190.0,92.0,13.0,92.0,40.0,54.0
3438,1,26,170.0,67.0,19.0,97.0,40.6,96.0
3439,0,48,202.0,102.0,29.0,117.0,40.7,261.0
3440,0,40,204.0,109.0,2.0,76.0,38.1,5.0
3441,1,57,157.0,54.0,6.0,92.0,39.2,31.0
3442,0,47,182.0,87.0,23.0,103.0,40.4,150.0
3443,1,23,158.0,55.0,20.0,105.0,40.2,120.0
3444,1,25,149.0,50.0,8.0,95.0,39.5,40.0
3445,0,53,181.0,79.0,15.0,98.0,40.2,88.0
3446,1,40,178.0,73.0,8.0,88.0,39.7,34.0
3447,1,78,154.0,60.0,9.0,85.0,39.7,43.0
3448,1,32,176.0,70.0,2.0,86.0,38.6,8.0
3449,0,35,200.0,97.0,5.0,92.0,39.1,22.0
3450,0,34,191.0,91.0,27.0,115.0,40.7,210.0
3451,0,43,171.0,76.0,14.0,95.0,40.2,68.0
3452,0,25,197.0,93.0,25.0,97.0,40.9,117.0
3453,1,39,165.0,64.0,16.0,97.0,40.5,85.0
3454,1,25,163.0,60.0,7.0,89.0,39.4,30.0
3455,1,43,163.0,57.0,17.0,92.0,40.2,84.0
3456,1,58,161.0,62.0,19.0,104.0,40.5,122.0
3457,0,58,181.0,84.0,11.0,78.0,39.9,35.0
3458,0,73,169.0,71.0,26.0,104.0,40.6,197.0
3459,1,30,161.0,61.0,30.0,106.0,40.8,184.0
3460,1,33,182.0,78.0,5.0,83.0,39.3,18.0
3461,1,47,153.0,57.0,26.0,104.0,40.9,164.0
3462,0,49,165.0,70.0,26.0,99.0,40.7,146.0
3463,0,46,194.0,101.0,2.0,80.0,38.0,7.0
3464,1,60,162.0,63.0,12.0,100.0,39.9,72.0
3465,0,42,192.0,87.0,23.0,106.0,41.0,155.0
3466,0,65,190.0,91.0,27.0,114.0,40.5,246.0
3467,1,40,160.0,59.0,21.0,108.0,40.6,138.0
3468,1,25,160.0,61.0,3.0,81.0,38.3,10.0
3469,0,45,200.0,97.0,24.0,106.0,40.7,170.0
3470,1,20,156.0,52.0,10.0,97.0,39.5,51.0
3471,0,69,187.0,90.0,2.0,78.0,38.3,8.0
3472,1,41,159.0,57.0,17.0,93.0,40.1,85.0
3473,1,56,183.0,80.0,21.0,97.0,40.4,113.0
3474,0,41,178.0,76.0,28.0,104.0,40.8,172.0
3475,1,31,163.0,60.0,7.0,86.0,39.4,28.0
3476,1,73,184.0,83.0,15.0,98.0,40.6,86.0
3477,0,20,172.0,71.0,18.0,99.0,40.3,77.0
3478,0,51,178.0,88.0,12.0,92.0,40.2,61.0
3479,0,50,176.0,82.0,5.0,86.0,39.2,20.0
3480,0,22,179.0,73.0,10.0,84.0,39.9,21.0
3481,1,38,169.0,74.0,3.0,82.0,38.8,11.0
3482,0,39,165.0,69.0,30.0,108.0,41.0,195.0
3483,1,23,181.0,74.0,9.0,91.0,39.6,38.0
3484,0,78,177.0,82.0,6.0,79.0,39.2,26.0
3485,0,78,174.0,80.0,9.0,87.0,39.5,49.0
3486,0,24,179.0,82.0,28.0,104.0,40.4,152.0
3487,0,45,189.0,91.0,5.0,96.0,39.1,27.0
3488,1,75,157.0,58.0,11.0,93.0,40.2,62.0
3489,0,47,196.0,101.0,22.0,103.0,40.9,150.0
3490,1,77,171.0,68.0,21.0,101.0,40.6,133.0
3491,0,72,198.0,100.0,2.0,77.0,38.4,8.0
3492,1,28,166.0,60.0,20.0,98.0,40.7,105.0
3493,1,20,155.0,51.0,11.0,98.0,39.7,58.0
3494,0,27,194.0,98.0,13.0,89.0,40.1,48.0
3495,0,39,209.0,111.0,22.0,102.0,40.5,143.0
3496,1,26,170.0,63.0,9.0,88.0,39.8,37.0
3497,1,70,166.0,65.0,27.0,109.0,40.4,192.0
3498,0,27,172.0,72.0,22.0,98.0,40.9,98.0
3499,1,25,162.0,60.0,2.0,80.0,38.1,7.0
3500,0,54,193.0,93.0,10.0,81.0,39.9,37.0
3501,0,60,184.0,89.0,12.0,89.0,40.2,61.0
3502,0,62,180.0,83.0,27.0,99.0,40.8,177.0
3503,0,35,180.0,79.0,28.0,105.0,40.9,170.0
3504,0,41,173.0,79.0,29.0,105.0,40.8,184.0
3505,1,38,162.0,68.0,2.0,81.0,38.6,7.0
3506,0,22,182.0,84.0,13.0,92.0,40.1,47.0
3507,0,63,186.0,92.0,8.0,90.0,39.7,43.0
3508,1,36,166.0,58.0,25.0,101.0,41.1,144.0
3509,0,21,197.0,103.0,14.0,99.0,40.0,70.0
3510,0,22,174.0,76.0,15.0,93.0,40.6,53.0
3511,1,63,160.0,61.0,8.0,88.0,40.0,38.0
3512,0,28,183.0,87.0,15.0,100.0,40.3,77.0
3513,1,27,166.0,62.0,15.0,88.0,39.9,62.0
3514,0,68,191.0,98.0,22.0,99.0,41.0,157.0
3515,1,26,163.0,57.0,20.0,92.0,40.8,93.0
3516,0,24,190.0,89.0,27.0,103.0,40.9,147.0
3517,1,41,154.0,56.0,21.0,105.0,40.5,132.0
3518,1,29,161.0,62.0,24.0,106.0,40.4,147.0
3519,0,27,188.0,84.0,6.0,87.0,39.1,18.0
3520,0,73,197.0,100.0,10.0,88.0,39.9,58.0
3521,1,39,166.0,61.0,4.0,85.0,38.9,16.0
3522,0,79,190.0,92.0,22.0,99.0,40.6,166.0
3523,0,59,185.0,91.0,22.0,98.0,40.8,141.0
3524,1,31,169.0,66.0,26.0,112.0,40.4,175.0
3525,0,29,187.0,85.0,3.0,82.0,38.2,7.0
3526,1,22,146.0,50.0,22.0,108.0,40.5,140.0
3527,0,42,204.0,105.0,13.0,91.0,40.2,63.0
3528,0,56,181.0,82.0,20.0,102.0,40.2,134.0
3529,1,56,180.0,76.0,4.0,71.0,38.8,11.0
3530,1,31,180.0,73.0,19.0,93.0,40.6,88.0
3531,0,57,171.0,78.0,14.0,85.0,40.0,57.0
3532,0,46,181.0,82.0,4.0,86.0,38.9,15.0
3533,0,23,183.0,80.0,17.0,97.0,40.1,73.0
3534,0,52,183.0,86.0,11.0,87.0,40.0,47.0
3535,1,34,158.0,61.0,12.0,85.0,39.9,48.0
3536,1,31,162.0,58.0,21.0,100.0,40.5,117.0
3537,1,37,148.0,51.0,3.0,90.0,38.9,14.0
3538,0,69,193.0,99.0,7.0,90.0,39.4,41.0
3539,0,75,213.0,119.0,13.0,95.0,39.8,95.0
3540,1,22,162.0,56.0,20.0,95.0,40.4,98.0
3541,0,47,191.0,95.0,20.0,93.0,40.3,103.0
3542,1,53,164.0,65.0,13.0,98.0,40.3,73.0
3543,0,64,187.0,94.0,28.0,110.0,40.8,239.0
3544,0,56,182.0,85.0,6.0,96.0,39.2,35.0
3545,1,34,166.0,68.0,14.0,84.0,39.9,53.0
3546,0,63,185.0,88.0,27.0,113.0,40.6,238.0
3547,1,42,174.0,72.0,18.0,97.0,40.4,94.0
3548,1,30,171.0,68.0,7.0,91.0,39.6,31.0
3549,0,40,179.0,76.0,5.0,85.0,39.4,16.0
3550,0,38,196.0,100.0,29.0,111.0,40.6,219.0
3551,0,29,183.0,87.0,4.0,78.0,38.6,7.0
3552,1,43,167.0,63.0,9.0,94.0,39.6,46.0
3553,1,67,160.0,57.0,10.0,84.0,40.0,45.0
3554,0,30,172.0,75.0,28.0,103.0,40.6,152.0
3555,1,41,148.0,54.0,16.0,101.0,40.5,94.0
3556,1,26,151.0,51.0,7.0,83.0,39.6,26.0
3557,1,26,158.0,61.0,13.0,97.0,40.3,66.0
3558,0,33,162.0,67.0,13.0,94.0,40.3,53.0
3559,0,48,182.0,84.0,17.0,96.0,40.3,92.0
3560,1,72,173.0,73.0,15.0,97.0,40.5,86.0
3561,0,33,201.0,105.0,27.0,103.0,40.9,168.0
3562,0,27,187.0,89.0,18.0,106.0,40.7,109.0
3563,0,77,186.0,93.0,29.0,102.0,40.8,230.0
3564,0,28,188.0,87.0,4.0,91.0,39.0,15.0
3565,1,24,154.0,57.0,2.0,79.0,38.1,6.0
3566,1,45,156.0,60.0,19.0,104.0,40.5,118.0
3567,1,54,175.0,71.0,11.0,88.0,39.7,50.0
3568,0,44,194.0,92.0,24.0,98.0,40.8,137.0
3569,0,42,192.0,92.0,7.0,91.0,38.9,32.0
3570,1,30,164.0,61.0,5.0,79.0,38.8,16.0
3571,0,61,200.0,99.0,9.0,78.0,39.7,33.0
3572,0,41,168.0,70.0,6.0,84.0,39.3,18.0
3573,0,76,189.0,86.0,28.0,105.0,40.7,229.0
3574,1,21,177.0,76.0,20.0,106.0,40.6,116.0
3575,1,55,151.0,52.0,26.0,107.0,41.0,177.0
3576,0,48,175.0,75.0,19.0,110.0,40.7,140.0
3577,0,21,178.0,81.0,27.0,116.0,40.9,191.0
3578,0,64,174.0,81.0,3.0,83.0,38.6,13.0
3579,1,71,165.0,60.0,28.0,115.0,40.7,220.0
3580,1,57,188.0,88.0,5.0,78.0,39.1,16.0
3581,1,43,150.0,55.0,25.0,101.0,40.8,148.0
3582,0,66,193.0,101.0,1.0,83.0,37.9,5.0
3583,0,36,184.0,84.0,23.0,105.0,40.8,143.0
3584,0,67,192.0,92.0,24.0,108.0,40.7,200.0
3585,1,36,159.0,60.0,10.0,90.0,39.7,46.0
3586,1,40,160.0,61.0,29.0,115.0,41.1,211.0
3587,0,36,171.0,75.0,13.0,90.0,40.3,49.0
3588,0,54,190.0,94.0,29.0,111.0,40.5,238.0
3589,1,32,156.0,59.0,12.0,93.0,40.1,58.0
3590,0,20,168.0,69.0,13.0,98.0,40.1,53.0
3591,1,42,147.0,50.0,18.0,99.0,40.5,104.0
3592,0,43,189.0,89.0,15.0,94.0,40.4,75.0
3593,1,24,188.0,74.0,9.0,90.0,39.6,37.0
3594,1,27,171.0,68.0,6.0,87.0,39.2,24.0
3595,0,55,194.0,99.0,20.0,100.0,40.6,134.0
3596,0,75,158.0,69.0,28.0,114.0,40.8,256.0
3597,1,38,159.0,59.0,22.0,94.0,40.4,111.0
3598,1,22,171.0,68.0,26.0,107.0,41.0,156.0
3599,1,72,160.0,62.0,11.0,94.0,39.8,62.0
3600,1,39,158.0,54.0,26.0,94.0,40.7,133.0
3601,1,48,175.0,75.0,11.0,92.0,40.0,53.0
3602,1,69,168.0,66.0,25.0,111.0,40.6,183.0
3603,1,67,161.0,60.0,12.0,86.0,40.4,56.0
3604,1,36,175.0,70.0,18.0,98.0,40.2,95.0
3605,0,26,195.0,86.0,26.0,102.0,40.7,138.0
3606,0,30,186.0,83.0,13.0,96.0,40.0,59.0
3607,1,27,158.0,59.0,24.0,106.0,40.4,147.0
3608,0,65,187.0,98.0,29.0,108.0,41.3,243.0
3609,1,57,169.0,70.0,23.0,97.0,40.6,127.0
3610,1,29,165.0,58.0,12.0,90.0,39.8,54.0
3611,1,24,157.0,56.0,15.0,98.0,39.7,79.0
3612,0,69,200.0,98.0,17.0,96.0,39.9,115.0
3613,1,32,172.0,66.0,7.0,79.0,39.4,23.0
3614,1,35,163.0,62.0,18.0,100.0,40.1,100.0
3615,1,20,150.0,53.0,3.0,77.0,38.6,9.0
3616,0,55,164.0,69.0,21.0,106.0,40.6,146.0
3617,0,54,187.0,85.0,26.0,96.0,40.7,149.0
3618,1,35,179.0,75.0,19.0,100.0,40.5,103.0
3619,0,23,206.0,109.0,17.0,100.0,40.5,91.0
3620,1,40,160.0,59.0,7.0,81.0,39.8,26.0
3621,1,27,175.0,69.0,25.0,105.0,40.8,147.0
3622,0,31,182.0,82.0,9.0,97.0,39.7,43.0
3623,1,27,172.0,66.0,12.0,94.0,39.7,57.0
3624,1,29,169.0,63.0,13.0,91.0,40.0,58.0
3625,0,70,191.0,96.0,17.0,99.0,40.2,123.0
3626,0,28,192.0,94.0,18.0,94.0,40.1,79.0
3627,0,43,179.0,84.0,11.0,97.0,39.7,59.0
3628,1,35,184.0,79.0,21.0,102.0,40.4,117.0
3629,0,52,171.0,81.0,17.0,102.0,40.6,110.0
3630,1,25,163.0,63.0,15.0,96.0,39.7,74.0
3631,0,47,194.0,98.0,19.0,102.0,40.5,125.0
3632,1,77,153.0,54.0,12.0,88.0,40.0,62.0
3633,1,24,157.0,56.0,25.0,107.0,40.8,155.0
3634,0,25,182.0,81.0,8.0,91.0,39.5,28.0
3635,1,30,173.0,67.0,3.0,83.0,38.6,11.0
3636,0,53,199.0,98.0,14.0,92.0,40.4,75.0
3637,1,20,174.0,77.0,21.0,110.0,40.7,130.0
3638,0,23,186.0,88.0,3.0,79.0,38.6,5.0
3639,1,21,184.0,69.0,14.0,98.0,40.3,70.0
3640,0,38,190.0,94.0,13.0,90.0,40.0,55.0
3641,0,73,184.0,90.0,10.0,90.0,39.6,59.0
3642,0,28,176.0,78.0,12.0,84.0,39.8,30.0
3643,0,64,164.0,70.0,25.0,105.0,40.2,182.0
3644,0,54,190.0,98.0,25.0,109.0,40.5,200.0
3645,0,72,187.0,91.0,4.0,80.0,38.9,17.0
3646,0,68,195.0,98.0,21.0,105.0,40.4,169.0
3647,0,56,171.0,71.0,8.0,87.0,39.6,33.0
3648,0,22,189.0,93.0,5.0,77.0,39.2,8.0
3649,0,46,174.0,80.0,2.0,89.0,38.1,8.0
3650,0,20,183.0,83.0,5.0,87.0,39.4,14.0
3651,0,69,184.0,89.0,9.0,93.0,39.6,55.0
3652,1,53,153.0,52.0,17.0,104.0,40.5,110.0
3653,0,20,180.0,80.0,6.0,82.0,39.2,11.0
3654,0,38,177.0,81.0,4.0,84.0,39.3,12.0
3655,1,27,164.0,59.0,19.0,92.0,40.6,88.0
3656,1,39,145.0,51.0,30.0,108.0,41.0,200.0
3657,0,71,175.0,82.0,18.0,89.0,40.4,98.0
3658,0,29,195.0,93.0,2.0,78.0,38.2,4.0
3659,1,25,154.0,54.0,20.0,98.0,40.4,106.0
3660,1,70,152.0,56.0,25.0,105.0,40.9,170.0
3661,1,66,174.0,74.0,23.0,99.0,40.8,135.0
3662,1,50,159.0,59.0,30.0,106.0,41.1,196.0
3663,0,37,192.0,91.0,24.0,117.0,40.9,197.0
3664,0,34,181.0,78.0,3.0,86.0,38.2,9.0
3665,1,64,161.0,62.0,15.0,102.0,40.5,95.0
3666,0,55,187.0,88.0,4.0,82.0,39.1,15.0
3667,0,56,187.0,87.0,18.0,99.0,40.6,114.0
3668,0,44,181.0,79.0,17.0,94.0,40.3,82.0
3669,0,21,194.0,88.0,29.0,114.0,40.9,201.0
3670,0,21,185.0,89.0,2.0,90.0,38.0,7.0
3671,1,62,161.0,61.0,3.0,85.0,38.7,13.0
3672,1,66,157.0,58.0,15.0,88.0,40.4,74.0
3673,0,22,181.0,83.0,8.0,86.0,39.5,21.0
3674,0,29,199.0,102.0,21.0,102.0,40.3,122.0
3675,0,60,199.0,107.0,26.0,112.0,40.6,232.0
3676,0,20,194.0,97.0,20.0,96.0,40.4,87.0
3677,0,25,179.0,83.0,4.0,84.0,38.9,10.0
3678,1,41,165.0,67.0,7.0,88.0,39.4,30.0
3679,0,52,167.0,74.0,11.0,98.0,39.7,63.0
3680,0,28,198.0,101.0,5.0,87.0,39.4,17.0
3681,0,54,203.0,110.0,16.0,94.0,40.2,96.0
3682,1,44,173.0,74.0,30.0,109.0,41.3,196.0
3683,1,72,146.0,49.0,22.0,103.0,40.5,148.0
3684,1,50,152.0,55.0,30.0,114.0,41.0,223.0
3685,1,38,174.0,73.0,17.0,100.0,40.3,93.0
3686,0,55,192.0,91.0,16.0,98.0,40.3,100.0
3687,1,26,155.0,47.0,4.0,86.0,38.9,17.0
3688,1,56,187.0,76.0,28.0,99.0,41.0,158.0
3689,0,29,183.0,87.0,17.0,97.0,40.2,80.0
3690,0,26,182.0,84.0,5.0,81.0,39.1,11.0
3691,1,36,177.0,73.0,30.0,109.0,40.9,192.0
3692,0,31,184.0,89.0,15.0,105.0,39.9,91.0
3693,0,32,175.0,75.0,15.0,93.0,40.3,60.0
3694,1,42,160.0,56.0,22.0,100.0,40.6,127.0
3695,0,51,198.0,95.0,19.0,98.0,40.5,116.0
3696,0,46,183.0,84.0,15.0,96.0,40.7,80.0
3697,0,70,181.0,89.0,6.0,90.0,39.3,34.0
3698,0,55,198.0,104.0,18.0,103.0,40.0,131.0
3699,1,28,154.0,56.0,28.0,106.0,40.4,173.0
3700,0,49,180.0,82.0,13.0,88.0,39.6,55.0
3701,0,45,185.0,87.0,24.0,107.0,40.8,168.0
3702,0,22,184.0,87.0,27.0,103.0,40.8,143.0
3703,1,59,155.0,55.0,20.0,96.0,40.4,113.0
3704,1,59,168.0,63.0,4.0,92.0,39.0,21.0
3705,0,22,185.0,88.0,22.0,113.0,40.6,150.0
3706,1,71,149.0,49.0,9.0,90.0,39.7,48.0
3707,0,66,197.0,101.0,7.0,81.0,39.3,31.0
3708,1,40,170.0,64.0,24.0,106.0,40.9,151.0
3709,1,20,159.0,56.0,5.0,86.0,38.9,20.0
3710,1,58,163.0,67.0,20.0,100.0,40.7,118.0
3711,0,54,181.0,88.0,30.0,110.0,41.1,238.0
3712,0,66,176.0,82.0,27.0,110.0,40.8,226.0
3713,0,68,194.0,99.0,4.0,80.0,38.6,17.0
3714,1,34,169.0,67.0,18.0,102.0,40.5,103.0
3715,1,35,159.0,63.0,19.0,92.0,40.4,90.0
3716,1,47,174.0,71.0,16.0,100.0,40.5,91.0
3717,0,27,178.0,75.0,16.0,100.0,40.5,77.0
3718,0,64,184.0,88.0,27.0,109.0,41.1,223.0
3719,0,76,185.0,94.0,15.0,85.0,40.1,80.0
3720,1,43,148.0,48.0,5.0,91.0,39.4,25.0
3721,0,20,189.0,86.0,11.0,91.0,40.1,37.0
3722,1,37,161.0,62.0,23.0,102.0,40.7,134.0
3723,1,22,145.0,50.0,3.0,89.0,38.7,13.0
3724,1,25,159.0,59.0,8.0,92.0,40.0,37.0
3725,0,69,176.0,76.0,18.0,104.0,40.3,135.0
3726,0,32,169.0,71.0,5.0,86.0,39.4,14.0
3727,0,58,199.0,105.0,8.0,95.0,39.7,50.0
3728,1,27,164.0,64.0,2.0,89.0,38.2,8.0
3729,0,38,190.0,96.0,8.0,83.0,39.5,26.0
3730,0,38,174.0,74.0,15.0,92.0,40.1,62.0
3731,0,45,188.0,97.0,13.0,92.0,39.5,65.0
3732,0,52,203.0,104.0,7.0,91.0,39.4,37.0
3733,1,27,170.0,65.0,10.0,90.0,39.5,43.0
3734,0,25,164.0,67.0,4.0,78.0,39.0,5.0
3735,0,45,191.0,91.0,26.0,110.0,40.7,196.0
3736,0,32,177.0,77.0,29.0,102.0,40.6,157.0
3737,0,28,198.0,103.0,2.0,87.0,38.3,7.0
3738,0,42,189.0,97.0,18.0,102.0,40.3,114.0
3739,1,32,165.0,63.0,10.0,95.0,40.3,50.0
3740,0,63,176.0,83.0,7.0,88.0,39.3,35.0
3741,1,22,151.0,52.0,3.0,79.0,38.6,10.0
3742,1,60,166.0,64.0,2.0,87.0,38.0,9.0
3743,0,59,177.0,85.0,17.0,91.0,40.3,89.0
3744,0,23,192.0,89.0,19.0,94.0,40.3,77.0
3745,1,40,179.0,75.0,26.0,101.0,41.2,146.0
3746,0,50,179.0,78.0,5.0,92.0,39.3,24.0
3747,1,23,146.0,48.0,7.0,91.0,39.7,32.0
3748,0,61,184.0,80.0,25.0,104.0,40.5,180.0
3749,0,35,188.0,89.0,5.0,83.0,39.0,15.0
3750,1,77,170.0,75.0,7.0,87.0,39.8,33.0
3751,0,21,193.0,97.0,19.0,98.0,40.3,90.0
3752,0,23,185.0,84.0,21.0,101.0,40.6,105.0
3753,1,34,179.0,70.0,12.0,87.0,39.9,49.0
3754,1,42,172.0,69.0,30.0,108.0,41.0,194.0
3755,0,23,154.0,60.0,9.0,90.0,39.5,25.0
3756,1,29,174.0,73.0,6.0,91.0,39.1,26.0
3757,1,54,149.0,49.0,7.0,84.0,39.6,31.0
3758,1,64,157.0,59.0,3.0,84.0,38.6,13.0
3759,0,27,172.0,77.0,13.0,101.0,39.9,65.0
3760,1,21,157.0,54.0,19.0,101.0,40.5,105.0
3761,0,24,183.0,85.0,27.0,107.0,40.8,161.0
3762,0,57,177.0,80.0,8.0,91.0,39.7,40.0
3763,1,23,169.0,60.0,21.0,99.0,40.5,111.0
3764,0,20,190.0,85.0,22.0,103.0,40.6,114.0
3765,1,75,148.0,51.0,30.0,104.0,40.9,206.0
3766,1,64,166.0,68.0,25.0,109.0,40.8,174.0
3767,1,50,156.0,55.0,23.0,98.0,40.8,132.0
3768,1,56,172.0,71.0,7.0,83.0,38.8,28.0
3769,0,21,191.0,97.0,3.0,86.0,38.1,9.0
3770,0,21,197.0,99.0,15.0,99.0,40.1,74.0
3771,0,30,179.0,84.0,25.0,105.0,40.8,148.0
3772,1,44,164.0,59.0,20.0,98.0,40.7,111.0
3773,1,38,175.0,74.0,16.0,99.0,40.5,86.0
3774,1,59,160.0,59.0,20.0,94.0,40.2,108.0
3775,1,74,181.0,77.0,7.0,87.0,39.0,33.0
3776,1,37,168.0,66.0,19.0,94.0,40.6,93.0
3777,0,28,180.0,78.0,5.0,80.0,38.9,10.0
3778,0,43,187.0,94.0,25.0,102.0,40.7,158.0
3779,1,48,150.0,51.0,5.0,85.0,39.2,22.0
3780,0,29,183.0,87.0,25.0,108.0,40.8,160.0
3781,1,29,167.0,67.0,10.0,90.0,40.2,43.0
3782,1,47,149.0,54.0,6.0,87.0,39.5,27.0
3783,1,25,157.0,57.0,5.0,85.0,38.9,19.0
3784,1,36,140.0,47.0,3.0,86.0,38.8,13.0
3785,0,36,195.0,94.0,3.0,86.0,38.7,11.0
3786,0,73,191.0,99.0,26.0,104.0,41.1,212.0
3787,1,22,165.0,64.0,15.0,93.0,40.3,69.0
3788,0,32,183.0,83.0,5.0,87.0,39.7,16.0
3789,0,26,196.0,101.0,15.0,92.0,40.2,62.0
3790,0,25,200.0,95.0,12.0,93.0,40.1,49.0
3791,0,34,175.0,76.0,15.0,92.0,40.3,60.0
3792,0,70,192.0,93.0,14.0,104.0,39.7,111.0
3793,1,74,159.0,57.0,18.0,97.0,40.3,108.0
3794,1,37,175.0,65.0,29.0,101.0,40.9,165.0
3795,0,42,179.0,77.0,4.0,72.0,38.4,6.0
3796,1,47,158.0,55.0,25.0,108.0,41.0,169.0
3797,0,28,202.0,97.0,11.0,91.0,39.7,44.0
3798,1,55,176.0,69.0,6.0,77.0,39.2,20.0
3799,1,54,166.0,71.0,23.0,103.0,40.7,141.0
3800,1,57,175.0,70.0,18.0,94.0,40.3,94.0
3801,1,72,186.0,89.0,24.0,100.0,40.9,141.0
3802,0,75,179.0,84.0,3.0,88.0,38.7,17.0
3803,0,38,169.0,71.0,10.0,84.0,39.8,29.0
3804,1,39,135.0,43.0,12.0,91.0,39.9,59.0
3805,1,62,168.0,68.0,21.0,99.0,40.5,123.0
3806,1,44,154.0,52.0,16.0,102.0,40.3,97.0
3807,1,22,169.0,62.0,4.0,81.0,38.7,13.0
3808,1,23,154.0,51.0,9.0,91.0,39.7,41.0
3809,0,39,180.0,79.0,14.0,96.0,40.1,69.0
3810,0,38,190.0,96.0,1.0,76.0,37.4,2.0
3811,0,27,195.0,93.0,27.0,103.0,41.0,153.0
3812,1,61,153.0,62.0,15.0,89.0,40.3,73.0
3813,1,68,147.0,48.0,8.0,86.0,39.5,39.0
3814,0,39,168.0,70.0,22.0,100.0,40.7,117.0
3815,0,23,193.0,88.0,1.0,84.0,37.7,3.0
3816,0,78,184.0,92.0,24.0,97.0,40.8,173.0
3817,0,25,178.0,77.0,9.0,89.0,39.4,28.0
3818,1,30,157.0,55.0,17.0,95.0,40.3,86.0
3819,1,29,174.0,72.0,10.0,89.0,39.7,42.0
3820,0,56,187.0,85.0,10.0,81.0,39.8,36.0
3821,1,31,158.0,53.0,10.0,91.0,40.0,47.0
3822,1,21,171.0,71.0,29.0,112.0,41.0,188.0
3823,0,32,186.0,84.0,10.0,85.0,39.9,30.0
3824,1,61,173.0,69.0,14.0,91.0,40.2,70.0
3825,1,73,141.0,47.0,22.0,97.0,40.8,135.0
3826,1,43,169.0,67.0,5.0,80.0,39.0,18.0
3827,0,49,186.0,84.0,6.0,84.0,39.3,22.0
3828,0,35,178.0,79.0,3.0,82.0,38.7,8.0
3829,0,21,186.0,80.0,13.0,97.0,40.0,55.0
3830,1,26,166.0,59.0,20.0,97.0,40.4,103.0
3831,0,23,187.0,90.0,12.0,99.0,40.5,58.0
3832,0,62,183.0,81.0,10.0,88.0,39.7,48.0
3833,0,48,190.0,90.0,1.0,80.0,38.0,3.0
3834,0,20,189.0,90.0,16.0,96.0,40.1,67.0
3835,0,22,179.0,80.0,26.0,101.0,40.9,126.0
3836,1,62,185.0,77.0,13.0,84.0,40.4,54.0
3837,0,48,186.0,89.0,16.0,91.0,40.5,77.0
3838,1,59,169.0,64.0,29.0,114.0,41.1,217.0
3839,0,25,179.0,76.0,30.0,105.0,40.8,165.0
3840,0,25,200.0,94.0,28.0,102.0,40.4,153.0
3841,1,28,167.0,67.0,2.0,91.0,38.0,9.0
3842,1,27,160.0,61.0,16.0,99.0,40.3,86.0
3843,0,39,194.0,94.0,11.0,91.0,39.7,49.0
3844,0,27,175.0,79.0,16.0,93.0,40.1,62.0
3845,1,36,177.0,73.0,5.0,87.0,39.0,20.0
3846,1,22,168.0,68.0,3.0,84.0,38.6,11.0
3847,1,27,147.0,52.0,4.0,79.0,39.2,13.0
3848,1,26,166.0,65.0,12.0,92.0,40.2,54.0
3849,1,32,176.0,70.0,24.0,101.0,40.6,133.0
3850,1,47,157.0,57.0,2.0,86.0,37.9,9.0
3851,1,45,154.0,52.0,26.0,107.0,40.6,173.0
3852,1,24,164.0,63.0,12.0,85.0,39.8,45.0
3853,1,61,150.0,55.0,2.0,87.0,38.5,9.0
3854,0,73,186.0,89.0,6.0,90.0,39.2,35.0
3855,0,32,180.0,87.0,11.0,90.0,39.9,42.0
3856,1,35,163.0,62.0,12.0,91.0,40.2,55.0
3857,0,28,189.0,87.0,10.0,85.0,39.9,29.0
3858,1,65,159.0,64.0,25.0,98.0,40.7,147.0
3859,0,49,181.0,81.0,16.0,97.0,40.2,89.0
3860,0,23,195.0,89.0,27.0,104.0,41.0,150.0
3861,0,33,172.0,75.0,13.0,95.0,39.7,57.0
3862,1,44,183.0,82.0,20.0,103.0,40.4,116.0
3863,1,46,173.0,68.0,14.0,104.0,40.2,86.0
3864,0,50,179.0,79.0,12.0,99.0,39.8,71.0
3865,1,39,178.0,73.0,23.0,103.0,40.8,134.0
3866,1,72,168.0,73.0,4.0,79.0,38.9,15.0
3867,1,24,162.0,61.0,2.0,84.0,38.2,7.0
3868,0,79,182.0,93.0,5.0,91.0,39.0,32.0
3869,0,35,179.0,79.0,26.0,106.0,41.0,161.0
3870,0,68,184.0,90.0,26.0,113.0,40.9,236.0
3871,0,46,180.0,78.0,25.0,99.0,40.7,142.0
3872,0,24,190.0,85.0,4.0,90.0,38.9,14.0
3873,0,51,178.0,76.0,7.0,76.0,39.3,17.0
3874,1,65,165.0,61.0,12.0,98.0,40.0,71.0
3875,0,57,196.0,96.0,29.0,108.0,41.1,230.0
3876,1,39,173.0,69.0,3.0,92.0,38.6,14.0
3877,0,52,183.0,83.0,10.0,91.0,40.1,49.0
3878,0,24,207.0,104.0,12.0,103.0,40.4,69.0
3879,0,25,187.0,91.0,13.0,89.0,40.0,44.0
3880,1,34,181.0,74.0,25.0,112.0,40.7,167.0
3881,0,29,193.0,93.0,15.0,92.0,40.1,62.0
3882,0,47,175.0,81.0,20.0,99.0,40.3,115.0
3883,1,53,151.0,55.0,28.0,102.0,40.9,174.0
3884,0,45,190.0,87.0,14.0,98.0,40.0,79.0
3885,1,37,171.0,71.0,21.0,97.0,40.9,109.0
3886,1,32,159.0,60.0,25.0,107.0,40.9,158.0
3887,0,31,186.0,91.0,14.0,96.0,40.1,67.0
3888,1,38,178.0,70.0,13.0,89.0,40.2,57.0
3889,1,22,159.0,58.0,15.0,94.0,40.3,71.0
3890,1,22,179.0,67.0,8.0,77.0,39.5,23.0
3891,0,65,185.0,87.0,10.0,99.0,39.7,68.0
3892,1,44,157.0,64.0,25.0,99.0,40.8,140.0
3893,0,61,185.0,92.0,23.0,104.0,40.6,171.0
3894,1,67,150.0,51.0,26.0,108.0,40.6,186.0
3895,0,32,175.0,74.0,4.0,81.0,38.9,9.0
3896,1,52,169.0,71.0,19.0,100.0,40.5,109.0
3897,1,21,176.0,64.0,4.0,75.0,38.9,11.0
3898,1,29,154.0,54.0,25.0,111.0,40.6,169.0
3899,1,72,161.0,62.0,17.0,102.0,40.5,110.0
3900,0,38,169.0,74.0,12.0,91.0,40.3,48.0
3901,1,56,165.0,67.0,21.0,96.0,40.8,115.0
3902,1,73,157.0,62.0,11.0,98.0,40.2,66.0
3903,1,52,151.0,56.0,29.0,110.0,41.0,204.0
3904,0,68,184.0,81.0,3.0,81.0,38.6,12.0
3905,0,36,201.0,106.0,29.0,115.0,41.2,238.0
3906,0,21,193.0,86.0,12.0,102.0,40.4,61.0
3907,1,26,169.0,66.0,4.0,82.0,38.6,14.0
3908,0,22,187.0,89.0,23.0,98.0,40.8,106.0
3909,1,64,159.0,55.0,25.0,110.0,40.8,181.0
3910,1,22,164.0,69.0,3.0,81.0,38.0,10.0
3911,0,52,184.0,85.0,7.0,89.0,39.2,32.0
3912,0,21,183.0,82.0,8.0,86.0,40.0,21.0
3913,1,64,163.0,65.0,25.0,99.0,40.9,149.0
3914,1,30,171.0,65.0,19.0,102.0,40.7,108.0
3915,0,24,190.0,83.0,2.0,73.0,38.2,2.0
3916,1,47,152.0,55.0,16.0,98.0,40.3,91.0
3917,0,40,206.0,101.0,29.0,109.0,41.0,214.0
3918,1,21,155.0,53.0,4.0,88.0,38.7,17.0
3919,1,28,145.0,53.0,11.0,90.0,39.8,50.0
3920,1,52,165.0,65.0,7.0,93.0,39.0,36.0
3921,1,40,170.0,73.0,25.0,105.0,40.5,151.0
3922,0,39,188.0,89.0,27.0,108.0,40.7,187.0
3923,1,44,169.0,68.0,10.0,83.0,39.8,38.0
3924,0,40,201.0,98.0,24.0,110.0,40.7,179.0
3925,1,54,178.0,71.0,9.0,88.0,40.0,41.0
3926,0,56,183.0,75.0,29.0,105.0,40.6,203.0
3927,1,24,159.0,62.0,9.0,87.0,39.6,36.0
3928,1,57,176.0,73.0,28.0,105.0,40.6,178.0
3929,1,26,163.0,59.0,4.0,86.0,38.8,16.0
3930,0,66,179.0,84.0,6.0,87.0,39.4,30.0
3931,0,50,196.0,98.0,3.0,87.0,38.4,13.0
3932,0,47,179.0,81.0,17.0,101.0,40.0,103.0
3933,0,61,184.0,86.0,22.0,101.0,40.8,151.0
3934,1,46,166.0,66.0,4.0,84.0,39.0,16.0
3935,1,61,181.0,78.0,25.0,98.0,40.8,140.0
3936,1,79,166.0,65.0,2.0,84.0,38.0,9.0
3937,1,70,153.0,53.0,10.0,87.0,39.8,49.0
3938,1,32,153.0,56.0,1.0,68.0,38.2,2.0
3939,0,25,205.0,110.0,22.0,96.0,40.8,108.0
3940,1,32,180.0,71.0,1.0,77.0,37.7,3.0
3941,0,22,178.0,75.0,24.0,91.0,40.5,78.0
3942,0,41,195.0,100.0,30.0,107.0,40.8,213.0
3943,1,65,178.0,68.0,6.0,83.0,39.3,25.0
3944,0,44,172.0,79.0,6.0,86.0,38.9,22.0
3945,0,74,191.0,99.0,14.0,89.0,40.2,83.0
3946,0,35,160.0,67.0,4.0,81.0,38.8,9.0
3947,1,70,160.0,61.0,5.0,84.0,39.0,23.0
3948,1,50,147.0,55.0,9.0,87.0,40.1,41.0
3949,1,26,167.0,59.0,28.0,106.0,40.6,171.0
3950,1,42,178.0,74.0,11.0,93.0,40.0,53.0
3951,0,35,185.0,92.0,8.0,92.0,39.5,35.0
3952,1,58,152.0,53.0,28.0,99.0,41.3,168.0
3953,0,33,189.0,93.0,15.0,95.0,40.5,71.0
3954,1,51,157.0,58.0,26.0,102.0,40.7,159.0
3955,1,21,160.0,62.0,25.0,105.0,40.2,147.0
3956,0,29,194.0,87.0,9.0,86.0,39.5,28.0
3957,0,27,187.0,88.0,10.0,90.0,40.0,36.0
3958,1,23,171.0,70.0,9.0,91.0,39.6,39.0
3959,1,28,181.0,71.0,11.0,99.0,40.2,57.0
3960,0,24,179.0,79.0,28.0,107.0,40.6,163.0
3961,0,22,177.0,76.0,9.0,89.0,39.7,27.0
3962,0,67,185.0,91.0,17.0,97.0,40.4,113.0
3963,0,64,183.0,89.0,26.0,107.0,40.9,207.0
3964,0,32,177.0,76.0,21.0,98.0,40.6,101.0
3965,0,32,186.0,83.0,8.0,92.0,39.1,32.0
3966,0,40,218.0,132.0,1.0,88.0,37.8,5.0
3967,1,48,153.0,55.0,29.0,115.0,40.8,218.0
3968,1,76,155.0,55.0,22.0,100.0,40.8,141.0
3969,0,21,184.0,85.0,6.0,82.0,39.3,12.0
3970,0,25,183.0,82.0,7.0,88.0,39.1,22.0
3971,1,63,167.0,66.0,25.0,101.0,40.8,153.0
3972,1,23,146.0,53.0,2.0,84.0,37.8,8.0
3973,1,63,147.0,54.0,29.0,117.0,40.4,232.0
3974,0,36,163.0,69.0,24.0,102.0,40.8,131.0
3975,0,20,180.0,79.0,10.0,94.0,39.9,37.0
3976,1,49,171.0,70.0,5.0,80.0,39.2,18.0
3977,0,23,190.0,95.0,27.0,104.0,40.5,153.0
3978,0,74,200.0,109.0,17.0,99.0,40.1,131.0
3979,0,45,175.0,79.0,27.0,104.0,40.6,173.0
3980,0,28,210.0,119.0,30.0,111.0,40.9,225.0
3981,1,47,147.0,44.0,20.0,91.0,40.5,102.0
3982,0,52,185.0,94.0,7.0,84.0,39.5,28.0
3983,0,77,203.0,102.0,15.0,94.0,40.1,104.0
3984,0,26,194.0,91.0,24.0,101.0,41.0,127.0
3985,0,30,188.0,90.0,4.0,89.0,39.0,15.0
3986,1,36,177.0,69.0,13.0,99.0,40.4,70.0
3987,0,71,183.0,87.0,26.0,111.0,40.9,231.0
3988,1,53,167.0,72.0,20.0,96.0,40.4,107.0
3989,0,25,177.0,75.0,15.0,93.0,40.5,55.0
3990,1,28,154.0,60.0,25.0,102.0,40.7,142.0
3991,1,25,173.0,69.0,29.0,117.0,41.0,207.0
3992,0,21,195.0,93.0,19.0,104.0,40.4,105.0
3993,0,52,211.0,111.0,4.0,90.0,39.1,21.0
3994,1,57,168.0,65.0,1.0,83.0,37.6,4.0
3995,0,34,206.0,114.0,22.0,95.0,40.6,116.0
3996,1,55,178.0,75.0,1.0,86.0,37.8,4.0
3997,0,59,199.0,96.0,14.0,89.0,40.5,72.0
3998,0,28,189.0,84.0,6.0,81.0,39.1,13.0
3999,0,35,176.0,81.0,21.0,107.0,40.3,134.0
4000,1,79,154.0,56.0,5.0,89.0,39.3,26.0
4001,0,35,181.0,76.0,9.0,85.0,39.4,27.0
4002,0,77,173.0,71.0,21.0,105.0,40.5,166.0
4003,1,20,164.0,61.0,30.0,109.0,40.8,189.0
4004,0,27,181.0,79.0,2.0,79.0,38.2,4.0
4005,0,67,193.0,97.0,22.0,102.0,40.7,166.0
4006,1,21,167.0,67.0,20.0,105.0,40.7,116.0
4007,0,26,196.0,100.0,12.0,81.0,40.3,30.0
4008,1,57,186.0,84.0,17.0,100.0,40.5,96.0
4009,1,50,161.0,57.0,23.0,111.0,40.5,163.0
4010,1,64,158.0,59.0,22.0,92.0,40.6,116.0
4011,0,62,184.0,83.0,8.0,75.0,39.5,23.0
4012,0,35,182.0,77.0,2.0,80.0,38.3,4.0
4013,1,20,157.0,57.0,18.0,103.0,40.2,103.0
4014,1,70,158.0,63.0,22.0,102.0,40.7,141.0
4015,1,39,152.0,57.0,22.0,102.0,40.5,131.0
4016,0,20,186.0,81.0,9.0,92.0,39.7,31.0
4017,0,21,182.0,85.0,15.0,93.0,40.6,56.0
4018,1,61,161.0,58.0,15.0,91.0,40.2,77.0
4019,1,30,171.0,71.0,8.0,75.0,39.6,22.0
4020,0,65,187.0,90.0,6.0,90.0,39.0,33.0
4021,1,27,161.0,59.0,3.0,82.0,38.8,11.0
4022,0,51,194.0,96.0,12.0,99.0,39.9,75.0
4023,1,72,169.0,71.0,29.0,105.0,41.0,193.0
4024,0,52,203.0,100.0,4.0,85.0,38.9,17.0
4025,0,72,197.0,98.0,19.0,91.0,40.3,117.0
4026,0,21,196.0,92.0,14.0,95.0,40.0,58.0
4027,1,32,164.0,65.0,14.0,85.0,40.2,54.0
4028,1,27,160.0,56.0,18.0,111.0,40.4,121.0
4029,1,35,161.0,62.0,15.0,102.0,40.3,87.0
4030,0,56,195.0,94.0,21.0,107.0,40.7,162.0
4031,1,46,160.0,62.0,15.0,101.0,40.0,88.0
4032,1,23,161.0,60.0,26.0,112.0,40.5,174.0
4033,0,78,201.0,112.0,17.0,104.0,40.3,148.0
4034,0,31,187.0,91.0,14.0,96.0,40.4,67.0
4035,1,22,164.0,64.0,8.0,94.0,39.2,37.0
4036,0,37,180.0,75.0,9.0,93.0,39.4,38.0
4037,0,20,182.0,83.0,22.0,97.0,40.5,93.0
4038,0,78,175.0,78.0,4.0,84.0,38.7,20.0
4039,0,39,198.0,99.0,27.0,109.0,40.8,197.0
4040,1,66,174.0,69.0,13.0,87.0,39.8,60.0
4041,0,58,187.0,87.0,8.0,93.0,39.3,44.0
4042,0,58,175.0,80.0,14.0,93.0,40.1,75.0
4043,0,25,177.0,76.0,5.0,85.0,39.1,12.0
4044,1,23,184.0,72.0,15.0,96.0,40.5,72.0
4045,0,72,203.0,106.0,24.0,94.0,40.7,162.0
4046,0,45,190.0,94.0,19.0,100.0,40.4,116.0
4047,1,69,156.0,58.0,19.0,102.0,40.5,123.0
4048,1,22,169.0,62.0,28.0,107.0,40.5,171.0
4049,0,25,178.0,82.0,26.0,112.0,40.4,174.0
4050,1,34,176.0,73.0,21.0,103.0,40.2,120.0
4051,0,31,195.0,93.0,18.0,105.0,40.1,111.0
4052,1,58,175.0,72.0,21.0,101.0,40.5,125.0
4053,1,39,140.0,48.0,19.0,92.0,40.6,95.0
4054,1,41,147.0,49.0,2.0,87.0,38.2,9.0
4055,0,24,205.0,110.0,5.0,78.0,39.0,11.0
4056,0,49,195.0,100.0,3.0,85.0,38.3,13.0
4057,1,23,164.0,65.0,4.0,77.0,38.8,11.0
4058,1,29,178.0,77.0,15.0,95.0,40.4,71.0
4059,1,23,161.0,60.0,18.0,97.0,40.6,91.0
4060,1,55,165.0,71.0,3.0,86.0,38.6,13.0
4061,0,23,169.0,72.0,30.0,115.0,40.9,205.0
4062,0,21,198.0,94.0,24.0,104.0,40.8,133.0
4063,1,62,171.0,66.0,23.0,103.0,40.4,145.0
4064,0,28,187.0,88.0,4.0,77.0,38.5,7.0
4065,1,40,160.0,70.0,8.0,88.0,40.0,34.0
4066,1,57,174.0,72.0,24.0,107.0,40.6,158.0
4067,1,22,170.0,71.0,19.0,102.0,40.7,103.0
4068,0,66,189.0,88.0,8.0,85.0,39.8,38.0
4069,1,38,162.0,59.0,8.0,89.0,39.3,36.0
4070,1,60,151.0,54.0,7.0,84.0,39.7,31.0
4071,0,72,194.0,97.0,27.0,107.0,40.9,230.0
4072,0,20,191.0,95.0,21.0,103.0,40.7,113.0
4073,1,22,177.0,68.0,30.0,99.0,40.7,155.0
4074,1,77,174.0,73.0,18.0,98.0,40.3,107.0
4075,0,21,191.0,87.0,25.0,105.0,40.6,139.0
4076,1,59,163.0,64.0,10.0,96.0,39.4,55.0
4077,1,34,170.0,70.0,9.0,89.0,39.4,38.0
4078,1,35,164.0,65.0,27.0,112.0,40.9,184.0
4079,1,30,173.0,68.0,27.0,100.0,41.0,146.0
4080,0,26,187.0,91.0,15.0,95.0,40.1,66.0
4081,1,20,164.0,60.0,19.0,109.0,40.8,120.0
4082,1,78,181.0,79.0,29.0,104.0,40.7,190.0
4083,0,27,171.0,73.0,16.0,100.0,40.3,77.0
4084,0,46,195.0,96.0,29.0,107.0,40.6,210.0
4085,1,46,154.0,53.0,19.0,99.0,41.0,110.0
4086,0,58,192.0,89.0,10.0,88.0,39.9,48.0
4087,0,32,193.0,90.0,24.0,107.0,40.3,155.0
4088,0,24,188.0,90.0,19.0,103.0,40.3,104.0
4089,1,21,163.0,58.0,10.0,88.0,39.9,41.0
4090,1,54,169.0,68.0,14.0,94.0,40.0,73.0
4091,1,33,159.0,56.0,27.0,110.0,40.9,181.0
4092,1,20,168.0,63.0,29.0,109.0,40.7,182.0
4093,1,60,151.0,58.0,27.0,105.0,40.9,179.0
4094,0,56,198.0,99.0,6.0,86.0,39.2,28.0
4095,1,32,159.0,55.0,13.0,92.0,40.2,62.0
4096,0,55,198.0,94.0,24.0,99.0,40.7,155.0
4097,1,57,167.0,63.0,21.0,100.0,40.5,125.0
4098,1,27,171.0,63.0,24.0,107.0,40.7,148.0
4099,1,63,162.0,64.0,20.0,105.0,40.5,132.0
4100,1,21,160.0,54.0,24.0,103.0,40.3,138.0
4101,1,59,168.0,67.0,5.0,91.0,39.6,25.0
4102,1,27,166.0,63.0,5.0,79.0,38.9,16.0
4103,1,47,172.0,75.0,10.0,82.0,39.8,37.0
4104,1,25,159.0,57.0,7.0,79.0,39.6,23.0
4105,1,73,148.0,53.0,2.0,79.0,38.0,8.0
4106,0,31,182.0,84.0,28.0,111.0,40.7,193.0
4107,1,39,165.0,59.0,2.0,77.0,38.1,6.0
4108,0,53,178.0,82.0,18.0,102.0,40.3,118.0
4109,1,52,159.0,57.0,19.0,101.0,40.2,115.0
4110,0,31,193.0,97.0,15.0,92.0,40.5,64.0
4111,1,79,163.0,65.0,30.0,113.0,41.1,231.0
4112,0,28,178.0,78.0,8.0,89.0,39.9,26.0
4113,1,31,176.0,68.0,15.0,96.0,40.3,75.0
4114,1,63,158.0,58.0,28.0,107.0,40.7,193.0
4115,1,39,152.0,53.0,6.0,85.0,39.4,25.0
4116,1,39,168.0,73.0,16.0,102.0,40.5,91.0
4117,0,42,199.0,103.0,10.0,89.0,39.9,45.0
4118,0,54,171.0,69.0,25.0,111.0,41.1,192.0
4119,0,63,191.0,88.0,16.0,90.0,40.2,85.0
4120,0,31,181.0,83.0,4.0,81.0,38.6,9.0
4121,0,37,170.0,68.0,16.0,96.0,40.6,73.0
4122,1,32,167.0,63.0,9.0,99.0,39.7,49.0
4123,1,39,149.0,56.0,8.0,85.0,39.5,33.0
4124,1,60,141.0,46.0,25.0,101.0,40.5,159.0
4125,1,46,162.0,59.0,30.0,106.0,40.9,194.0
4126,1,51,180.0,76.0,8.0,86.0,39.3,33.0
4127,1,64,157.0,54.0,12.0,95.0,40.1,68.0
4128,0,32,189.0,88.0,4.0,75.0,38.8,6.0
4129,0,77,199.0,106.0,28.0,113.0,41.0,276.0
4130,1,30,158.0,59.0,29.0,104.0,40.9,173.0
4131,0,37,183.0,90.0,16.0,96.0,40.2,81.0
4132,0,29,203.0,100.0,22.0,105.0,40.7,137.0
4133,0,55,193.0,98.0,24.0,112.0,40.8,204.0
4134,0,30,197.0,103.0,27.0,109.0,40.5,187.0
4135,0,34,179.0,73.0,5.0,85.0,39.2,14.0
4136,0,62,181.0,83.0,28.0,112.0,41.0,238.0
4137,1,58,163.0,66.0,28.0,113.0,40.6,205.0
4138,0,49,171.0,76.0,6.0,80.0,39.5,17.0
4139,0,38,179.0,86.0,24.0,103.0,40.6,145.0
4140,0,60,192.0,98.0,10.0,91.0,39.8,56.0
4141,1,37,172.0,64.0,2.0,85.0,38.4,8.0
4142,1,22,154.0,61.0,13.0,93.0,39.9,60.0
4143,0,71,189.0,97.0,9.0,86.0,39.9,48.0
4144,0,27,198.0,93.0,25.0,112.0,40.5,176.0
4145,1,77,172.0,72.0,14.0,96.0,40.2,81.0
4146,0,26,185.0,82.0,16.0,85.0,40.1,43.0
4147,0,79,180.0,82.0,21.0,103.0,40.2,167.0
4148,1,46,167.0,62.0,5.0,80.0,39.3,18.0
4149,1,20,159.0,59.0,29.0,114.0,40.6,199.0
4150,1,28,165.0,65.0,18.0,99.0,40.3,96.0
4151,0,20,197.0,102.0,4.0,91.0,39.1,15.0
4152,0,35,179.0,90.0,6.0,93.0,39.2,27.0
4153,0,20,183.0,80.0,21.0,103.0,40.4,106.0
4154,0,44,178.0,80.0,23.0,108.0,41.1,160.0
4155,1,58,144.0,42.0,12.0,96.0,40.1,70.0
4156,1,71,159.0,58.0,24.0,109.0,40.7,174.0
4157,1,26,173.0,73.0,1.0,69.0,37.9,2.0
4158,1,77,162.0,66.0,12.0,92.0,40.2,65.0
4159,1,52,169.0,67.0,18.0,96.0,40.1,97.0
4160,1,21,169.0,70.0,14.0,98.0,40.3,70.0
4161,1,26,167.0,69.0,16.0,98.0,40.2,82.0
4162,1,28,172.0,68.0,3.0,85.0,38.6,11.0
4163,1,45,187.0,88.0,21.0,103.0,40.6,120.0
4164,0,30,189.0,89.0,15.0,91.0,40.3,59.0
4165,0,30,179.0,85.0,28.0,110.0,40.6,188.0
4166,1,54,171.0,68.0,6.0,87.0,39.4,27.0
4167,1,47,153.0,56.0,15.0,109.0,39.8,103.0
4168,1,33,156.0,60.0,23.0,101.0,40.8,131.0
4169,1,42,158.0,59.0,27.0,103.0,40.9,164.0
4170,1,22,171.0,63.0,28.0,107.0,40.8,170.0
4171,0,48,202.0,103.0,25.0,107.0,40.9,188.0
4172,1,66,175.0,72.0,22.0,101.0,40.5,134.0
4173,1,32,174.0,65.0,22.0,109.0,40.7,142.0
4174,0,27,172.0,75.0,3.0,92.0,38.6,11.0
4175,0,21,181.0,83.0,21.0,102.0,40.3,105.0
4176,0,28,163.0,66.0,17.0,91.0,40.2,57.0
4177,0,62,181.0,81.0,27.0,108.0,40.6,212.0
4178,1,37,156.0,53.0,2.0,84.0,38.0,8.0
4179,1,42,154.0,52.0,17.0,101.0,40.6,101.0
4180,0,40,172.0,69.0,16.0,102.0,40.3,90.0
4181,0,50,189.0,94.0,26.0,107.0,40.5,193.0
4182,0,21,191.0,94.0,18.0,95.0,40.4,76.0
4183,0,51,183.0,81.0,10.0,86.0,39.9,40.0
4184,0,65,190.0,95.0,9.0,88.0,39.8,48.0
4185,0,36,208.0,109.0,13.0,91.0,40.3,60.0
4186,0,23,171.0,68.0,23.0,100.0,40.5,103.0
4187,0,30,178.0,84.0,8.0,80.0,39.5,17.0
4188,0,38,177.0,77.0,26.0,113.0,41.1,192.0
4189,0,53,174.0,78.0,19.0,106.0,40.5,134.0
4190,1,44,164.0,66.0,23.0,103.0,40.5,138.0
4191,0,37,206.0,111.0,20.0,98.0,40.3,116.0
4192,0,68,158.0,67.0,26.0,113.0,40.9,223.0
4193,1,23,148.0,46.0,24.0,104.0,40.8,144.0
4194,0,43,181.0,79.0,24.0,102.0,41.1,144.0
4195,1,38,168.0,66.0,2.0,78.0,38.5,6.0
4196,0,31,181.0,78.0,17.0,102.0,40.4,92.0
4197,0,53,188.0,91.0,12.0,90.0,40.1,59.0
4198,1,23,168.0,62.0,25.0,105.0,40.5,148.0
4199,1,25,180.0,75.0,23.0,97.0,40.6,113.0
4200,0,26,185.0,87.0,12.0,90.0,40.0,42.0
4201,1,73,158.0,63.0,9.0,87.0,39.8,44.0
4202,1,38,156.0,56.0,20.0,94.0,40.8,101.0
4203,1,48,169.0,69.0,7.0,88.0,39.3,31.0
4204,1,31,178.0,76.0,14.0,98.0,40.3,71.0
4205,0,21,181.0,79.0,18.0,91.0,40.3,59.0
4206,1,21,170.0,67.0,17.0,95.0,40.0,80.0
4207,0,63,189.0,89.0,7.0,90.0,39.4,38.0
4208,1,72,170.0,73.0,16.0,104.0,40.5,104.0
4209,0,26,195.0,99.0,28.0,104.0,41.0,165.0
4210,0,39,176.0,83.0,11.0,91.0,40.1,46.0
4211,0,22,183.0,91.0,29.0,114.0,41.0,204.0
4212,0,43,183.0,83.0,25.0,99.0,41.1,141.0
4213,1,78,146.0,50.0,17.0,95.0,40.3,102.0
4214,0,62,178.0,85.0,16.0,99.0,40.6,105.0
4215,1,23,160.0,59.0,11.0,88.0,40.2,45.0
4216,0,47,187.0,95.0,12.0,90.0,40.4,57.0
4217,0,41,183.0,85.0,29.0,100.0,41.0,166.0
4218,1,67,152.0,56.0,20.0,101.0,40.3,127.0
4219,0,31,196.0,95.0,23.0,100.0,40.9,125.0
4220,0,73,176.0,78.0,3.0,79.0,38.2,12.0
4221,0,26,182.0,80.0,24.0,102.0,40.6,125.0
4222,0,27,172.0,71.0,13.0,96.0,40.2,54.0
4223,0,26,174.0,80.0,11.0,83.0,39.7,26.0
4224,1,29,164.0,63.0,19.0,100.0,40.5,104.0
4225,1,56,153.0,52.0,16.0,97.0,40.4,92.0
4226,0,26,187.0,89.0,21.0,106.0,40.5,126.0
4227,0,32,191.0,92.0,8.0,84.0,39.3,24.0
4228,1,20,164.0,64.0,15.0,101.0,40.1,81.0
4229,1,59,169.0,69.0,1.0,82.0,38.0,4.0
4230,1,37,152.0,56.0,3.0,80.0,38.9,11.0
4231,1,41,173.0,69.0,28.0,108.0,41.0,180.0
4232,1,45,152.0,51.0,1.0,82.0,37.6,4.0
4233,1,27,162.0,64.0,3.0,85.0,38.6,11.0
4234,0,24,192.0,91.0,2.0,88.0,38.5,6.0
4235,0,43,169.0,73.0,21.0,104.0,40.6,129.0
4236,0,65,181.0,80.0,25.0,109.0,40.8,203.0
4237,1,65,160.0,56.0,2.0,74.0,38.3,7.0
4238,0,75,169.0,72.0,23.0,104.0,40.8,177.0
4239,1,23,160.0,56.0,11.0,90.0,39.8,48.0
4240,1,62,152.0,54.0,24.0,108.0,40.9,169.0
4241,1,52,174.0,75.0,20.0,104.0,40.4,123.0
4242,1,54,175.0,74.0,14.0,96.0,39.6,75.0
4243,0,72,202.0,111.0,20.0,94.0,40.5,137.0
4244,0,63,179.0,82.0,16.0,86.0,40.2,74.0
4245,0,72,188.0,91.0,12.0,83.0,40.2,57.0
4246,0,21,206.0,105.0,15.0,96.0,40.1,69.0
4247,1,40,156.0,55.0,26.0,105.0,40.6,164.0
4248,1,37,178.0,74.0,24.0,104.0,40.8,141.0
4249,0,30,188.0,93.0,24.0,105.0,40.8,147.0
4250,1,53,155.0,55.0,24.0,103.0,40.6,152.0
4251,0,64,194.0,96.0,27.0,106.0,40.7,215.0
4252,1,47,172.0,67.0,13.0,91.0,40.6,62.0
4253,0,47,201.0,108.0,29.0,105.0,41.0,211.0
4254,0,20,185.0,83.0,12.0,101.0,40.2,58.0
4255,0,47,182.0,86.0,30.0,114.0,40.7,244.0
4256,0,78,175.0,76.0,21.0,102.0,40.1,160.0
4257,0,50,177.0,83.0,11.0,96.0,39.8,61.0
4258,1,36,165.0,62.0,6.0,83.0,39.3,23.0
4259,0,29,186.0,90.0,8.0,91.0,39.6,31.0
4260,0,39,192.0,91.0,18.0,92.0,40.5,82.0
4261,0,38,174.0,77.0,7.0,83.0,39.5,20.0
4262,0,58,197.0,98.0,14.0,102.0,40.1,100.0
4263,1,35,160.0,57.0,26.0,109.0,40.7,172.0
4264,1,40,176.0,72.0,1.0,84.0,37.9,4.0
4265,1,53,166.0,63.0,24.0,107.0,40.7,159.0
4266,0,22,189.0,93.0,3.0,76.0,38.4,4.0
4267,0,62,177.0,78.0,25.0,111.0,40.8,206.0
4268,1,33,177.0,74.0,4.0,83.0,39.0,14.0
4269,1,20,142.0,48.0,19.0,91.0,40.1,86.0
4270,1,21,140.0,45.0,22.0,96.0,40.9,113.0
4271,1,26,157.0,60.0,1.0,82.0,37.7,4.0
4272,1,28,143.0,46.0,4.0,84.0,38.4,16.0
4273,1,42,169.0,65.0,3.0,78.0,38.7,10.0
4274,1,61,148.0,50.0,17.0,97.0,40.0,100.0
4275,1,45,168.0,60.0,12.0,83.0,40.0,48.0
4276,0,52,185.0,79.0,26.0,106.0,41.0,183.0
4277,0,33,186.0,83.0,24.0,116.0,40.3,185.0
4278,1,71,161.0,68.0,29.0,114.0,40.7,221.0
4279,1,56,162.0,59.0,26.0,101.0,41.1,159.0
4280,1,61,162.0,62.0,7.0,83.0,39.7,30.0
4281,0,23,178.0,81.0,25.0,109.0,40.9,153.0
4282,1,36,160.0,62.0,8.0,82.0,39.6,29.0
4283,1,60,177.0,76.0,24.0,108.0,40.6,160.0
4284,0,27,207.0,100.0,8.0,88.0,39.7,28.0
4285,0,65,182.0,89.0,5.0,87.0,39.1,25.0
4286,1,33,154.0,57.0,10.0,92.0,39.9,48.0
4287,0,39,170.0,75.0,22.0,91.0,40.8,89.0
4288,1,20,167.0,66.0,25.0,117.0,40.8,177.0
4289,0,59,206.0,102.0,5.0,81.0,39.4,20.0
4290,1,21,150.0,53.0,23.0,103.0,40.6,133.0
4291,1,38,178.0,73.0,11.0,95.0,39.7,54.0
4292,0,36,202.0,109.0,6.0,87.0,39.1,24.0
4293,1,50,165.0,64.0,6.0,82.0,39.4,23.0
4294,0,35,163.0,69.0,16.0,86.0,40.2,48.0
4295,0,31,173.0,70.0,21.0,105.0,40.4,119.0
4296,1,30,168.0,62.0,6.0,76.0,39.4,18.0
4297,0,24,189.0,85.0,12.0,92.0,40.1,44.0
4298,1,79,154.0,55.0,24.0,107.0,40.5,173.0
4299,0,29,190.0,94.0,4.0,76.0,38.8,7.0
4300,0,47,185.0,83.0,18.0,103.0,40.6,116.0
4301,0,29,185.0,84.0,27.0,109.0,40.9,175.0
4302,0,29,184.0,82.0,5.0,86.0,39.1,15.0
4303,0,77,181.0,84.0,17.0,94.0,40.3,111.0
4304,1,41,149.0,54.0,26.0,102.0,40.7,156.0
4305,1,38,163.0,59.0,25.0,109.0,41.0,166.0
4306,1,20,161.0,60.0,29.0,107.0,40.3,177.0
4307,1,24,154.0,53.0,9.0,81.0,39.3,31.0
4308,1,57,160.0,62.0,23.0,103.0,40.2,145.0
4309,1,30,173.0,72.0,9.0,95.0,39.7,43.0
4310,1,72,169.0,72.0,6.0,87.0,39.4,28.0
4311,0,63,171.0,75.0,22.0,107.0,40.6,168.0
4312,1,25,171.0,60.0,25.0,112.0,40.8,168.0
4313,1,76,162.0,66.0,15.0,87.0,39.9,73.0
4314,0,42,208.0,108.0,8.0,84.0,39.5,31.0
4315,1,21,182.0,79.0,27.0,110.0,40.7,167.0
4316,1,33,175.0,67.0,25.0,101.0,41.1,140.0
4317,0,65,189.0,91.0,13.0,96.0,40.1,83.0
4318,0,37,186.0,90.0,28.0,118.0,40.5,234.0
4319,0,48,180.0,84.0,2.0,77.0,38.3,5.0
4320,0,26,184.0,90.0,14.0,95.0,40.0,61.0
4321,1,26,166.0,60.0,20.0,103.0,40.6,115.0
4322,0,37,199.0,101.0,7.0,91.0,39.1,32.0
4323,0,65,172.0,74.0,9.0,92.0,40.0,49.0
4324,1,34,175.0,65.0,5.0,85.0,38.7,20.0
4325,1,33,150.0,52.0,30.0,112.0,41.2,209.0
4326,0,51,182.0,85.0,12.0,90.0,39.8,56.0
4327,0,28,171.0,76.0,15.0,94.0,40.5,60.0
4328,1,30,159.0,53.0,16.0,101.0,40.5,92.0
4329,0,49,190.0,96.0,28.0,103.0,40.5,190.0
4330,0,26,180.0,75.0,4.0,77.0,39.2,5.0
4331,1,26,167.0,65.0,16.0,89.0,40.4,67.0
4332,1,33,173.0,72.0,17.0,98.0,40.3,88.0
4333,1,38,179.0,79.0,29.0,114.0,40.7,200.0
4334,1,61,171.0,66.0,8.0,85.0,39.5,35.0
4335,0,20,193.0,91.0,7.0,84.0,39.4,17.0
4336,1,79,171.0,66.0,19.0,103.0,40.1,126.0
4337,0,40,181.0,84.0,17.0,99.0,40.4,94.0
4338,0,20,175.0,78.0,24.0,107.0,40.5,135.0
4339,1,38,164.0,61.0,14.0,89.0,39.9,63.0
4340,1,23,156.0,53.0,20.0,98.0,40.6,106.0
4341,0,22,185.0,88.0,12.0,94.0,40.2,48.0
4342,1,64,186.0,83.0,29.0,117.0,40.9,221.0
4343,1,64,155.0,55.0,25.0,114.0,40.8,192.0
4344,0,64,190.0,91.0,11.0,89.0,39.9,58.0
4345,1,22,168.0,62.0,9.0,88.0,39.7,37.0
4346,0,22,194.0,96.0,14.0,92.0,40.2,54.0
4347,0,21,187.0,88.0,30.0,105.0,41.0,167.0
4348,0,23,166.0,69.0,29.0,108.0,40.5,166.0
4349,1,55,181.0,77.0,24.0,109.0,40.6,161.0
4350,0,29,204.0,98.0,18.0,97.0,40.3,90.0
4351,0,49,181.0,85.0,23.0,108.0,40.7,168.0
4352,1,66,157.0,61.0,23.0,102.0,40.6,146.0
4353,0,55,198.0,104.0,15.0,103.0,40.0,109.0
4354,0,45,184.0,91.0,17.0,95.0,40.4,90.0
4355,1,30,164.0,64.0,11.0,92.0,39.6,51.0
4356,1,27,158.0,58.0,16.0,101.0,40.3,90.0
4357,1,41,148.0,49.0,17.0,95.0,40.5,91.0
4358,1,54,159.0,65.0,22.0,102.0,40.6,134.0
4359,1,58,170.0,68.0,12.0,95.0,39.7,64.0
4360,0,22,186.0,86.0,12.0,97.0,40.2,53.0
4361,0,32,189.0,93.0,8.0,84.0,39.3,24.0
4362,1,43,175.0,72.0,23.0,100.0,40.7,128.0
4363,1,58,165.0,67.0,6.0,91.0,39.6,30.0
4364,1,32,157.0,54.0,18.0,93.0,40.4,88.0
4365,0,35,200.0,101.0,6.0,85.0,39.1,21.0
4366,0,37,177.0,84.0,11.0,96.0,40.0,54.0
4367,1,36,165.0,65.0,20.0,102.0,40.4,115.0
4368,0,25,182.0,84.0,17.0,93.0,40.4,66.0
4369,1,58,157.0,62.0,22.0,102.0,40.7,136.0
4370,1,28,176.0,68.0,2.0,86.0,38.1,8.0
4371,1,46,178.0,76.0,24.0,104.0,40.6,144.0
4372,0,48,176.0,82.0,9.0,83.0,40.0,31.0
4373,0,30,180.0,82.0,26.0,99.0,40.3,129.0
4374,1,74,175.0,77.0,22.0,103.0,40.4,140.0
4375,1,36,161.0,57.0,26.0,107.0,40.7,167.0
4376,1,49,166.0,62.0,19.0,91.0,40.4,92.0
4377,0,31,213.0,108.0,29.0,111.0,41.1,214.0
4378,0,38,185.0,88.0,5.0,86.0,38.8,18.0
4379,0,39,182.0,79.0,10.0,93.0,40.1,44.0
4380,1,21,148.0,52.0,15.0,92.0,40.0,69.0
4381,1,21,165.0,59.0,27.0,113.0,40.7,183.0
4382,1,32,162.0,55.0,29.0,112.0,41.1,200.0
4383,0,43,195.0,95.0,8.0,83.0,39.3,28.0
4384,0,38,173.0,77.0,9.0,94.0,39.6,41.0
4385,1,48,152.0,53.0,20.0,95.0,40.2,108.0
4386,0,39,187.0,87.0,25.0,114.0,40.7,195.0
4387,1,46,149.0,54.0,21.0,97.0,40.7,117.0
4388,0,47,154.0,54.0,9.0,94.0,39.8,40.0
4389,0,38,186.0,81.0,2.0,84.0,38.0,6.0
4390,1,20,167.0,66.0,14.0,91.0,39.9,60.0
4391,1,60,174.0,68.0,18.0,97.0,40.1,101.0
4392,0,33,188.0,87.0,9.0,85.0,39.8,28.0
4393,1,33,164.0,61.0,20.0,105.0,40.6,122.0
4394,1,49,153.0,58.0,15.0,100.0,39.9,88.0
4395,1,26,150.0,52.0,29.0,108.0,40.5,186.0
4396,0,34,190.0,88.0,12.0,97.0,40.2,60.0
4397,1,55,157.0,57.0,27.0,101.0,40.8,165.0
4398,1,46,154.0,52.0,8.0,80.0,39.5,30.0
4399,1,32,158.0,58.0,9.0,91.0,39.8,42.0
4400,0,35,198.0,99.0,10.0,101.0,40.1,59.0
4401,1,23,166.0,65.0,29.0,108.0,41.5,179.0
4402,1,40,171.0,65.0,6.0,88.0,39.1,26.0
4403,1,59,160.0,63.0,13.0,91.0,39.8,65.0
4404,1,52,172.0,65.0,3.0,80.0,38.4,11.0
4405,1,25,162.0,57.0,14.0,93.0,40.1,66.0
4406,1,24,152.0,55.0,11.0,88.0,39.7,46.0
4407,0,61,160.0,66.0,18.0,107.0,40.3,132.0
4408,1,31,161.0,65.0,9.0,93.0,39.8,42.0
4409,0,32,177.0,76.0,17.0,96.0,40.5,76.0
4410,0,22,196.0,96.0,28.0,117.0,40.9,213.0
4411,0,54,165.0,72.0,7.0,88.0,39.5,30.0
4412,1,46,165.0,63.0,19.0,107.0,40.3,124.0
4413,1,76,154.0,56.0,22.0,98.0,40.6,136.0
4414,1,29,152.0,53.0,7.0,87.0,38.9,29.0
4415,0,43,175.0,79.0,7.0,96.0,39.7,36.0
4416,0,42,191.0,87.0,15.0,86.0,40.2,56.0
4417,0,54,199.0,98.0,3.0,89.0,38.8,15.0
4418,0,40,193.0,93.0,2.0,91.0,38.3,9.0
4419,1,40,176.0,70.0,18.0,96.0,40.6,92.0
4420,1,23,170.0,67.0,3.0,80.0,38.6,9.0
4421,0,43,170.0,76.0,4.0,86.0,38.9,14.0
4422,1,35,151.0,57.0,21.0,99.0,40.4,116.0
4423,0,36,173.0,79.0,22.0,109.0,40.5,148.0
4424,0,22,184.0,85.0,28.0,105.0,40.6,156.0
4425,0,27,200.0,96.0,22.0,107.0,40.3,139.0
4426,1,26,175.0,70.0,24.0,100.0,40.8,127.0
4427,1,37,167.0,61.0,10.0,89.0,39.9,45.0
4428,0,63,158.0,63.0,17.0,95.0,40.2,94.0
4429,1,54,157.0,56.0,5.0,86.0,39.2,23.0
4430,0,58,185.0,83.0,2.0,84.0,38.5,8.0
4431,0,48,167.0,67.0,29.0,112.0,40.9,217.0
4432,0,28,194.0,86.0,19.0,103.0,40.3,106.0
4433,1,79,164.0,67.0,12.0,97.0,40.2,72.0
4434,1,69,152.0,55.0,18.0,99.0,40.5,111.0
4435,0,63,200.0,98.0,28.0,105.0,40.9,219.0
4436,1,56,180.0,76.0,7.0,92.0,39.2,34.0
4437,1,29,190.0,79.0,15.0,97.0,39.9,74.0
4438,1,40,145.0,49.0,1.0,87.0,38.0,4.0
4439,1,20,166.0,58.0,14.0,90.0,40.2,60.0
4440,1,43,164.0,59.0,28.0,114.0,40.9,203.0
4441,1,20,178.0,74.0,28.0,107.0,40.6,165.0
4442,1,22,164.0,62.0,27.0,112.0,40.9,179.0
4443,0,43,193.0,98.0,2.0,83.0,38.1,7.0
4444,1,68,162.0,67.0,21.0,98.0,40.3,124.0
4445,1,40,182.0,78.0,21.0,99.0,40.4,112.0
4446,1,47,164.0,62.0,3.0,79.0,38.5,11.0
4447,0,27,187.0,85.0,26.0,101.0,40.9,135.0
4448,1,66,156.0,52.0,21.0,97.0,40.8,125.0
4449,1,66,159.0,66.0,17.0,95.0,40.3,94.0
4450,1,20,166.0,65.0,20.0,97.0,40.5,99.0
4451,0,37,176.0,76.0,26.0,115.0,40.5,198.0
4452,0,57,208.0,113.0,29.0,116.0,41.0,276.0
4453,1,29,160.0,62.0,19.0,98.0,40.6,100.0
4454,0,49,179.0,79.0,7.0,95.0,39.5,37.0
4455,0,42,173.0,81.0,23.0,107.0,40.3,155.0
4456,1,27,133.0,38.0,4.0,86.0,39.1,17.0
4457,0,23,172.0,78.0,20.0,100.0,40.6,94.0
4458,1,71,164.0,63.0,4.0,82.0,38.9,17.0
4459,0,59,178.0,86.0,22.0,99.0,40.3,142.0
4460,1,28,157.0,57.0,8.0,85.0,39.9,31.0
4461,0,70,191.0,91.0,2.0,82.0,38.2,9.0
4462,1,57,170.0,69.0,20.0,96.0,40.2,109.0
4463,1,72,164.0,65.0,12.0,104.0,40.1,79.0
4464,0,60,193.0,93.0,30.0,112.0,40.9,259.0
4465,1,62,150.0,53.0,15.0,94.0,40.3,83.0
4466,1,23,164.0,60.0,3.0,83.0,38.5,11.0
4467,1,67,155.0,53.0,11.0,88.0,39.9,55.0
4468,0,26,180.0,76.0,11.0,90.0,40.1,36.0
4469,1,50,152.0,52.0,26.0,105.0,40.9,169.0
4470,0,43,168.0,73.0,5.0,83.0,38.7,15.0
4471,1,73,160.0,63.0,10.0,80.0,40.1,41.0
4472,0,35,191.0,92.0,15.0,90.0,40.0,61.0
4473,0,28,192.0,88.0,4.0,80.0,38.8,9.0
4474,1,42,161.0,60.0,23.0,106.0,40.9,147.0
4475,0,29,181.0,79.0,8.0,79.0,39.8,15.0
4476,1,57,154.0,61.0,20.0,97.0,40.6,113.0
4477,1,60,163.0,65.0,21.0,97.0,40.5,119.0
4478,0,63,179.0,83.0,16.0,92.0,40.2,89.0
4479,0,63,191.0,94.0,5.0,87.0,39.1,25.0
4480,0,56,192.0,93.0,1.0,80.0,37.8,4.0
4481,1,60,170.0,68.0,25.0,102.0,41.3,154.0
4482,1,30,146.0,52.0,13.0,95.0,39.9,66.0
4483,0,53,183.0,84.0,22.0,103.0,40.5,148.0
4484,0,74,196.0,94.0,24.0,102.0,40.7,187.0
4485,0,58,187.0,93.0,2.0,81.0,38.0,8.0
4486,1,25,177.0,74.0,6.0,91.0,39.3,26.0
4487,0,38,175.0,78.0,19.0,108.0,40.5,126.0
4488,1,51,171.0,71.0,17.0,95.0,40.2,88.0
4489,1,41,170.0,68.0,16.0,101.0,40.2,91.0
4490,0,52,168.0,69.0,20.0,97.0,40.5,109.0
4491,1,74,166.0,65.0,20.0,106.0,40.4,137.0
4492,1,26,156.0,58.0,10.0,91.0,39.6,45.0
4493,1,28,165.0,58.0,17.0,86.0,40.2,68.0
4494,0,78,185.0,85.0,24.0,97.0,40.9,169.0
4495,0,22,171.0,77.0,2.0,81.0,38.6,4.0
4496,0,36,181.0,84.0,3.0,77.0,38.6,6.0
4497,0,73,189.0,91.0,29.0,106.0,40.9,241.0
4498,1,36,146.0,48.0,5.0,86.0,38.9,21.0
4499,1,49,168.0,66.0,2.0,81.0,38.3,7.0
4500,0,57,174.0,77.0,21.0,99.0,40.4,130.0
4501,1,33,169.0,72.0,6.0,80.0,38.8,20.0
4502,0,36,195.0,99.0,17.0,101.0,40.2,101.0
4503,0,33,185.0,83.0,23.0,98.0,40.8,115.0
4504,1,66,153.0,61.0,22.0,96.0,40.7,126.0
4505,0,40,182.0,86.0,7.0,93.0,39.3,32.0
4506,0,58,180.0,79.0,8.0,82.0,39.5,30.0
4507,1,44,176.0,70.0,4.0,89.0,38.7,18.0
4508,1,59,178.0,74.0,7.0,89.0,39.8,33.0
4509,0,62,176.0,84.0,20.0,99.0,40.3,131.0
4510,1,73,156.0,60.0,5.0,85.0,39.1,23.0
4511,0,68,192.0,100.0,11.0,102.0,39.8,84.0
4512,0,56,181.0,84.0,15.0,86.0,39.9,65.0
4513,1,40,177.0,71.0,21.0,107.0,40.4,132.0
4514,1,25,158.0,56.0,9.0,85.0,39.5,35.0
4515,0,62,173.0,79.0,12.0,90.0,40.2,61.0
4516,1,46,167.0,62.0,28.0,102.0,40.5,168.0
4517,1,62,162.0,60.0,10.0,95.0,39.7,56.0
4518,0,69,171.0,74.0,13.0,90.0,39.6,69.0
4519,1,64,172.0,70.0,13.0,97.0,39.8,74.0
4520,0,53,196.0,103.0,9.0,91.0,39.8,48.0
4521,0,46,178.0,77.0,13.0,90.0,40.1,56.0
4522,0,41,178.0,74.0,8.0,80.0,39.7,20.0
4523,0,59,169.0,76.0,8.0,78.0,39.4,25.0
4524,1,37,171.0,63.0,23.0,95.0,40.7,117.0
4525,0,77,175.0,75.0,12.0,91.0,40.1,71.0
4526,0,42,180.0,84.0,1.0,87.0,37.8,4.0
4527,0,26,174.0,75.0,7.0,84.0,39.4,17.0
4528,1,28,164.0,63.0,18.0,98.0,40.6,94.0
4529,0,26,189.0,86.0,5.0,90.0,39.2,18.0
4530,1,34,168.0,62.0,18.0,102.0,40.3,104.0
4531,1,70,166.0,64.0,23.0,106.0,40.3,157.0
4532,0,34,185.0,83.0,23.0,97.0,40.8,112.0
4533,1,62,170.0,67.0,21.0,102.0,40.6,130.0
4534,0,41,163.0,66.0,19.0,101.0,40.3,104.0
4535,0,79,190.0,94.0,27.0,106.0,40.7,234.0
4536,1,25,164.0,62.0,4.0,86.0,38.8,16.0
4537,0,47,201.0,103.0,5.0,91.0,39.1,25.0
4538,0,54,193.0,95.0,16.0,100.0,40.3,105.0
4539,0,39,173.0,78.0,7.0,89.0,39.4,27.0
4540,1,63,161.0,61.0,20.0,106.0,40.1,135.0
4541,0,47,201.0,104.0,28.0,107.0,41.0,209.0
4542,1,40,155.0,51.0,8.0,84.0,39.5,33.0
4543,0,43,180.0,81.0,30.0,113.0,40.7,231.0
4544,1,79,160.0,60.0,28.0,108.0,40.9,203.0
4545,0,20,194.0,86.0,20.0,106.0,40.2,113.0
4546,0,71,210.0,121.0,25.0,111.0,40.6,240.0
4547,1,69,157.0,58.0,5.0,84.0,39.1,23.0
4548,0,62,184.0,82.0,20.0,104.0,40.6,145.0
4549,1,47,172.0,75.0,19.0,101.0,40.5,109.0
4550,1,79,167.0,61.0,5.0,82.0,38.8,22.0
4551,1,27,161.0,63.0,10.0,97.0,39.9,51.0
4552,1,24,169.0,66.0,7.0,85.0,39.6,26.0
4553,1,49,164.0,63.0,18.0,103.0,40.3,110.0
4554,1,49,173.0,66.0,4.0,81.0,38.9,15.0
4555,1,29,155.0,54.0,11.0,84.0,40.1,43.0
4556,1,21,178.0,69.0,28.0,111.0,40.9,180.0
4557,1,23,146.0,45.0,18.0,96.0,40.2,93.0
4558,1,36,183.0,80.0,20.0,106.0,40.3,120.0
4559,1,23,179.0,80.0,15.0,95.0,39.9,69.0
4560,1,45,176.0,76.0,14.0,100.0,40.4,78.0
4561,1,51,175.0,76.0,24.0,111.0,40.8,164.0
4562,0,69,168.0,72.0,2.0,79.0,38.4,7.0
4563,1,69,187.0,76.0,23.0,108.0,40.6,157.0
4564,0,66,185.0,90.0,13.0,82.0,40.1,56.0
4565,1,24,160.0,60.0,17.0,102.0,40.6,96.0
4566,0,48,188.0,88.0,9.0,80.0,40.1,28.0
4567,0,25,204.0,103.0,10.0,93.0,40.0,43.0
4568,1,74,189.0,83.0,29.0,103.0,41.3,183.0
4569,0,49,170.0,76.0,23.0,110.0,40.2,171.0
4570,0,21,197.0,89.0,3.0,84.0,38.8,7.0
4571,0,41,201.0,108.0,18.0,95.0,40.4,98.0
4572,1,25,155.0,59.0,19.0,93.0,40.3,89.0
4573,1,24,155.0,58.0,16.0,101.0,40.2,89.0
4574,0,35,202.0,97.0,16.0,105.0,40.1,103.0
4575,1,57,152.0,57.0,11.0,85.0,40.0,49.0
4576,1,44,162.0,60.0,9.0,87.0,39.2,39.0
4577,1,20,187.0,75.0,1.0,75.0,37.6,2.0
4578,0,71,180.0,89.0,6.0,96.0,39.2,40.0
4579,0,51,186.0,90.0,2.0,83.0,38.1,7.0
4580,1,28,163.0,58.0,7.0,82.0,39.5,25.0
4581,0,25,178.0,81.0,23.0,106.0,40.6,133.0
4582,0,35,178.0,82.0,23.0,104.0,40.6,137.0
4583,1,20,173.0,72.0,8.0,81.0,39.7,25.0
4584,1,26,173.0,71.0,14.0,93.0,40.0,64.0
4585,0,32,200.0,104.0,10.0,78.0,39.8,24.0
4586,0,52,190.0,93.0,26.0,105.0,40.5,187.0
4587,0,21,197.0,97.0,19.0,96.0,40.3,84.0
4588,1,24,171.0,65.0,25.0,107.0,40.9,152.0
4589,1,24,175.0,72.0,15.0,90.0,40.3,63.0
4590,1,20,176.0,70.0,9.0,87.0,39.7,34.0
4591,0,62,198.0,105.0,28.0,110.0,40.6,243.0
4592,1,55,161.0,61.0,10.0,89.0,39.8,48.0
4593,0,35,201.0,101.0,26.0,106.0,41.0,174.0
4594,0,31,198.0,99.0,28.0,107.0,40.9,185.0
4595,0,59,193.0,97.0,12.0,92.0,39.7,68.0
4596,1,29,173.0,66.0,19.0,92.0,40.4,87.0
4597,0,25,179.0,81.0,16.0,98.0,40.3,73.0
4598,1,71,179.0,78.0,6.0,83.0,39.4,25.0
4599,0,45,187.0,87.0,4.0,83.0,38.9,14.0
4600,1,73,173.0,72.0,16.0,99.0,40.4,96.0
4601,0,63,177.0,82.0,11.0,90.0,40.1,57.0
4602,1,50,184.0,83.0,27.0,107.0,40.7,170.0
4603,0,30,183.0,89.0,29.0,109.0,41.0,192.0
4604,0,26,185.0,84.0,12.0,90.0,40.1,42.0
4605,1,31,168.0,70.0,29.0,108.0,40.9,181.0
4606,1,27,178.0,71.0,29.0,114.0,40.8,198.0
4607,0,30,177.0,74.0,28.0,101.0,40.9,143.0
4608,0,71,192.0,97.0,22.0,104.0,40.6,177.0
4609,1,21,154.0,55.0,5.0,80.0,39.1,16.0
4610,1,22,148.0,51.0,19.0,102.0,40.5,109.0
4611,0,23,196.0,90.0,14.0,93.0,40.3,55.0
4612,0,21,185.0,83.0,10.0,98.0,39.7,44.0
4613,1,62,159.0,63.0,15.0,93.0,40.1,79.0
4614,0,79,196.0,100.0,21.0,93.0,40.4,143.0
4615,1,54,168.0,63.0,10.0,92.0,39.9,50.0
4616,1,45,158.0,53.0,23.0,106.0,40.7,150.0
4617,0,36,186.0,84.0,19.0,97.0,40.5,95.0
4618,0,70,150.0,59.0,1.0,80.0,37.9,4.0
4619,0,67,177.0,80.0,14.0,90.0,40.0,75.0
4620,0,55,217.0,126.0,17.0,91.0,40.4,101.0
4621,0,26,164.0,71.0,25.0,110.0,40.7,155.0
4622,0,44,186.0,82.0,16.0,100.0,40.5,93.0
4623,1,36,148.0,53.0,1.0,83.0,37.2,4.0
4624,1,27,172.0,71.0,10.0,88.0,39.6,40.0
4625,0,34,188.0,93.0,9.0,87.0,39.7,32.0
4626,1,67,162.0,63.0,5.0,87.0,39.3,24.0
4627,1,26,157.0,62.0,17.0,88.0,40.3,70.0
4628,0,51,185.0,88.0,2.0,75.0,38.1,5.0
4629,1,49,153.0,57.0,21.0,101.0,40.3,126.0
4630,1,61,175.0,71.0,18.0,99.0,40.3,105.0
4631,1,44,161.0,65.0,19.0,100.0,40.8,108.0
4632,1,64,155.0,60.0,21.0,102.0,40.6,133.0
4633,0,65,179.0,80.0,6.0,91.0,39.5,32.0
4634,0,30,196.0,92.0,14.0,95.0,40.4,64.0
4635,1,21,165.0,60.0,20.0,103.0,40.6,114.0
4636,0,33,189.0,88.0,10.0,90.0,39.7,39.0
4637,1,79,160.0,57.0,14.0,85.0,40.0,68.0
4638,1,68,159.0,68.0,24.0,108.0,40.5,166.0
4639,0,21,181.0,85.0,4.0,77.0,39.0,5.0
4640,0,34,188.0,83.0,14.0,93.0,40.2,60.0
4641,0,44,180.0,79.0,21.0,100.0,40.9,120.0
4642,0,24,180.0,80.0,13.0,100.0,39.8,62.0
4643,1,53,154.0,57.0,4.0,86.0,38.9,18.0
4644,1,55,150.0,53.0,5.0,82.0,38.8,21.0
4645,1,70,154.0,57.0,4.0,81.0,38.7,17.0
4646,0,75,199.0,103.0,28.0,123.0,40.5,314.0
4647,1,79,159.0,57.0,24.0,104.0,40.3,165.0
4648,0,46,175.0,71.0,8.0,98.0,39.7,43.0
4649,1,30,141.0,45.0,27.0,112.0,41.1,189.0
4650,0,38,180.0,81.0,20.0,95.0,40.5,95.0
4651,0,70,174.0,81.0,27.0,102.0,40.9,198.0
4652,1,40,153.0,57.0,8.0,89.0,39.8,36.0
4653,0,28,193.0,84.0,7.0,87.0,39.7,22.0
4654,0,47,192.0,93.0,25.0,94.0,40.9,132.0
4655,0,52,189.0,98.0,3.0,85.0,39.0,13.0
4656,1,71,181.0,78.0,1.0,76.0,37.8,3.0
4657,0,41,199.0,102.0,20.0,93.0,40.3,101.0
4658,1,79,156.0,54.0,13.0,91.0,40.3,72.0
4659,0,43,180.0,84.0,6.0,89.0,39.2,25.0
4660,1,44,174.0,75.0,26.0,94.0,40.5,128.0
4661,1,23,153.0,51.0,26.0,109.0,40.6,169.0
4662,1,63,155.0,60.0,30.0,109.0,40.8,212.0
4663,0,35,164.0,68.0,4.0,79.0,38.8,8.0
4664,1,56,150.0,54.0,5.0,94.0,39.2,27.0
4665,1,27,167.0,68.0,1.0,85.0,37.7,4.0
4666,1,74,171.0,74.0,1.0,83.0,37.8,4.0
4667,1,36,143.0,47.0,2.0,84.0,37.6,8.0
4668,0,58,190.0,89.0,4.0,91.0,38.9,21.0
4669,0,23,181.0,81.0,10.0,89.0,39.6,31.0
4670,0,35,173.0,78.0,12.0,85.0,40.0,36.0
4671,0,27,174.0,73.0,15.0,98.0,40.2,67.0
4672,1,42,152.0,58.0,9.0,97.0,39.8,49.0
4673,0,29,170.0,69.0,10.0,88.0,39.7,30.0
4674,0,29,181.0,78.0,23.0,104.0,40.8,129.0
4675,1,53,150.0,54.0,15.0,86.0,40.2,68.0
4676,1,40,172.0,64.0,27.0,101.0,40.5,155.0
4677,1,79,163.0,62.0,8.0,83.0,39.2,36.0
4678,0,31,197.0,99.0,2.0,86.0,38.0,7.0
4679,1,64,182.0,83.0,25.0,105.0,40.9,158.0
4680,0,55,191.0,98.0,17.0,104.0,40.2,124.0
4681,0,30,178.0,86.0,22.0,101.0,40.8,118.0
4682,1,22,165.0,58.0,25.0,99.0,40.7,132.0
4683,0,55,183.0,83.0,6.0,84.0,39.2,24.0
4684,1,40,155.0,54.0,19.0,98.0,40.5,106.0
4685,0,24,193.0,99.0,8.0,87.0,39.4,26.0
4686,0,28,189.0,84.0,24.0,98.0,40.6,115.0
4687,1,53,170.0,71.0,10.0,101.0,39.5,59.0
4688,1,36,175.0,66.0,9.0,87.0,39.5,37.0
4689,0,26,191.0,88.0,3.0,79.0,38.5,6.0
4690,1,59,169.0,70.0,8.0,92.0,39.4,40.0
4691,1,63,171.0,68.0,23.0,100.0,40.7,138.0
4692,1,34,156.0,49.0,28.0,110.0,40.5,191.0
4693,0,37,173.0,79.0,26.0,107.0,40.8,168.0
4694,1,35,177.0,71.0,1.0,87.0,37.7,4.0
4695,0,40,178.0,88.0,10.0,91.0,39.9,44.0
4696,1,39,158.0,63.0,11.0,87.0,39.6,47.0
4697,1,79,142.0,50.0,14.0,86.0,40.1,70.0
4698,1,74,186.0,80.0,15.0,92.0,40.1,78.0
4699,1,42,155.0,53.0,14.0,91.0,40.1,68.0
4700,1,49,161.0,57.0,10.0,89.0,40.2,47.0
4701,1,26,174.0,73.0,22.0,94.0,40.6,102.0
4702,0,30,165.0,69.0,13.0,92.0,39.9,47.0
4703,0,41,173.0,71.0,28.0,104.0,41.2,169.0
4704,1,38,161.0,59.0,5.0,79.0,38.9,17.0
4705,0,22,206.0,106.0,3.0,78.0,38.4,6.0
4706,1,63,179.0,73.0,20.0,95.0,40.3,108.0
4707,1,44,164.0,61.0,6.0,86.0,39.3,26.0
4708,0,26,192.0,90.0,17.0,109.0,40.5,110.0
4709,0,31,176.0,77.0,16.0,101.0,40.3,83.0
4710,0,24,166.0,63.0,13.0,99.0,39.9,56.0
4711,1,21,156.0,52.0,12.0,82.0,39.8,43.0
4712,0,71,175.0,77.0,2.0,80.0,38.2,8.0
4713,0,25,182.0,85.0,5.0,95.0,38.7,21.0
4714,0,52,186.0,93.0,6.0,90.0,39.4,30.0
4715,0,35,186.0,86.0,10.0,93.0,39.8,44.0
4716,1,65,178.0,73.0,17.0,91.0,40.2,85.0
4717,0,45,187.0,89.0,8.0,82.0,39.6,26.0
4718,1,48,156.0,54.0,23.0,106.0,40.4,151.0
4719,1,32,173.0,68.0,9.0,87.0,39.5,36.0
4720,1,70,171.0,69.0,8.0,87.0,39.3,38.0
4721,1,48,143.0,50.0,27.0,100.0,41.0,161.0
4722,0,33,199.0,93.0,1.0,77.0,37.8,2.0
4723,0,31,185.0,80.0,11.0,92.0,40.2,43.0
4724,0,64,174.0,80.0,23.0,99.0,40.7,151.0
4725,0,26,197.0,101.0,3.0,86.0,38.5,10.0
4726,0,40,181.0,87.0,9.0,93.0,39.5,42.0
4727,0,50,189.0,96.0,14.0,93.0,39.9,75.0
4728,1,58,163.0,64.0,6.0,90.0,39.1,29.0
4729,0,20,183.0,80.0,11.0,94.0,40.1,41.0
4730,1,78,159.0,56.0,18.0,93.0,40.4,102.0
4731,0,70,171.0,80.0,30.0,108.0,41.0,247.0
4732,0,20,193.0,98.0,5.0,88.0,39.2,16.0
4733,0,73,192.0,98.0,20.0,102.0,40.5,157.0
4734,1,40,170.0,70.0,29.0,109.0,41.1,189.0
4735,1,69,156.0,61.0,8.0,83.0,39.4,35.0
4736,1,79,151.0,51.0,4.0,83.0,39.1,19.0
4737,0,57,179.0,77.0,17.0,95.0,40.4,95.0
4738,0,21,177.0,75.0,16.0,86.0,40.1,39.0
4739,0,50,195.0,95.0,4.0,73.0,38.7,9.0
4740,1,32,172.0,63.0,14.0,91.0,40.3,64.0
4741,0,21,186.0,86.0,28.0,107.0,40.7,163.0
4742,0,37,193.0,96.0,11.0,93.0,40.2,52.0
4743,0,71,196.0,106.0,2.0,84.0,38.3,10.0
4744,1,43,178.0,68.0,1.0,87.0,37.6,4.0
4745,1,30,153.0,53.0,26.0,108.0,40.6,168.0
4746,0,27,187.0,89.0,2.0,82.0,39.0,5.0
4747,0,33,174.0,82.0,24.0,106.0,40.4,148.0
4748,0,42,191.0,98.0,6.0,80.0,39.2,18.0
4749,0,33,184.0,87.0,27.0,99.0,40.7,141.0
4750,1,36,168.0,69.0,28.0,104.0,41.0,166.0
4751,1,23,183.0,75.0,9.0,85.0,39.9,32.0
4752,0,58,180.0,86.0,12.0,92.0,40.3,64.0
4753,1,36,188.0,84.0,13.0,96.0,39.8,63.0
4754,1,64,169.0,72.0,19.0,98.0,40.6,109.0
4755,0,66,178.0,85.0,26.0,112.0,40.7,227.0
4756,1,44,156.0,62.0,15.0,93.0,39.8,75.0
4757,0,31,200.0,99.0,17.0,89.0,40.6,66.0
4758,1,43,158.0,61.0,22.0,99.0,40.6,124.0
4759,1,27,158.0,56.0,25.0,97.0,40.9,130.0
4760,1,21,147.0,49.0,11.0,86.0,40.0,44.0
4761,1,43,149.0,56.0,21.0,103.0,40.5,129.0
4762,1,25,159.0,58.0,17.0,96.0,40.2,86.0
4763,1,68,174.0,74.0,22.0,109.0,40.9,153.0
4764,1,26,182.0,71.0,13.0,101.0,39.7,70.0
4765,1,56,160.0,63.0,4.0,84.0,38.7,17.0
4766,1,45,182.0,76.0,8.0,89.0,39.9,35.0
4767,1,52,141.0,47.0,15.0,101.0,40.2,93.0
4768,1,61,173.0,73.0,26.0,102.0,40.8,159.0
4769,0,21,178.0,78.0,28.0,105.0,40.9,150.0
4770,1,42,179.0,72.0,7.0,96.0,39.4,36.0
4771,0,36,190.0,83.0,24.0,101.0,40.9,134.0
4772,1,35,157.0,52.0,9.0,89.0,39.7,41.0
4773,1,56,148.0,52.0,17.0,99.0,40.0,102.0
4774,0,33,188.0,90.0,14.0,99.0,40.1,74.0
4775,0,70,172.0,75.0,10.0,90.0,39.9,54.0
4776,1,32,172.0,69.0,26.0,109.0,40.8,166.0
4777,1,33,159.0,58.0,22.0,99.0,40.7,121.0
4778,0,39,187.0,94.0,3.0,84.0,38.6,10.0
4779,1,30,161.0,57.0,16.0,95.0,40.2,80.0
4780,1,37,151.0,51.0,30.0,115.0,40.9,221.0
4781,1,79,159.0,63.0,25.0,104.0,40.7,169.0
4782,1,65,171.0,68.0,4.0,93.0,38.8,21.0
4783,1,55,169.0,67.0,21.0,102.0,40.6,128.0
4784,0,20,183.0,81.0,17.0,97.0,40.5,71.0
4785,1,39,179.0,74.0,16.0,98.0,40.4,84.0
4786,1,76,179.0,73.0,2.0,78.0,38.2,8.0
4787,1,25,157.0,54.0,3.0,76.0,38.4,9.0
4788,0,63,178.0,85.0,10.0,90.0,40.0,53.0
4789,1,57,191.0,79.0,19.0,97.0,40.5,103.0
4790,0,36,193.0,91.0,30.0,107.0,41.0,200.0
4791,0,51,211.0,116.0,24.0,103.0,40.7,176.0
4792,0,60,187.0,83.0,7.0,91.0,39.4,37.0
4793,1,55,168.0,71.0,29.0,108.0,40.6,193.0
4794,0,29,179.0,84.0,28.0,111.0,40.8,190.0
4795,0,24,185.0,90.0,26.0,112.0,40.4,177.0
4796,0,30,180.0,80.0,5.0,89.0,39.4,17.0
4797,1,26,147.0,48.0,14.0,101.0,40.2,80.0
4798,0,40,179.0,84.0,27.0,114.0,40.8,210.0
4799,0,41,207.0,110.0,29.0,113.0,41.1,238.0
4800,1,38,178.0,68.0,3.0,80.0,38.7,10.0
4801,1,53,168.0,63.0,22.0,99.0,40.8,127.0
4802,0,29,173.0,73.0,18.0,104.0,40.8,99.0
4803,0,26,191.0,87.0,15.0,96.0,40.2,67.0
4804,1,73,162.0,67.0,4.0,83.0,39.2,17.0
4805,0,33,175.0,77.0,3.0,81.0,38.5,7.0
4806,1,36,173.0,70.0,4.0,93.0,38.8,19.0
4807,1,50,170.0,72.0,18.0,102.0,40.4,107.0
4808,1,78,161.0,62.0,19.0,94.0,40.2,108.0
4809,1,27,158.0,54.0,23.0,109.0,40.8,150.0
4810,0,44,175.0,74.0,1.0,74.0,37.9,2.0
4811,0,67,202.0,103.0,24.0,103.0,40.9,188.0
4812,1,24,161.0,61.0,25.0,97.0,41.0,127.0
4813,0,61,183.0,85.0,21.0,102.0,40.5,147.0
4814,0,26,181.0,82.0,29.0,105.0,41.0,165.0
4815,0,41,178.0,78.0,4.0,78.0,39.2,9.0
4816,0,24,179.0,82.0,10.0,90.0,39.2,33.0
4817,0,29,181.0,83.0,20.0,109.0,40.7,129.0
4818,0,22,187.0,89.0,4.0,78.0,39.1,6.0
4819,0,20,164.0,69.0,6.0,82.0,39.1,10.0
4820,1,27,147.0,52.0,13.0,87.0,39.9,54.0
4821,0,78,197.0,101.0,8.0,95.0,39.5,57.0
4822,1,31,164.0,57.0,18.0,94.0,40.3,89.0
4823,0,51,183.0,87.0,19.0,104.0,40.5,130.0
4824,0,60,195.0,102.0,25.0,104.0,40.5,190.0
4825,1,73,173.0,77.0,26.0,103.0,40.8,166.0
4826,1,32,170.0,66.0,25.0,114.0,40.6,174.0
4827,0,20,186.0,82.0,14.0,89.0,40.5,42.0
4828,0,62,183.0,87.0,11.0,93.0,40.1,63.0
4829,0,77,177.0,85.0,5.0,80.0,38.8,22.0
4830,1,20,158.0,48.0,13.0,100.0,40.1,72.0
4831,1,50,175.0,78.0,19.0,96.0,39.9,99.0
4832,1,43,167.0,71.0,19.0,97.0,40.4,100.0
4833,0,23,190.0,85.0,6.0,86.0,39.3,16.0
4834,1,52,174.0,71.0,17.0,101.0,40.5,100.0
4835,0,32,190.0,91.0,24.0,117.0,40.4,192.0
4836,0,34,192.0,99.0,27.0,113.0,40.7,206.0
4837,0,49,180.0,83.0,21.0,94.0,40.6,108.0
4838,0,20,181.0,80.0,27.0,100.0,40.8,124.0
4839,1,57,171.0,66.0,26.0,103.0,41.1,162.0
4840,0,53,202.0,107.0,26.0,100.0,40.6,176.0
4841,1,22,154.0,49.0,16.0,95.0,40.3,80.0
4842,1,52,165.0,63.0,16.0,96.0,40.8,87.0
4843,1,23,157.0,54.0,30.0,112.0,40.9,203.0
4844,1,33,168.0,63.0,5.0,81.0,38.8,18.0
4845,1,24,172.0,63.0,2.0,77.0,38.5,6.0
4846,0,48,178.0,85.0,16.0,88.0,40.5,68.0
4847,1,53,169.0,66.0,20.0,109.0,40.5,136.0
4848,0,28,186.0,82.0,12.0,94.0,39.6,50.0
4849,1,37,166.0,66.0,4.0,85.0,38.9,16.0
4850,0,21,200.0,94.0,6.0,81.0,39.2,13.0
4851,1,40,164.0,66.0,10.0,91.0,39.6,47.0
4852,0,55,194.0,102.0,10.0,88.0,40.0,50.0
4853,0,63,173.0,76.0,7.0,90.0,39.2,36.0
4854,0,34,185.0,94.0,4.0,85.0,38.8,13.0
4855,0,46,175.0,80.0,21.0,97.0,40.5,113.0
4856,0,34,179.0,80.0,18.0,98.0,40.7,90.0
4857,1,37,149.0,55.0,25.0,106.0,40.5,159.0
4858,0,37,190.0,87.0,8.0,92.0,39.4,35.0
4859,0,38,182.0,85.0,8.0,84.0,39.8,25.0
4860,0,50,201.0,102.0,21.0,104.0,40.3,150.0
4861,1,48,163.0,68.0,23.0,96.0,40.9,122.0
4862,1,77,177.0,80.0,16.0,98.0,40.6,94.0
4863,1,31,170.0,64.0,10.0,99.0,39.8,54.0
4864,0,29,169.0,73.0,21.0,100.0,40.3,103.0
4865,1,79,156.0,55.0,16.0,89.0,40.4,84.0
4866,1,45,181.0,79.0,1.0,80.0,37.7,3.0
4867,1,33,173.0,66.0,19.0,99.0,40.4,102.0
4868,0,20,193.0,98.0,8.0,92.0,39.8,30.0
4869,1,57,160.0,60.0,5.0,79.0,39.0,19.0
4870,1,62,160.0,59.0,5.0,82.0,39.1,21.0
4871,0,53,189.0,91.0,20.0,103.0,40.5,138.0
4872,0,30,181.0,81.0,9.0,97.0,39.8,42.0
4873,0,20,169.0,70.0,22.0,97.0,40.5,87.0
4874,0,50,157.0,62.0,6.0,90.0,39.4,25.0
4875,1,70,188.0,88.0,21.0,105.0,40.3,134.0
4876,0,45,198.0,102.0,10.0,86.0,39.3,42.0
4877,1,26,147.0,51.0,19.0,96.0,40.3,98.0
4878,1,69,172.0,70.0,6.0,85.0,39.2,27.0
4879,0,29,187.0,82.0,15.0,97.0,40.1,69.0
4880,1,48,162.0,65.0,10.0,92.0,40.1,49.0
4881,0,26,174.0,77.0,9.0,88.0,39.6,27.0
4882,1,23,151.0,51.0,12.0,98.0,40.4,64.0
4883,0,46,176.0,76.0,10.0,83.0,39.9,32.0
4884,0,22,202.0,96.0,13.0,89.0,40.3,44.0
4885,1,56,158.0,57.0,6.0,81.0,38.9,24.0
4886,1,23,168.0,61.0,8.0,90.0,39.6,35.0
4887,1,35,191.0,83.0,26.0,107.0,40.6,157.0
4888,0,47,192.0,93.0,13.0,95.0,40.3,71.0
4889,0,36,188.0,92.0,16.0,102.0,40.0,95.0
4890,1,22,184.0,81.0,5.0,82.0,39.4,16.0
4891,0,20,176.0,81.0,14.0,92.0,40.2,48.0
4892,1,27,148.0,50.0,24.0,96.0,40.7,124.0
4893,1,77,171.0,71.0,21.0,97.0,40.3,123.0
4894,1,23,165.0,66.0,24.0,102.0,40.6,133.0
4895,0,20,167.0,75.0,10.0,92.0,39.8,33.0
4896,1,46,166.0,60.0,15.0,104.0,40.1,93.0
4897,0,74,184.0,85.0,28.0,101.0,41.1,209.0
4898,0,35,184.0,85.0,15.0,93.0,40.0,66.0
4899,0,50,180.0,78.0,10.0,92.0,39.8,48.0
4900,1,39,164.0,60.0,29.0,110.0,40.8,196.0
4901,1,46,155.0,55.0,2.0,87.0,37.9,9.0
4902,0,57,193.0,97.0,8.0,85.0,39.4,36.0
4903,1,24,161.0,58.0,18.0,96.0,40.5,90.0
4904,0,32,182.0,84.0,2.0,84.0,38.0,6.0
4905,1,30,167.0,66.0,9.0,87.0,39.7,36.0
4906,1,66,158.0,61.0,30.0,112.0,40.9,223.0
4907,1,20,163.0,66.0,1.0,86.0,37.8,4.0
4908,0,24,178.0,77.0,1.0,76.0,38.0,1.0
4909,1,25,159.0,57.0,15.0,99.0,40.2,80.0
4910,1,61,168.0,66.0,29.0,107.0,41.1,195.0
4911,1,41,177.0,76.0,10.0,83.0,39.8,37.0
4912,0,25,181.0,81.0,2.0,89.0,37.6,6.0
4913,1,22,182.0,74.0,24.0,107.0,40.7,142.0
4914,0,23,192.0,84.0,10.0,85.0,39.8,26.0
4915,0,33,188.0,98.0,27.0,111.0,40.5,196.0
4916,1,26,167.0,68.0,28.0,104.0,40.9,161.0
4917,0,71,185.0,86.0,7.0,82.0,39.4,31.0
4918,0,31,178.0,80.0,27.0,107.0,40.7,167.0
4919,1,45,182.0,80.0,26.0,108.0,40.8,165.0
4920,1,31,157.0,54.0,8.0,84.0,39.8,31.0
4921,0,78,176.0,80.0,13.0,98.0,40.1,92.0
4922,1,22,147.0,45.0,29.0,107.0,40.6,184.0
4923,1,31,162.0,63.0,22.0,100.0,40.9,121.0
4924,0,44,179.0,82.0,29.0,108.0,40.8,203.0
4925,0,48,162.0,67.0,4.0,86.0,38.8,14.0
4926,0,30,185.0,87.0,4.0,83.0,38.9,11.0
4927,1,40,155.0,61.0,4.0,87.0,39.0,17.0
4928,0,38,185.0,86.0,13.0,91.0,40.3,55.0
4929,0,50,180.0,79.0,22.0,103.0,40.4,143.0
4930,1,64,158.0,57.0,4.0,83.0,38.7,17.0
4931,0,45,190.0,94.0,10.0,84.0,39.7,37.0
4932,1,52,149.0,47.0,8.0,83.0,40.1,34.0
4933,0,20,175.0,73.0,15.0,98.0,40.7,62.0
4934,0,38,170.0,75.0,21.0,100.0,40.5,113.0
4935,0,40,196.0,102.0,5.0,91.0,39.1,23.0
4936,0,22,181.0,85.0,28.0,112.0,40.4,185.0
4937,1,23,162.0,61.0,15.0,102.0,40.2,84.0
4938,0,61,192.0,91.0,8.0,89.0,39.4,41.0
4939,1,41,164.0,61.0,10.0,85.0,39.6,41.0
4940,0,27,184.0,79.0,21.0,99.0,40.6,100.0
4941,0,20,193.0,93.0,4.0,82.0,39.0,9.0
4942,0,25,180.0,81.0,15.0,91.0,40.2,53.0
4943,1,24,176.0,66.0,6.0,85.0,39.2,22.0
4944,1,51,162.0,59.0,11.0,89.0,40.0,52.0
4945,0,46,188.0,83.0,25.0,101.0,40.7,152.0
4946,1,43,159.0,62.0,17.0,95.0,40.7,88.0
4947,1,58,145.0,47.0,13.0,91.0,39.8,68.0
4948,0,22,191.0,85.0,27.0,96.0,40.9,113.0
4949,1,24,166.0,65.0,4.0,76.0,38.8,11.0
4950,0,49,194.0,101.0,16.0,103.0,40.4,110.0
4951,1,28,162.0,60.0,3.0,84.0,38.4,11.0
4952,1,36,162.0,62.0,27.0,110.0,40.4,180.0
4953,0,21,177.0,82.0,3.0,84.0,38.5,7.0
4954,1,38,167.0,67.0,6.0,84.0,39.3,23.0
4955,0,57,182.0,84.0,28.0,108.0,40.9,215.0
4956,1,21,148.0,47.0,25.0,100.0,40.8,138.0
4957,1,46,171.0,68.0,25.0,102.0,40.6,148.0
4958,1,21,175.0,69.0,10.0,98.0,39.7,50.0
4959,0,33,180.0,80.0,27.0,121.0,40.9,227.0
4960,0,37,190.0,89.0,2.0,84.0,37.8,6.0
4961,1,45,167.0,63.0,16.0,97.0,40.2,87.0
4962,0,20,178.0,81.0,26.0,104.0,40.8,136.0
4963,0,64,177.0,81.0,7.0,85.0,39.8,31.0
4964,0,23,181.0,76.0,8.0,84.0,39.1,18.0
4965,1,70,162.0,64.0,3.0,87.0,38.5,14.0
4966,0,25,196.0,88.0,13.0,94.0,39.9,53.0
4967,0,27,178.0,83.0,19.0,102.0,41.0,101.0
4968,1,52,191.0,78.0,16.0,92.0,40.5,77.0
4969,1,41,150.0,52.0,13.0,92.0,40.5,65.0
4970,1,28,176.0,66.0,6.0,86.0,39.6,23.0
4971,1,32,148.0,53.0,24.0,103.0,40.9,143.0
4972,1,69,162.0,59.0,11.0,95.0,39.6,63.0
4973,0,55,180.0,89.0,4.0,81.0,38.8,14.0
4974,0,47,176.0,78.0,3.0,81.0,38.6,9.0
4975,0,33,190.0,91.0,2.0,84.0,37.8,6.0
4976,0,20,163.0,67.0,19.0,98.0,40.1,76.0
4977,1,66,149.0,55.0,25.0,99.0,40.2,153.0
4978,1,61,159.0,61.0,15.0,90.0,40.2,75.0
4979,0,66,190.0,89.0,10.0,94.0,39.8,61.0
4980,0,22,173.0,70.0,25.0,105.0,40.6,131.0
4981,0,48,176.0,79.0,24.0,100.0,40.4,142.0
4982,1,40,152.0,55.0,8.0,83.0,39.7,32.0
4983,0,20,184.0,83.0,7.0,90.0,39.5,22.0
4984,0,32,203.0,111.0,17.0,93.0,40.1,82.0
4985,0,71,191.0,94.0,19.0,101.0,40.5,143.0
4986,0,47,182.0,83.0,24.0,100.0,40.8,143.0
4987,1,43,172.0,67.0,4.0,85.0,39.2,16.0
4988,1,21,168.0,65.0,29.0,105.0,41.2,169.0
4989,1,56,177.0,78.0,27.0,107.0,40.9,175.0
4990,0,54,166.0,70.0,18.0,99.0,40.4,106.0
4991,0,62,191.0,96.0,6.0,84.0,39.6,27.0
4992,0,44,192.0,94.0,28.0,109.0,41.1,208.0
4993,1,41,173.0,69.0,10.0,91.0,39.7,46.0
4994,0,29,189.0,96.0,4.0,83.0,38.6,11.0
4995,0,57,195.0,100.0,24.0,101.0,40.9,167.0
4996,0,22,196.0,97.0,19.0,100.0,40.4,96.0
4997,1,55,152.0,50.0,3.0,86.0,38.4,14.0
4998,0,33,196.0,92.0,6.0,91.0,39.2,25.0
4999,1,65,153.0,52.0,9.0,81.0,39.4,38.0
5000,1,23,151.0,49.0,13.0,98.0,40.0,69.0
5001,0,43,182.0,85.0,29.0,108.0,40.9,204.0
5002,0,38,181.0,82.0,16.0,98.0,40.2,83.0
5003,1,63,176.0,73.0,20.0,96.0,40.9,110.0
5004,1,61,164.0,62.0,13.0,95.0,40.1,72.0
5005,0,58,179.0,82.0,23.0,107.0,40.4,173.0
5006,0,36,196.0,103.0,10.0,99.0,39.7,57.0
5007,0,43,178.0,77.0,27.0,107.0,40.9,181.0
5008,1,39,158.0,59.0,14.0,105.0,40.1,87.0
5009,1,26,168.0,64.0,3.0,84.0,38.6,11.0
5010,0,25,195.0,90.0,22.0,104.0,40.7,125.0
5011,1,67,164.0,67.0,22.0,105.0,40.4,145.0
5012,1,20,166.0,66.0,12.0,92.0,39.8,53.0
5013,1,30,153.0,56.0,14.0,93.0,40.0,68.0
5014,1,62,172.0,70.0,5.0,80.0,39.2,19.0
5015,1,77,175.0,75.0,11.0,95.0,39.9,62.0
5016,0,31,178.0,80.0,11.0,95.0,39.6,48.0
5017,1,34,159.0,62.0,21.0,97.0,40.8,110.0
5018,1,34,162.0,58.0,20.0,108.0,40.6,129.0
5019,0,33,186.0,81.0,29.0,106.0,40.3,179.0
5020,1,45,150.0,52.0,8.0,85.0,39.5,34.0
5021,1,27,182.0,79.0,10.0,85.0,39.8,36.0
5022,0,36,192.0,95.0,23.0,101.0,40.6,135.0
5023,0,28,187.0,88.0,1.0,89.0,38.0,4.0
5024,0,37,185.0,92.0,3.0,87.0,38.2,11.0
5025,0,20,192.0,91.0,25.0,94.0,40.8,98.0
5026,1,50,165.0,68.0,27.0,105.0,41.0,170.0
5027,1,29,178.0,75.0,14.0,94.0,39.9,65.0
5028,1,44,151.0,53.0,11.0,94.0,40.0,57.0
5029,0,67,173.0,78.0,4.0,95.0,38.7,24.0
5030,1,53,166.0,60.0,7.0,83.0,39.3,29.0
5031,0,24,188.0,93.0,10.0,94.0,39.6,42.0
5032,1,74,161.0,62.0,24.0,107.0,40.7,168.0
5033,0,78,190.0,93.0,27.0,115.0,41.1,268.0
5034,1,25,175.0,70.0,20.0,105.0,40.4,117.0
5035,0,37,174.0,79.0,24.0,106.0,40.8,151.0
5036,1,25,157.0,58.0,1.0,82.0,37.7,4.0
5037,0,25,186.0,88.0,21.0,103.0,40.6,115.0
5038,0,64,186.0,92.0,21.0,102.0,40.2,153.0
5039,1,60,163.0,60.0,11.0,91.0,39.7,56.0
5040,1,22,147.0,49.0,27.0,105.0,40.7,164.0
5041,0,24,198.0,100.0,15.0,88.0,39.8,51.0
5042,0,70,197.0,103.0,21.0,106.0,40.5,177.0
5043,0,68,172.0,82.0,8.0,86.0,39.7,39.0
5044,0,45,198.0,97.0,6.0,92.0,39.4,30.0
5045,1,25,167.0,60.0,4.0,92.0,39.0,18.0
5046,1,51,162.0,59.0,2.0,82.0,38.2,8.0
5047,0,24,190.0,93.0,30.0,100.0,40.9,152.0
5048,1,20,153.0,48.0,14.0,94.0,40.2,68.0
5049,1,41,164.0,64.0,4.0,93.0,38.8,20.0
5050,0,24,194.0,100.0,2.0,81.0,38.0,5.0
5051,0,23,190.0,91.0,6.0,84.0,39.6,15.0
5052,1,62,153.0,57.0,5.0,81.0,39.1,20.0
5053,1,23,162.0,61.0,15.0,90.0,40.1,65.0
5054,0,35,194.0,99.0,5.0,86.0,39.1,18.0
5055,1,22,169.0,64.0,19.0,100.0,40.4,101.0
5056,0,32,186.0,88.0,10.0,92.0,39.9,41.0
5057,1,34,162.0,60.0,19.0,102.0,40.5,110.0
5058,1,24,178.0,78.0,2.0,93.0,38.2,9.0
5059,1,22,169.0,68.0,16.0,94.0,40.3,74.0
5060,1,43,175.0,73.0,1.0,91.0,37.5,5.0
5061,0,20,171.0,69.0,12.0,100.0,40.1,52.0
5062,1,21,161.0,55.0,25.0,103.0,40.7,144.0
5063,1,44,173.0,66.0,16.0,86.0,40.3,67.0
5064,0,69,168.0,71.0,20.0,107.0,40.5,157.0
5065,0,20,183.0,88.0,16.0,97.0,40.5,69.0
5066,1,41,191.0,89.0,18.0,89.0,40.6,75.0
5067,1,41,173.0,69.0,17.0,92.0,40.0,81.0
5068,0,26,184.0,90.0,26.0,101.0,40.8,137.0
5069,0,65,193.0,96.0,27.0,107.0,40.5,221.0
5070,0,21,195.0,90.0,21.0,95.0,40.7,86.0
5071,0,63,185.0,87.0,12.0,93.0,39.8,69.0
5072,1,39,184.0,74.0,15.0,93.0,40.1,71.0
5073,1,35,152.0,51.0,18.0,96.0,40.6,95.0
5074,1,34,164.0,67.0,3.0,82.0,38.8,11.0
5075,0,22,180.0,77.0,6.0,81.0,39.3,11.0
5076,0,78,168.0,71.0,27.0,109.0,40.6,231.0
5077,1,78,178.0,75.0,24.0,96.0,41.1,138.0
5078,1,32,153.0,52.0,5.0,89.0,39.2,22.0
5079,0,79,172.0,77.0,24.0,107.0,40.7,202.0
5080,0,37,182.0,82.0,20.0,99.0,40.8,106.0
5081,0,74,212.0,123.0,25.0,103.0,40.8,215.0
5082,0,38,176.0,77.0,10.0,91.0,39.9,40.0
5083,1,24,170.0,66.0,3.0,88.0,38.8,12.0
5084,1,24,180.0,77.0,28.0,113.0,40.5,184.0
5085,0,31,198.0,106.0,11.0,88.0,40.1,43.0
5086,1,53,166.0,67.0,7.0,91.0,39.5,34.0
5087,1,40,170.0,68.0,21.0,99.0,40.8,115.0
5088,1,21,174.0,66.0,16.0,104.0,40.3,91.0
5089,0,76,179.0,86.0,18.0,100.0,40.5,134.0
5090,0,74,193.0,89.0,13.0,94.0,40.1,84.0
5091,1,45,160.0,61.0,13.0,102.0,40.1,78.0
5092,0,31,180.0,76.0,11.0,92.0,40.2,42.0
5093,1,68,157.0,57.0,13.0,92.0,40.1,70.0
5094,1,60,164.0,61.0,2.0,83.0,38.1,8.0
5095,1,68,164.0,67.0,30.0,110.0,41.2,215.0
5096,1,21,180.0,67.0,19.0,100.0,40.3,100.0
5097,0,32,181.0,84.0,22.0,100.0,40.7,116.0
5098,0,65,186.0,88.0,20.0,101.0,40.3,142.0
5099,1,39,181.0,76.0,7.0,84.0,39.4,26.0
5100,1,54,165.0,67.0,13.0,89.0,40.4,61.0
5101,1,21,169.0,60.0,24.0,111.0,40.7,157.0
5102,1,59,155.0,57.0,6.0,91.0,39.4,31.0
5103,1,41,163.0,62.0,3.0,87.0,38.5,13.0
5104,1,54,169.0,66.0,6.0,85.0,39.4,26.0
5105,1,38,161.0,53.0,2.0,79.0,38.4,7.0
5106,0,20,174.0,74.0,18.0,95.0,40.3,67.0
5107,1,42,162.0,56.0,28.0,108.0,41.0,186.0
5108,1,34,181.0,72.0,23.0,102.0,41.2,130.0
5109,0,35,174.0,78.0,29.0,102.0,41.0,162.0
5110,1,42,160.0,54.0,25.0,106.0,41.1,161.0
5111,0,29,193.0,92.0,4.0,85.0,39.0,12.0
5112,0,24,180.0,84.0,21.0,98.0,40.6,96.0
5113,0,61,178.0,82.0,16.0,102.0,40.4,111.0
5114,0,52,178.0,85.0,10.0,99.0,39.9,61.0
5115,1,33,160.0,56.0,28.0,108.0,40.6,182.0
5116,0,45,185.0,82.0,3.0,86.0,38.4,11.0
5117,0,33,189.0,93.0,23.0,97.0,40.9,116.0
5118,0,71,146.0,56.0,29.0,106.0,40.7,216.0
5119,1,62,163.0,60.0,2.0,84.0,38.4,9.0
5120,0,23,198.0,96.0,13.0,90.0,40.1,47.0
5121,1,21,174.0,63.0,1.0,84.0,38.0,4.0
5122,0,62,184.0,83.0,22.0,103.0,40.5,157.0
5123,0,43,174.0,78.0,11.0,94.0,39.8,52.0
5124,0,60,196.0,96.0,12.0,97.0,39.9,77.0
5125,1,20,164.0,58.0,5.0,87.0,38.5,20.0
5126,1,21,136.0,45.0,16.0,102.0,40.5,92.0
5127,0,34,182.0,87.0,14.0,101.0,39.9,78.0
5128,0,28,198.0,99.0,21.0,101.0,40.5,117.0
5129,1,24,166.0,63.0,8.0,103.0,39.5,46.0
5130,0,28,179.0,77.0,20.0,103.0,40.5,108.0
5131,0,38,190.0,95.0,7.0,79.0,39.4,18.0
5132,1,60,165.0,60.0,3.0,88.0,38.9,14.0
5133,1,71,156.0,61.0,9.0,97.0,39.6,53.0
5134,0,41,188.0,93.0,13.0,91.0,40.2,59.0
5135,0,45,199.0,94.0,22.0,100.0,40.5,134.0
5136,1,22,175.0,66.0,7.0,90.0,39.3,30.0
5137,0,61,189.0,91.0,13.0,86.0,40.3,61.0
5138,1,36,172.0,74.0,13.0,106.0,40.1,79.0
5139,1,34,137.0,44.0,9.0,90.0,39.6,43.0
5140,0,23,176.0,77.0,28.0,102.0,41.1,140.0
5141,0,24,161.0,62.0,11.0,90.0,39.9,32.0
5142,1,45,157.0,60.0,27.0,110.0,40.6,185.0
5143,0,26,181.0,81.0,5.0,85.0,38.7,13.0
5144,0,24,191.0,83.0,8.0,81.0,39.7,16.0
5145,1,76,151.0,58.0,5.0,88.0,39.2,25.0
5146,1,41,165.0,69.0,20.0,99.0,40.7,110.0
5147,0,69,172.0,77.0,20.0,101.0,40.8,141.0
5148,1,33,178.0,72.0,9.0,89.0,39.9,38.0
5149,1,74,156.0,59.0,20.0,104.0,40.6,135.0
5150,0,53,194.0,90.0,24.0,108.0,40.8,183.0
5151,0,25,192.0,98.0,28.0,104.0,40.8,163.0
5152,0,44,174.0,71.0,11.0,80.0,39.9,28.0
5153,0,27,196.0,93.0,18.0,99.0,40.3,91.0
5154,0,38,175.0,79.0,7.0,84.0,39.5,21.0
5155,1,26,160.0,62.0,10.0,86.0,40.0,39.0
5156,1,66,155.0,62.0,19.0,99.0,40.5,114.0
5157,0,27,170.0,66.0,11.0,80.0,39.8,18.0
5158,1,58,159.0,65.0,4.0,77.0,38.8,14.0
5159,1,71,158.0,62.0,16.0,100.0,40.6,99.0
5160,0,38,192.0,86.0,14.0,95.0,40.4,68.0
5161,0,28,187.0,95.0,27.0,102.0,40.8,152.0
5162,0,70,189.0,87.0,12.0,88.0,40.3,64.0
5163,0,43,191.0,97.0,26.0,119.0,40.8,233.0
5164,0,44,180.0,84.0,11.0,91.0,39.5,49.0
5165,1,22,151.0,55.0,8.0,82.0,39.6,28.0
5166,1,58,171.0,68.0,30.0,102.0,40.7,184.0
5167,1,42,173.0,66.0,2.0,84.0,38.5,8.0
5168,1,40,170.0,68.0,6.0,87.0,39.4,25.0
5169,1,56,158.0,61.0,2.0,81.0,38.3,8.0
5170,1,32,158.0,61.0,5.0,80.0,39.2,17.0
5171,0,35,196.0,88.0,7.0,88.0,39.6,26.0
5172,1,79,150.0,58.0,17.0,97.0,40.4,104.0
5173,1,63,169.0,68.0,29.0,108.0,40.6,199.0
5174,0,35,187.0,85.0,16.0,91.0,40.2,65.0
5175,1,41,170.0,72.0,17.0,92.0,40.2,80.0
5176,1,29,165.0,62.0,13.0,87.0,40.2,53.0
5177,0,21,196.0,95.0,22.0,107.0,40.6,133.0
5178,1,30,170.0,62.0,18.0,96.0,40.5,91.0
5179,1,35,151.0,51.0,12.0,93.0,39.9,60.0
5180,1,32,163.0,64.0,11.0,94.0,39.6,53.0
5181,0,27,180.0,78.0,25.0,103.0,40.3,134.0
5182,1,43,159.0,62.0,27.0,114.0,41.1,195.0
5183,0,26,189.0,93.0,24.0,104.0,40.9,139.0
5184,1,38,182.0,71.0,3.0,78.0,38.8,9.0
5185,0,51,169.0,78.0,23.0,102.0,40.5,146.0
5186,0,59,180.0,81.0,30.0,109.0,40.9,236.0
5187,1,37,173.0,67.0,15.0,94.0,40.0,74.0
5188,1,64,169.0,64.0,11.0,94.0,39.9,60.0
5189,1,67,161.0,63.0,13.0,82.0,39.9,55.0
5190,0,25,172.0,79.0,15.0,93.0,40.1,56.0
5191,0,27,192.0,90.0,16.0,88.0,39.8,54.0
5192,0,79,184.0,87.0,21.0,100.0,40.5,160.0
5193,0,56,195.0,104.0,5.0,82.0,39.2,21.0
5194,1,54,163.0,57.0,26.0,100.0,40.6,156.0
5195,1,62,167.0,67.0,28.0,113.0,40.7,207.0
5196,1,73,170.0,71.0,16.0,91.0,40.2,83.0
5197,1,22,169.0,69.0,17.0,95.0,40.2,80.0
5198,1,20,151.0,54.0,28.0,109.0,41.1,179.0
5199,1,45,164.0,64.0,17.0,92.0,40.3,83.0
5200,1,33,155.0,52.0,7.0,82.0,39.2,26.0
5201,1,23,166.0,58.0,12.0,98.0,40.3,63.0
5202,0,76,188.0,93.0,30.0,105.0,41.2,250.0
5203,0,42,192.0,95.0,30.0,107.0,40.7,211.0
5204,0,73,184.0,88.0,3.0,85.0,38.3,15.0
5205,1,67,191.0,91.0,26.0,99.0,40.7,147.0
5206,1,74,173.0,68.0,10.0,91.0,39.9,52.0
5207,0,41,218.0,119.0,18.0,85.0,40.2,76.0
5208,0,55,177.0,79.0,17.0,89.0,40.3,78.0
5209,0,20,186.0,85.0,4.0,93.0,39.1,15.0
5210,0,32,170.0,78.0,16.0,98.0,40.3,77.0
5211,1,40,181.0,79.0,20.0,97.0,40.5,102.0
5212,1,52,171.0,63.0,20.0,108.0,40.5,134.0
5213,1,28,168.0,63.0,25.0,101.0,41.0,139.0
5214,1,72,166.0,66.0,19.0,102.0,40.2,121.0
5215,0,60,166.0,69.0,28.0,102.0,40.7,185.0
5216,0,28,194.0,91.0,10.0,106.0,40.1,61.0
5217,0,74,185.0,83.0,17.0,100.0,40.2,124.0
5218,0,37,179.0,89.0,6.0,92.0,39.2,26.0
5219,1,39,166.0,63.0,26.0,104.0,40.8,158.0
5220,0,59,186.0,84.0,2.0,84.0,37.8,8.0
5221,1,38,143.0,49.0,6.0,87.0,39.0,27.0
5222,0,44,186.0,93.0,21.0,93.0,40.4,105.0
5223,1,52,174.0,69.0,26.0,107.0,41.0,170.0
5224,1,22,169.0,64.0,11.0,85.0,40.1,41.0
5225,1,30,163.0,58.0,30.0,115.0,40.6,215.0
5226,1,26,175.0,76.0,22.0,105.0,40.6,127.0
5227,1,70,185.0,88.0,3.0,75.0,38.7,10.0
5228,1,77,160.0,61.0,9.0,82.0,39.3,40.0
5229,1,63,156.0,56.0,17.0,104.0,40.6,112.0
5230,1,34,156.0,51.0,3.0,90.0,38.7,14.0
5231,0,35,192.0,94.0,20.0,105.0,40.5,128.0
5232,0,24,176.0,80.0,9.0,91.0,40.1,31.0
5233,0,28,190.0,94.0,5.0,93.0,39.1,21.0
5234,1,30,178.0,72.0,3.0,80.0,38.7,10.0
5235,0,21,177.0,79.0,24.0,103.0,40.9,122.0
5236,0,32,207.0,103.0,18.0,106.0,40.3,118.0
5237,0,53,184.0,88.0,5.0,89.0,39.1,24.0
5238,1,65,172.0,71.0,17.0,94.0,40.5,91.0
5239,0,34,190.0,88.0,18.0,93.0,40.5,79.0
5240,1,44,167.0,68.0,15.0,93.0,40.1,74.0
5241,1,45,163.0,64.0,8.0,80.0,40.0,29.0
5242,0,38,192.0,97.0,6.0,79.0,39.3,16.0
5243,1,58,162.0,60.0,17.0,98.0,39.9,99.0
5244,1,30,168.0,70.0,28.0,103.0,41.1,160.0
5245,0,35,194.0,100.0,18.0,100.0,40.3,104.0
5246,0,35,183.0,89.0,19.0,96.0,40.3,93.0
5247,1,20,168.0,65.0,15.0,94.0,40.1,69.0
5248,1,45,167.0,62.0,30.0,118.0,40.9,230.0
5249,0,29,176.0,78.0,14.0,103.0,40.5,76.0
5250,1,30,165.0,64.0,20.0,101.0,40.4,111.0
5251,0,68,178.0,77.0,8.0,89.0,39.8,42.0
5252,1,42,162.0,62.0,14.0,97.0,40.4,75.0
5253,1,42,177.0,75.0,21.0,95.0,40.6,105.0
5254,0,29,190.0,84.0,21.0,102.0,40.4,114.0
5255,0,25,187.0,82.0,23.0,101.0,41.0,116.0
5256,1,21,162.0,60.0,26.0,98.0,40.6,134.0
5257,1,63,149.0,50.0,18.0,100.0,40.5,112.0
5258,1,23,157.0,56.0,5.0,94.0,39.4,24.0
5259,1,51,152.0,59.0,28.0,99.0,41.0,162.0
5260,1,24,152.0,49.0,27.0,101.0,40.9,153.0
5261,1,30,167.0,63.0,4.0,87.0,38.5,16.0
5262,1,25,166.0,64.0,23.0,98.0,40.5,119.0
5263,1,75,162.0,65.0,7.0,89.0,39.6,35.0
5264,0,49,203.0,104.0,28.0,108.0,40.9,216.0
5265,0,71,174.0,78.0,15.0,105.0,40.0,117.0
5266,1,52,159.0,62.0,23.0,99.0,40.4,133.0
5267,1,32,157.0,59.0,6.0,86.0,39.6,24.0
5268,0,42,179.0,82.0,15.0,85.0,40.4,52.0
5269,0,42,167.0,71.0,19.0,111.0,40.2,135.0
5270,0,78,180.0,88.0,18.0,102.0,40.4,142.0
5271,0,66,183.0,90.0,17.0,102.0,40.2,125.0
5272,0,73,190.0,95.0,5.0,74.0,38.9,18.0
5273,0,39,180.0,82.0,23.0,105.0,40.7,145.0
5274,1,61,161.0,68.0,25.0,105.0,40.7,162.0
5275,0,25,178.0,77.0,16.0,99.0,40.0,74.0
5276,0,37,184.0,86.0,6.0,85.0,39.2,20.0
5277,0,37,185.0,84.0,15.0,97.0,40.0,76.0
5278,1,55,147.0,48.0,2.0,90.0,38.0,10.0
5279,1,50,165.0,67.0,26.0,106.0,41.0,167.0
5280,1,68,170.0,73.0,30.0,102.0,40.8,187.0
5281,0,27,198.0,103.0,29.0,107.0,41.0,188.0
5282,0,79,172.0,76.0,9.0,92.0,39.8,55.0
5283,1,21,173.0,64.0,7.0,83.0,39.6,24.0
5284,0,20,183.0,86.0,21.0,103.0,40.7,109.0
5285,1,21,172.0,67.0,20.0,104.0,40.7,114.0
5286,1,73,167.0,69.0,19.0,97.0,40.0,111.0
5287,0,50,184.0,92.0,8.0,90.0,39.6,38.0
5288,1,25,161.0,62.0,14.0,95.0,40.5,68.0
5289,1,32,158.0,58.0,8.0,89.0,39.5,35.0
5290,1,21,156.0,60.0,17.0,91.0,40.2,75.0
5291,0,23,187.0,78.0,11.0,87.0,39.7,30.0
5292,1,30,169.0,64.0,18.0,97.0,39.9,93.0
5293,0,66,192.0,90.0,2.0,79.0,37.9,8.0
5294,1,33,155.0,55.0,4.0,80.0,38.7,14.0
5295,0,28,165.0,74.0,20.0,95.0,40.6,82.0
5296,1,53,157.0,63.0,6.0,84.0,39.1,25.0
5297,1,20,143.0,47.0,3.0,79.0,38.4,10.0
5298,0,71,185.0,94.0,10.0,92.0,39.6,62.0
5299,0,26,180.0,78.0,4.0,92.0,38.7,15.0
5300,1,48,168.0,64.0,18.0,97.0,40.1,98.0
5301,1,36,167.0,64.0,28.0,108.0,40.8,180.0
5302,1,63,156.0,56.0,11.0,90.0,39.9,56.0
5303,1,46,169.0,67.0,8.0,84.0,39.8,32.0
5304,1,65,176.0,72.0,2.0,72.0,37.9,6.0
5305,0,25,190.0,90.0,15.0,87.0,40.2,46.0
5306,1,53,161.0,64.0,19.0,99.0,40.7,110.0
5307,0,37,194.0,99.0,12.0,87.0,40.0,46.0
5308,1,35,175.0,63.0,3.0,76.0,38.8,9.0
5309,0,20,193.0,87.0,29.0,109.0,40.9,177.0
5310,1,20,172.0,69.0,24.0,98.0,40.9,120.0
5311,1,24,171.0,64.0,12.0,91.0,40.1,53.0
5312,1,55,167.0,65.0,15.0,96.0,40.1,82.0
5313,0,69,175.0,82.0,11.0,92.0,40.1,64.0
5314,1,24,163.0,60.0,6.0,78.0,39.5,18.0
5315,1,31,154.0,59.0,4.0,73.0,39.1,11.0
5316,0,58,194.0,95.0,23.0,106.0,40.5,176.0
5317,0,32,183.0,83.0,29.0,104.0,41.0,170.0
5318,1,72,166.0,68.0,3.0,76.0,38.2,11.0
5319,1,74,148.0,46.0,29.0,108.0,40.9,213.0
5320,1,23,183.0,71.0,17.0,91.0,40.5,73.0
5321,0,54,182.0,81.0,20.0,106.0,40.6,143.0
5322,0,34,192.0,93.0,21.0,91.0,40.6,88.0
5323,0,44,180.0,82.0,3.0,86.0,38.9,11.0
5324,1,27,153.0,53.0,25.0,108.0,40.6,160.0
5325,1,28,164.0,66.0,3.0,87.0,38.9,12.0
5326,0,52,200.0,97.0,30.0,116.0,41.3,268.0
5327,1,26,167.0,63.0,18.0,105.0,40.6,107.0
5328,0,28,199.0,96.0,29.0,107.0,41.1,185.0
5329,0,29,188.0,89.0,19.0,95.0,40.8,85.0
5330,1,35,143.0,44.0,16.0,95.0,40.1,85.0
5331,0,72,179.0,81.0,21.0,97.0,40.6,140.0
5332,0,20,178.0,76.0,11.0,97.0,39.7,45.0
5333,0,38,175.0,83.0,20.0,97.0,40.3,102.0
5334,1,39,166.0,56.0,16.0,100.0,40.3,92.0
5335,1,56,177.0,76.0,11.0,86.0,39.6,47.0
5336,0,43,195.0,95.0,26.0,106.0,40.7,180.0
5337,1,22,155.0,61.0,9.0,91.0,39.8,40.0
5338,0,57,204.0,114.0,11.0,82.0,39.5,48.0
5339,1,35,150.0,50.0,25.0,104.0,41.0,154.0
5340,0,29,186.0,89.0,18.0,97.0,40.4,86.0
5341,1,43,168.0,70.0,24.0,100.0,40.6,135.0
5342,0,39,173.0,72.0,21.0,99.0,40.4,109.0
5343,0,50,191.0,96.0,20.0,90.0,40.6,98.0
5344,0,32,192.0,91.0,1.0,88.0,37.6,4.0
5345,1,36,162.0,60.0,22.0,103.0,40.5,131.0
5346,1,30,172.0,67.0,22.0,112.0,40.3,148.0
5347,0,46,179.0,82.0,18.0,109.0,40.3,131.0
5348,0,24,178.0,81.0,6.0,85.0,39.7,15.0
5349,1,23,156.0,56.0,18.0,93.0,40.6,85.0
5350,0,57,203.0,107.0,22.0,96.0,40.7,140.0
5351,0,45,163.0,72.0,9.0,85.0,39.4,30.0
5352,0,30,193.0,92.0,13.0,104.0,40.3,77.0
5353,1,47,149.0,47.0,16.0,99.0,40.2,94.0
5354,0,32,176.0,75.0,27.0,95.0,40.3,117.0
5355,1,29,155.0,56.0,16.0,87.0,40.3,67.0
5356,1,23,158.0,59.0,22.0,110.0,40.3,143.0
5357,0,62,177.0,82.0,21.0,102.0,40.7,146.0
5358,0,20,195.0,97.0,14.0,101.0,40.4,72.0
5359,1,26,163.0,61.0,17.0,97.0,40.2,87.0
5360,0,38,173.0,72.0,3.0,75.0,38.5,5.0
5361,1,63,170.0,71.0,3.0,74.0,38.7,10.0
5362,0,29,182.0,79.0,29.0,100.0,40.7,145.0
5363,1,74,172.0,72.0,14.0,91.0,40.4,72.0
5364,0,21,189.0,83.0,26.0,99.0,40.8,119.0
5365,1,65,166.0,67.0,1.0,86.0,37.7,5.0
5366,0,34,203.0,101.0,12.0,102.0,39.8,72.0
5367,1,24,166.0,63.0,13.0,100.0,40.1,70.0
5368,0,68,186.0,94.0,8.0,87.0,39.6,42.0
5369,1,54,162.0,63.0,13.0,101.0,40.0,78.0
5370,1,67,175.0,74.0,25.0,103.0,41.0,158.0
5371,1,24,167.0,62.0,4.0,90.0,38.9,17.0
5372,1,43,168.0,67.0,24.0,107.0,40.7,154.0
5373,1,23,186.0,74.0,19.0,112.0,40.6,123.0
5374,0,71,191.0,92.0,9.0,87.0,39.8,48.0
5375,0,55,195.0,100.0,21.0,100.0,40.9,141.0
5376,1,51,162.0,59.0,21.0,107.0,40.7,140.0
5377,1,47,156.0,56.0,7.0,88.0,39.7,32.0
5378,0,73,201.0,109.0,10.0,87.0,40.0,58.0
5379,0,68,201.0,105.0,19.0,100.0,40.3,142.0
5380,0,22,175.0,81.0,19.0,94.0,40.4,72.0
5381,0,67,177.0,77.0,3.0,77.0,38.3,10.0
5382,0,26,182.0,85.0,3.0,84.0,38.8,8.0
5383,0,30,183.0,88.0,23.0,104.0,40.7,135.0
5384,0,65,168.0,71.0,17.0,99.0,40.2,109.0
5385,0,49,183.0,92.0,16.0,103.0,40.3,107.0
5386,0,41,186.0,82.0,14.0,100.0,40.3,79.0
5387,0,25,175.0,75.0,18.0,104.0,40.3,96.0
5388,1,79,174.0,76.0,26.0,112.0,40.7,194.0
5389,1,24,155.0,55.0,30.0,109.0,40.9,193.0
5390,1,61,174.0,67.0,18.0,91.0,40.7,90.0
5391,1,21,174.0,67.0,5.0,89.0,39.2,20.0
5392,0,41,180.0,85.0,4.0,81.0,38.5,11.0
5393,0,37,176.0,79.0,29.0,105.0,40.6,178.0
5394,0,35,169.0,75.0,5.0,90.0,38.7,19.0
5395,1,75,168.0,66.0,18.0,103.0,40.0,118.0
5396,1,22,173.0,69.0,7.0,83.0,39.4,24.0
5397,0,73,194.0,95.0,5.0,96.0,39.2,34.0
5398,1,23,178.0,72.0,6.0,81.0,39.2,19.0
5399,1,24,153.0,47.0,20.0,99.0,40.6,110.0
5400,1,22,172.0,65.0,8.0,83.0,39.6,28.0
5401,1,20,148.0,54.0,4.0,73.0,38.9,10.0
5402,1,58,163.0,61.0,19.0,97.0,40.4,108.0
5403,0,51,190.0,102.0,26.0,105.0,40.7,190.0
5404,1,43,164.0,63.0,2.0,83.0,38.2,8.0
5405,1,52,161.0,63.0,14.0,96.0,40.0,76.0
5406,1,40,166.0,63.0,10.0,86.0,39.7,42.0
5407,0,57,184.0,85.0,14.0,91.0,40.3,72.0
5408,1,49,174.0,69.0,22.0,103.0,40.5,133.0
5409,1,40,149.0,54.0,15.0,93.0,40.0,75.0
5410,0,37,194.0,91.0,4.0,84.0,38.7,13.0
5411,1,21,146.0,49.0,6.0,81.0,39.6,21.0
5412,1,58,163.0,57.0,29.0,106.0,41.0,194.0
5413,0,43,197.0,94.0,18.0,93.0,40.4,89.0
5414,1,25,171.0,70.0,11.0,92.0,40.0,49.0
5415,0,38,194.0,101.0,18.0,95.0,40.4,93.0
5416,0,30,171.0,72.0,18.0,101.0,40.5,91.0
5417,0,45,179.0,78.0,11.0,98.0,39.9,60.0
5418,0,22,179.0,81.0,21.0,96.0,40.3,86.0
5419,0,36,200.0,100.0,7.0,85.0,39.5,25.0
5420,0,43,169.0,73.0,9.0,84.0,39.9,28.0
5421,1,37,166.0,61.0,25.0,103.0,40.7,149.0
5422,1,20,166.0,60.0,23.0,102.0,40.6,128.0
5423,0,70,187.0,93.0,3.0,78.0,38.8,12.0
5424,1,35,167.0,63.0,20.0,103.0,40.4,118.0
5425,1,78,161.0,65.0,13.0,93.0,39.7,72.0
5426,0,33,165.0,72.0,6.0,81.0,39.5,13.0
5427,1,24,158.0,54.0,11.0,90.0,39.7,49.0
5428,0,24,186.0,83.0,10.0,92.0,39.6,37.0
5429,1,22,166.0,63.0,26.0,109.0,40.6,164.0
5430,1,76,170.0,68.0,27.0,114.0,40.9,208.0
5431,1,44,179.0,78.0,1.0,87.0,38.3,4.0
5432,0,49,166.0,70.0,5.0,87.0,39.0,19.0
5433,0,37,181.0,86.0,22.0,97.0,40.6,112.0
5434,0,22,190.0,88.0,3.0,79.0,39.0,5.0
5435,0,49,184.0,88.0,14.0,85.0,40.2,55.0
5436,0,35,202.0,97.0,24.0,103.0,40.8,147.0
5437,1,49,163.0,56.0,28.0,107.0,40.3,186.0
5438,1,21,162.0,58.0,1.0,85.0,37.5,4.0
5439,0,20,188.0,81.0,11.0,89.0,39.9,33.0
5440,0,58,177.0,84.0,11.0,88.0,40.0,52.0
5441,0,72,204.0,112.0,24.0,107.0,40.6,213.0
5442,1,72,177.0,75.0,15.0,89.0,40.0,73.0
5443,1,43,174.0,71.0,12.0,91.0,40.1,56.0
5444,0,55,178.0,78.0,18.0,90.0,40.1,85.0
5445,1,36,181.0,79.0,22.0,106.0,40.9,132.0
5446,1,42,167.0,68.0,12.0,93.0,40.0,58.0
5447,0,59,183.0,88.0,22.0,101.0,40.8,150.0
5448,1,51,168.0,62.0,13.0,95.0,40.0,69.0
5449,0,29,181.0,85.0,10.0,93.0,39.8,41.0
5450,0,28,184.0,85.0,8.0,94.0,39.4,34.0
5451,0,40,180.0,84.0,11.0,90.0,40.0,46.0
5452,1,54,151.0,53.0,19.0,94.0,40.3,103.0
5453,1,50,177.0,75.0,16.0,96.0,40.4,84.0
5454,1,21,161.0,58.0,30.0,115.0,40.8,210.0
5455,0,28,169.0,67.0,23.0,103.0,40.7,119.0
5456,1,43,187.0,87.0,19.0,99.0,40.5,100.0
5457,0,68,177.0,85.0,23.0,94.0,40.8,141.0
5458,1,71,156.0,61.0,26.0,111.0,40.8,193.0
5459,0,20,195.0,98.0,25.0,110.0,40.7,162.0
5460,0,41,165.0,69.0,25.0,108.0,41.2,165.0
5461,0,33,160.0,67.0,20.0,103.0,40.0,108.0
5462,0,53,187.0,94.0,16.0,99.0,40.3,102.0
5463,1,20,152.0,50.0,22.0,102.0,40.8,125.0
5464,0,20,188.0,88.0,11.0,101.0,40.1,54.0
5465,0,59,194.0,95.0,30.0,109.0,40.6,245.0
5466,0,34,185.0,93.0,20.0,99.0,40.3,108.0
5467,0,57,184.0,82.0,12.0,100.0,39.9,77.0
5468,0,38,177.0,82.0,26.0,103.0,40.8,155.0
5469,0,76,190.0,89.0,22.0,97.0,40.4,155.0
5470,1,43,161.0,63.0,11.0,90.0,40.0,51.0
5471,1,52,159.0,59.0,11.0,96.0,40.1,60.0
5472,1,25,159.0,57.0,13.0,94.0,40.3,63.0
5473,0,31,180.0,79.0,4.0,86.0,39.1,12.0
5474,1,48,154.0,56.0,12.0,97.0,39.9,67.0
5475,1,63,172.0,66.0,26.0,104.0,41.1,168.0
5476,0,21,189.0,91.0,27.0,114.0,41.0,189.0
5477,1,21,144.0,47.0,16.0,104.0,40.4,95.0
5478,1,20,168.0,60.0,28.0,101.0,41.3,153.0
5479,1,68,168.0,67.0,26.0,103.0,40.7,167.0
5480,1,29,169.0,70.0,16.0,99.0,40.2,84.0
5481,0,23,198.0,96.0,14.0,96.0,40.0,63.0
5482,0,34,172.0,76.0,4.0,89.0,38.7,14.0
5483,0,55,156.0,62.0,9.0,86.0,39.6,34.0
5484,0,22,181.0,85.0,15.0,96.0,40.1,63.0
5485,1,72,163.0,65.0,10.0,94.0,39.6,56.0
5486,1,46,147.0,50.0,8.0,83.0,39.4,33.0
5487,0,24,188.0,90.0,13.0,93.0,40.0,51.0
5488,0,26,189.0,91.0,30.0,108.0,40.7,190.0
5489,0,35,193.0,91.0,23.0,106.0,40.8,149.0
5490,1,57,165.0,60.0,19.0,91.0,40.2,96.0
5491,0,67,155.0,60.0,20.0,101.0,40.6,132.0
5492,1,60,173.0,70.0,11.0,97.0,39.8,62.0
5493,1,74,176.0,83.0,30.0,111.0,40.8,215.0
5494,1,20,172.0,70.0,18.0,105.0,40.6,103.0
5495,0,29,198.0,100.0,11.0,78.0,40.0,24.0
5496,0,25,185.0,89.0,27.0,104.0,40.8,152.0
5497,0,56,179.0,80.0,17.0,90.0,40.4,82.0
5498,0,36,188.0,86.0,23.0,108.0,40.6,154.0
5499,1,34,181.0,75.0,27.0,108.0,40.9,168.0
5500,0,75,181.0,82.0,27.0,111.0,41.1,242.0
5501,0,36,190.0,91.0,27.0,109.0,40.7,188.0
5502,0,26,174.0,80.0,29.0,108.0,41.1,177.0
5503,0,62,200.0,105.0,5.0,91.0,38.8,29.0
5504,0,57,184.0,92.0,18.0,103.0,40.4,128.0
5505,0,61,161.0,65.0,6.0,90.0,38.8,28.0
5506,1,24,169.0,59.0,25.0,111.0,40.7,165.0
5507,1,21,176.0,70.0,2.0,78.0,38.1,6.0
5508,1,75,181.0,77.0,25.0,105.0,40.6,165.0
5509,0,58,207.0,105.0,8.0,91.0,39.5,45.0
5510,1,25,161.0,60.0,2.0,78.0,38.4,6.0
5511,1,56,179.0,75.0,15.0,90.0,40.3,71.0
5512,0,43,178.0,82.0,16.0,102.0,40.0,97.0
5513,1,46,168.0,65.0,26.0,106.0,41.0,166.0
5514,0,64,178.0,75.0,20.0,94.0,40.2,114.0
5515,1,32,142.0,48.0,5.0,79.0,38.9,17.0
5516,1,58,139.0,43.0,26.0,113.0,40.6,199.0
5517,1,35,143.0,50.0,11.0,89.0,39.8,50.0
5518,1,23,159.0,55.0,3.0,84.0,38.4,11.0
5519,0,39,188.0,88.0,16.0,97.0,40.6,84.0
5520,1,20,177.0,70.0,12.0,97.0,39.8,59.0
5521,1,29,175.0,72.0,21.0,90.0,40.6,90.0
5522,0,24,185.0,90.0,8.0,86.0,39.6,23.0
5523,1,27,155.0,58.0,28.0,114.0,40.7,196.0
5524,1,40,158.0,52.0,24.0,108.0,40.4,160.0
5525,0,20,189.0,91.0,10.0,93.0,40.1,38.0
5526,1,60,169.0,73.0,10.0,95.0,40.0,53.0
5527,1,37,178.0,74.0,20.0,103.0,40.4,115.0
5528,0,67,189.0,94.0,19.0,100.0,40.2,136.0
5529,1,28,167.0,66.0,12.0,96.0,40.5,60.0
5530,1,21,163.0,58.0,2.0,84.0,38.1,7.0
5531,0,27,183.0,81.0,24.0,99.0,40.7,115.0
5532,0,23,189.0,93.0,12.0,98.0,39.9,57.0
5533,0,26,197.0,98.0,5.0,77.0,39.2,9.0
5534,1,30,166.0,63.0,4.0,80.0,39.0,13.0
5535,0,62,173.0,73.0,4.0,79.0,39.1,13.0
5536,1,22,173.0,64.0,15.0,94.0,40.5,70.0
5537,1,76,160.0,61.0,5.0,89.0,39.0,26.0
5538,0,22,177.0,83.0,20.0,99.0,40.4,92.0
5539,1,42,159.0,59.0,2.0,79.0,38.3,7.0
5540,1,39,151.0,53.0,18.0,100.0,40.7,104.0
5541,0,64,177.0,81.0,15.0,93.0,40.0,85.0
5542,0,38,201.0,106.0,21.0,106.0,40.9,146.0
5543,0,35,195.0,99.0,29.0,114.0,40.7,228.0
5544,1,24,166.0,60.0,12.0,83.0,39.8,43.0
5545,1,55,162.0,60.0,20.0,94.0,40.1,106.0
5546,0,46,179.0,79.0,20.0,104.0,40.4,129.0
5547,1,51,172.0,71.0,13.0,96.0,40.4,69.0
5548,0,48,170.0,75.0,3.0,90.0,38.7,13.0
5549,1,20,162.0,58.0,3.0,78.0,38.6,9.0
5550,0,46,195.0,97.0,21.0,107.0,40.3,153.0
5551,0,49,184.0,86.0,26.0,103.0,40.8,171.0
5552,1,44,151.0,56.0,4.0,91.0,38.9,19.0
5553,0,21,186.0,79.0,19.0,97.0,40.8,79.0
5554,0,45,200.0,97.0,27.0,102.0,40.8,175.0
5555,0,27,182.0,80.0,3.0,74.0,38.9,3.0
5556,0,68,161.0,64.0,12.0,93.0,39.9,66.0
5557,0,22,188.0,89.0,13.0,93.0,40.0,50.0
5558,1,22,160.0,56.0,23.0,98.0,40.5,120.0
5559,0,31,198.0,102.0,30.0,107.0,40.8,200.0
5560,0,38,194.0,101.0,20.0,109.0,40.5,146.0
5561,0,23,201.0,101.0,27.0,103.0,40.9,153.0
5562,1,48,153.0,55.0,26.0,100.0,40.8,154.0
5563,0,47,191.0,95.0,4.0,80.0,39.1,13.0
5564,1,54,155.0,60.0,19.0,110.0,40.4,133.0
5565,0,75,184.0,83.0,23.0,104.0,40.8,182.0
5566,0,25,194.0,97.0,18.0,99.0,40.4,91.0
5567,1,21,170.0,67.0,13.0,90.0,39.8,55.0
5568,1,21,157.0,56.0,17.0,100.0,40.0,92.0
5569,1,45,155.0,56.0,6.0,83.0,39.6,24.0
5570,0,72,177.0,80.0,7.0,82.0,39.2,31.0
5571,0,28,183.0,86.0,13.0,92.0,40.2,51.0
5572,0,21,181.0,81.0,15.0,100.0,40.0,70.0
5573,0,22,192.0,95.0,24.0,112.0,40.9,164.0
5574,0,52,171.0,78.0,5.0,86.0,39.2,20.0
5575,1,75,156.0,57.0,27.0,114.0,41.0,212.0
5576,1,34,185.0,75.0,14.0,93.0,40.0,65.0
5577,1,22,165.0,63.0,21.0,98.0,40.7,108.0
5578,0,44,184.0,81.0,19.0,104.0,40.4,121.0
5579,0,56,187.0,90.0,8.0,87.0,39.8,37.0
5580,1,72,170.0,69.0,20.0,107.0,40.4,138.0
5581,0,40,180.0,88.0,9.0,94.0,39.5,44.0
5582,1,36,173.0,68.0,17.0,97.0,40.2,88.0
5583,1,37,170.0,69.0,25.0,118.0,40.7,186.0
5584,1,35,168.0,67.0,17.0,101.0,40.1,96.0
5585,0,62,182.0,84.0,4.0,83.0,38.9,17.0
5586,1,21,161.0,58.0,8.0,88.0,39.9,33.0
5587,0,20,198.0,104.0,30.0,106.0,40.8,181.0
5588,1,77,172.0,66.0,14.0,93.0,40.2,77.0
5589,1,31,171.0,70.0,5.0,83.0,39.0,18.0
5590,0,20,180.0,83.0,30.0,103.0,40.8,154.0
5591,0,31,180.0,79.0,25.0,102.0,40.8,135.0
5592,1,42,150.0,52.0,6.0,94.0,39.4,31.0
5593,1,76,171.0,74.0,13.0,100.0,40.1,80.0
5594,1,53,165.0,63.0,12.0,93.0,40.0,62.0
5595,0,59,192.0,98.0,14.0,92.0,40.2,79.0
5596,0,21,175.0,74.0,29.0,109.0,41.2,170.0
5597,0,36,178.0,79.0,11.0,96.0,39.8,52.0
5598,0,26,200.0,99.0,13.0,93.0,39.9,55.0
5599,1,60,165.0,60.0,18.0,88.0,40.2,86.0
5600,1,24,174.0,63.0,17.0,95.0,40.3,82.0
5601,1,20,170.0,68.0,8.0,85.0,39.4,29.0
5602,1,27,151.0,49.0,19.0,101.0,40.2,109.0
5603,0,32,186.0,91.0,10.0,93.0,39.7,44.0
5604,0,25,200.0,107.0,9.0,92.0,39.7,38.0
5605,1,43,157.0,60.0,28.0,110.0,40.9,191.0
5606,1,59,173.0,68.0,29.0,111.0,41.0,206.0
5607,0,27,195.0,92.0,15.0,97.0,40.0,71.0
5608,1,27,157.0,54.0,17.0,95.0,40.3,85.0
5609,0,26,196.0,100.0,25.0,114.0,41.0,186.0
5610,1,24,162.0,62.0,15.0,89.0,40.1,63.0
5611,1,40,169.0,68.0,7.0,86.0,39.2,29.0
5612,0,45,193.0,97.0,8.0,93.0,39.4,41.0
5613,0,35,187.0,88.0,26.0,108.0,41.1,174.0
5614,0,46,171.0,73.0,10.0,97.0,39.4,53.0
5615,1,53,168.0,64.0,6.0,89.0,39.7,28.0
5616,1,24,164.0,61.0,29.0,109.0,40.8,184.0
5617,0,70,195.0,98.0,14.0,102.0,40.5,108.0
5618,1,32,171.0,68.0,26.0,103.0,40.9,150.0
5619,0,71,193.0,100.0,29.0,104.0,41.5,235.0
5620,0,65,175.0,77.0,26.0,116.0,40.8,237.0
5621,0,79,177.0,83.0,13.0,88.0,40.5,74.0
5622,0,25,183.0,86.0,11.0,97.0,40.1,50.0
5623,1,29,169.0,68.0,26.0,108.0,40.3,162.0
5624,0,60,194.0,94.0,2.0,72.0,38.7,5.0
5625,0,74,184.0,87.0,20.0,101.0,40.5,150.0
5626,1,28,156.0,60.0,25.0,102.0,40.9,142.0
5627,1,37,169.0,69.0,24.0,106.0,40.6,148.0
5628,0,64,192.0,96.0,16.0,96.0,40.4,103.0
5629,1,24,166.0,68.0,18.0,92.0,40.4,80.0
5630,1,35,132.0,38.0,30.0,112.0,40.5,216.0
5631,1,60,164.0,61.0,5.0,83.0,39.1,21.0
5632,1,26,168.0,59.0,13.0,90.0,39.9,57.0
5633,1,36,177.0,76.0,1.0,74.0,37.8,3.0
5634,1,25,164.0,61.0,18.0,87.0,40.3,72.0
5635,1,46,166.0,66.0,8.0,90.0,39.8,37.0
5636,1,38,163.0,63.0,19.0,105.0,40.5,117.0
5637,1,37,170.0,64.0,20.0,105.0,40.3,122.0
5638,0,28,186.0,78.0,19.0,91.0,40.2,68.0
5639,1,43,149.0,51.0,4.0,95.0,38.7,21.0
5640,0,39,176.0,76.0,23.0,109.0,40.7,156.0
5641,1,34,149.0,51.0,25.0,105.0,40.7,156.0
5642,0,28,172.0,81.0,25.0,113.0,40.7,174.0
5643,1,43,167.0,61.0,3.0,98.0,38.4,17.0
5644,1,58,156.0,57.0,27.0,110.0,40.6,192.0
5645,0,20,173.0,79.0,2.0,78.0,37.9,3.0
5646,0,31,188.0,96.0,21.0,94.0,40.6,96.0
5647,0,34,184.0,79.0,10.0,88.0,39.9,34.0
5648,1,47,169.0,59.0,29.0,102.0,41.1,175.0
5649,0,35,179.0,85.0,6.0,87.0,39.3,21.0
5650,0,31,173.0,73.0,30.0,106.0,41.0,177.0
5651,0,23,177.0,73.0,23.0,108.0,40.6,133.0
5652,0,23,172.0,75.0,22.0,99.0,40.7,99.0
5653,0,20,186.0,84.0,22.0,93.0,40.5,80.0
5654,0,41,195.0,96.0,19.0,100.0,40.5,113.0
5655,0,23,175.0,75.0,2.0,77.0,38.8,2.0
5656,1,38,165.0,61.0,20.0,99.0,40.5,111.0
5657,0,75,182.0,82.0,17.0,96.0,40.2,114.0
5658,1,64,173.0,75.0,23.0,96.0,40.8,126.0
5659,1,35,163.0,59.0,20.0,107.0,40.6,127.0
5660,0,43,187.0,85.0,28.0,109.0,40.8,201.0
5661,0,21,163.0,63.0,24.0,110.0,41.0,139.0
5662,0,59,191.0,92.0,30.0,110.0,41.0,247.0
5663,0,42,183.0,80.0,24.0,98.0,40.7,129.0
5664,1,29,152.0,55.0,14.0,105.0,39.9,85.0
5665,1,57,171.0,65.0,15.0,88.0,40.3,70.0
5666,0,51,181.0,87.0,10.0,85.0,39.7,40.0
5667,0,51,172.0,72.0,14.0,102.0,40.5,87.0
5668,1,56,166.0,62.0,23.0,109.0,40.5,159.0
5669,0,57,186.0,83.0,18.0,98.0,40.7,111.0
5670,1,48,157.0,62.0,1.0,80.0,37.7,4.0
5671,0,73,202.0,107.0,13.0,96.0,39.9,93.0
5672,1,65,164.0,62.0,30.0,109.0,40.9,212.0
5673,0,34,187.0,91.0,8.0,92.0,39.9,34.0
5674,0,45,188.0,87.0,5.0,89.0,39.4,21.0
5675,1,65,155.0,57.0,12.0,89.0,40.1,60.0
5676,0,34,201.0,107.0,2.0,95.0,38.2,10.0
5677,1,58,154.0,61.0,22.0,103.0,40.5,139.0
5678,1,72,182.0,74.0,30.0,118.0,41.0,240.0
5679,0,66,182.0,84.0,4.0,87.0,38.9,20.0
5680,0,28,195.0,99.0,18.0,101.0,40.7,100.0
5681,1,32,171.0,73.0,29.0,104.0,40.7,168.0
5682,1,28,168.0,70.0,28.0,104.0,40.6,162.0
5683,0,74,196.0,100.0,10.0,92.0,39.7,64.0
5684,1,63,168.0,63.0,7.0,92.0,39.4,36.0
5685,0,31,182.0,86.0,9.0,86.0,39.8,28.0
5686,0,34,177.0,76.0,4.0,91.0,38.7,15.0
5687,1,73,159.0,57.0,7.0,87.0,39.0,35.0
5688,1,21,174.0,65.0,20.0,110.0,40.7,127.0
5689,1,56,172.0,65.0,27.0,108.0,41.0,183.0
5690,1,45,164.0,61.0,5.0,84.0,39.1,20.0
5691,1,28,150.0,51.0,18.0,99.0,40.5,99.0
5692,0,75,170.0,72.0,23.0,98.0,40.9,156.0
5693,1,40,162.0,61.0,5.0,84.0,39.3,20.0
5694,1,48,180.0,74.0,9.0,95.0,39.6,46.0
5695,1,34,164.0,57.0,26.0,107.0,41.0,166.0
5696,0,34,183.0,81.0,5.0,77.0,39.4,9.0
5697,0,60,183.0,84.0,18.0,97.0,40.5,111.0
5698,0,62,185.0,92.0,21.0,101.0,40.7,148.0
5699,1,62,162.0,67.0,12.0,99.0,40.2,71.0
5700,0,77,170.0,74.0,24.0,107.0,40.8,199.0
5701,1,25,164.0,64.0,8.0,82.0,39.6,28.0
5702,0,77,191.0,93.0,16.0,91.0,40.3,100.0
5703,1,31,166.0,64.0,29.0,113.0,40.6,199.0
5704,0,34,175.0,71.0,21.0,95.0,40.6,91.0
5705,1,31,190.0,82.0,25.0,114.0,40.9,168.0
5706,0,66,172.0,77.0,18.0,97.0,40.6,113.0
5707,0,60,197.0,109.0,22.0,104.0,40.6,171.0
5708,0,45,169.0,69.0,22.0,113.0,40.6,166.0
5709,0,22,188.0,93.0,26.0,112.0,40.8,177.0
5710,0,25,187.0,81.0,15.0,101.0,40.3,75.0
5711,1,26,158.0,58.0,23.0,105.0,40.3,138.0
5712,0,38,192.0,89.0,3.0,78.0,38.9,7.0
5713,1,38,157.0,59.0,11.0,85.0,40.0,45.0
5714,1,34,155.0,51.0,11.0,86.0,40.0,46.0
5715,1,42,173.0,71.0,27.0,106.0,40.9,168.0
5716,0,32,177.0,83.0,30.0,105.0,41.1,180.0
5717,1,52,158.0,60.0,23.0,109.0,40.8,158.0
5718,0,48,190.0,83.0,11.0,99.0,39.8,65.0
5719,0,24,177.0,78.0,8.0,85.0,39.6,20.0
5720,0,64,175.0,79.0,8.0,76.0,39.5,25.0
5721,1,23,158.0,62.0,21.0,97.0,40.5,106.0
5722,1,72,164.0,68.0,15.0,94.0,40.2,83.0
5723,0,61,189.0,94.0,14.0,98.0,40.7,92.0
5724,0,38,183.0,83.0,30.0,104.0,40.9,184.0
5725,1,21,159.0,56.0,2.0,89.0,38.0,8.0
5726,0,27,185.0,85.0,18.0,106.0,39.8,107.0
5727,1,64,175.0,68.0,3.0,87.0,38.6,14.0
5728,1,35,161.0,63.0,2.0,81.0,38.1,7.0
5729,1,66,172.0,71.0,25.0,99.0,41.0,147.0
5730,1,38,173.0,71.0,25.0,100.0,40.8,138.0
5731,0,33,174.0,77.0,2.0,83.0,38.3,5.0
5732,1,52,173.0,68.0,20.0,99.0,40.3,114.0
5733,0,48,192.0,88.0,24.0,107.0,40.8,172.0
5734,0,62,194.0,89.0,2.0,83.0,38.4,9.0
5735,0,23,193.0,89.0,22.0,105.0,40.5,125.0
5736,1,66,156.0,60.0,12.0,85.0,40.2,55.0
5737,0,47,195.0,101.0,27.0,114.0,40.9,229.0
5738,1,23,176.0,66.0,10.0,95.0,39.8,48.0
5739,1,22,170.0,69.0,26.0,100.0,41.0,137.0
5740,1,53,164.0,66.0,3.0,80.0,38.8,11.0
5741,0,46,182.0,81.0,9.0,88.0,39.5,37.0
5742,1,59,172.0,73.0,23.0,107.0,40.3,152.0
5743,1,26,168.0,65.0,13.0,88.0,40.3,53.0
5744,1,59,181.0,78.0,29.0,103.0,41.0,177.0
5745,1,23,142.0,47.0,12.0,96.0,39.9,62.0
5746,1,44,152.0,50.0,29.0,104.0,40.8,184.0
5747,0,76,192.0,103.0,25.0,100.0,40.4,195.0
5748,1,27,167.0,65.0,29.0,113.0,41.1,197.0
5749,1,21,172.0,71.0,10.0,88.0,39.8,39.0
5750,0,31,182.0,76.0,1.0,84.0,37.5,3.0
5751,1,64,164.0,67.0,4.0,91.0,39.2,20.0
5752,0,43,190.0,98.0,17.0,107.0,40.2,122.0
5753,1,54,172.0,69.0,10.0,87.0,39.3,44.0
5754,0,52,203.0,107.0,20.0,100.0,40.4,135.0
5755,1,68,150.0,56.0,19.0,107.0,40.4,133.0
5756,0,54,189.0,93.0,18.0,105.0,40.2,131.0
5757,1,46,172.0,72.0,20.0,101.0,40.4,115.0
5758,1,26,159.0,59.0,21.0,108.0,40.4,133.0
5759,0,52,205.0,103.0,14.0,105.0,40.5,104.0
5760,1,29,176.0,67.0,13.0,88.0,40.1,54.0
5761,0,50,184.0,83.0,27.0,100.0,40.9,165.0
5762,0,49,180.0,84.0,26.0,108.0,40.8,190.0
5763,1,62,164.0,67.0,12.0,88.0,40.0,56.0
5764,0,38,184.0,90.0,6.0,88.0,39.3,23.0
5765,1,32,144.0,49.0,5.0,90.0,39.0,23.0
5766,1,67,146.0,53.0,13.0,90.0,40.3,68.0
5767,1,58,148.0,53.0,2.0,89.0,37.7,10.0
5768,0,51,192.0,96.0,19.0,97.0,40.6,114.0
5769,0,70,182.0,91.0,26.0,108.0,40.7,220.0
5770,1,76,148.0,52.0,19.0,96.0,40.5,114.0
5771,0,22,202.0,105.0,30.0,113.0,41.0,216.0
5772,0,61,191.0,91.0,25.0,114.0,41.0,223.0
5773,0,20,196.0,92.0,15.0,89.0,40.3,48.0
5774,0,21,186.0,89.0,22.0,101.0,40.4,110.0
5775,1,48,164.0,65.0,1.0,81.0,37.7,4.0
5776,1,58,161.0,65.0,17.0,92.0,40.7,87.0
5777,0,53,182.0,85.0,2.0,82.0,38.1,7.0
5778,0,70,188.0,89.0,7.0,82.0,39.3,31.0
5779,0,60,189.0,90.0,10.0,90.0,39.3,52.0
5780,0,37,186.0,85.0,7.0,89.0,39.3,27.0
5781,1,32,158.0,56.0,14.0,90.0,39.8,64.0
5782,1,72,158.0,59.0,2.0,71.0,38.6,6.0
5783,0,53,210.0,110.0,1.0,80.0,37.9,4.0
5784,0,31,196.0,100.0,12.0,100.0,39.3,67.0
5785,0,71,185.0,93.0,24.0,102.0,40.9,183.0
5786,1,40,150.0,49.0,22.0,92.0,40.2,110.0
5787,0,24,179.0,74.0,16.0,102.0,40.3,79.0
5788,1,49,173.0,72.0,8.0,87.0,39.7,34.0
5789,0,51,183.0,89.0,17.0,103.0,39.9,115.0
5790,1,24,173.0,70.0,2.0,79.0,38.2,6.0
5791,1,63,168.0,68.0,18.0,104.0,40.6,116.0
5792,0,49,190.0,97.0,4.0,88.0,39.1,18.0
5793,1,70,161.0,63.0,10.0,87.0,39.6,48.0
5794,1,25,158.0,54.0,5.0,90.0,39.0,22.0
5795,0,26,175.0,74.0,1.0,81.0,37.9,2.0
5796,1,20,166.0,60.0,3.0,77.0,38.4,9.0
5797,0,66,178.0,82.0,6.0,87.0,39.5,29.0
5798,1,68,165.0,68.0,19.0,91.0,40.4,97.0
5799,0,62,187.0,92.0,29.0,109.0,40.8,239.0
5800,1,23,166.0,68.0,7.0,93.0,39.4,32.0
5801,0,55,192.0,96.0,24.0,97.0,40.8,148.0
5802,0,26,193.0,94.0,11.0,90.0,40.1,41.0
5803,0,59,187.0,90.0,1.0,81.0,37.4,4.0
5804,0,38,189.0,88.0,2.0,73.0,38.4,3.0
5805,1,63,169.0,66.0,19.0,103.0,40.5,120.0
5806,0,24,189.0,97.0,18.0,99.0,40.5,90.0
5807,1,72,168.0,64.0,9.0,86.0,39.7,42.0
5808,0,25,176.0,74.0,19.0,107.0,40.5,110.0
5809,0,47,189.0,91.0,21.0,105.0,40.5,145.0
5810,1,56,162.0,66.0,7.0,88.0,39.4,32.0
5811,0,33,193.0,97.0,27.0,103.0,40.8,163.0
5812,0,43,194.0,96.0,13.0,95.0,40.0,69.0
5813,1,51,169.0,67.0,23.0,97.0,40.5,126.0
5814,0,39,171.0,78.0,19.0,94.0,40.7,87.0
5815,0,22,174.0,71.0,22.0,115.0,41.2,149.0
5816,1,28,166.0,61.0,8.0,85.0,39.5,31.0
5817,0,57,189.0,91.0,27.0,108.0,40.8,211.0
5818,0,21,198.0,101.0,7.0,95.0,39.2,30.0
5819,0,34,170.0,80.0,9.0,95.0,39.9,41.0
5820,1,32,157.0,53.0,10.0,92.0,40.0,48.0
5821,1,50,149.0,55.0,13.0,101.0,40.4,79.0
5822,0,28,183.0,83.0,10.0,93.0,39.7,40.0
5823,0,28,182.0,76.0,21.0,107.0,40.6,125.0
5824,0,29,187.0,91.0,20.0,94.0,40.8,87.0
5825,0,40,170.0,79.0,17.0,103.0,40.4,102.0
5826,0,42,195.0,96.0,7.0,90.0,39.3,32.0
5827,0,21,181.0,79.0,19.0,103.0,40.4,97.0
5828,1,71,189.0,89.0,18.0,89.0,40.4,84.0
5829,1,21,160.0,59.0,14.0,87.0,40.2,56.0
5830,1,28,165.0,58.0,5.0,83.0,38.8,18.0
5831,1,44,164.0,59.0,29.0,109.0,40.6,196.0
5832,0,22,187.0,86.0,17.0,94.0,40.1,67.0
5833,1,53,167.0,69.0,30.0,110.0,41.0,206.0
5834,0,28,193.0,94.0,7.0,88.0,39.5,24.0
5835,0,25,189.0,90.0,21.0,102.0,40.5,113.0
5836,1,66,140.0,48.0,15.0,90.0,40.3,79.0
5837,1,25,179.0,75.0,2.0,77.0,38.3,6.0
5838,0,41,173.0,71.0,16.0,85.0,40.2,51.0
5839,0,38,172.0,78.0,20.0,94.0,40.5,90.0
5840,0,54,201.0,109.0,27.0,106.0,40.9,210.0
5841,0,22,174.0,71.0,6.0,82.0,38.9,11.0
5842,1,46,151.0,51.0,28.0,108.0,40.9,190.0
5843,1,55,165.0,63.0,11.0,89.0,40.0,52.0
5844,1,32,160.0,58.0,22.0,102.0,40.6,128.0
5845,1,20,166.0,58.0,8.0,88.0,39.9,33.0
5846,1,48,166.0,67.0,9.0,95.0,39.7,47.0
5847,0,50,180.0,78.0,26.0,102.0,40.6,164.0
5848,1,67,159.0,58.0,23.0,101.0,40.4,145.0
5849,1,56,164.0,66.0,16.0,94.0,40.2,84.0
5850,1,21,156.0,57.0,9.0,79.0,39.7,28.0
5851,1,59,166.0,67.0,22.0,93.0,40.2,114.0
5852,0,27,189.0,86.0,5.0,87.0,39.2,16.0
5853,0,53,177.0,80.0,15.0,98.0,40.0,88.0
5854,1,52,180.0,83.0,6.0,93.0,38.8,29.0
5855,1,34,186.0,87.0,5.0,84.0,39.3,18.0
5856,0,29,178.0,81.0,23.0,101.0,40.8,120.0
5857,1,25,154.0,58.0,4.0,91.0,39.2,18.0
5858,1,28,172.0,72.0,4.0,82.0,39.5,14.0
5859,1,54,148.0,54.0,18.0,98.0,40.3,105.0
5860,1,39,155.0,56.0,6.0,81.0,39.1,22.0
5861,0,30,186.0,80.0,8.0,89.0,39.5,27.0
5862,0,41,185.0,85.0,4.0,81.0,38.9,11.0
5863,1,41,149.0,55.0,16.0,96.0,40.1,86.0
5864,0,42,189.0,87.0,24.0,99.0,40.9,136.0
5865,0,51,174.0,74.0,26.0,109.0,40.6,190.0
5866,0,32,187.0,84.0,11.0,82.0,39.9,28.0
5867,1,33,177.0,73.0,12.0,97.0,40.3,61.0
5868,1,55,162.0,57.0,28.0,122.0,40.9,234.0
5869,1,71,172.0,75.0,29.0,112.0,41.1,212.0
5870,0,28,187.0,90.0,25.0,110.0,40.7,168.0
5871,1,26,154.0,56.0,19.0,97.0,40.6,98.0
5872,0,25,200.0,103.0,24.0,103.0,40.8,139.0
5873,1,60,160.0,61.0,27.0,109.0,40.5,189.0
5874,0,37,199.0,107.0,11.0,95.0,39.9,58.0
5875,1,29,179.0,73.0,27.0,107.0,40.7,164.0
5876,0,33,190.0,97.0,24.0,100.0,40.8,134.0
5877,0,30,199.0,103.0,22.0,92.0,40.4,96.0
5878,1,35,156.0,51.0,27.0,102.0,40.7,161.0
5879,0,72,191.0,98.0,14.0,89.0,40.3,82.0
5880,1,68,158.0,59.0,4.0,91.0,38.9,21.0
5881,0,68,184.0,93.0,21.0,95.0,41.0,135.0
5882,1,39,182.0,72.0,17.0,99.0,39.9,92.0
5883,0,37,185.0,87.0,11.0,96.0,39.5,55.0
5884,0,76,203.0,103.0,8.0,86.0,39.5,46.0
5885,1,66,185.0,76.0,11.0,94.0,39.9,58.0
5886,1,27,163.0,64.0,19.0,105.0,40.4,113.0
5887,1,60,174.0,77.0,5.0,92.0,39.2,25.0
5888,1,58,160.0,56.0,22.0,99.0,40.6,131.0
5889,1,23,171.0,67.0,11.0,94.0,40.2,51.0
5890,1,27,166.0,68.0,8.0,90.0,39.3,34.0
5891,1,51,151.0,55.0,10.0,93.0,40.3,52.0
5892,1,47,161.0,64.0,24.0,105.0,40.5,151.0
5893,1,28,149.0,53.0,28.0,109.0,41.0,183.0
5894,0,23,171.0,71.0,3.0,75.0,38.8,2.0
5895,1,26,176.0,68.0,13.0,91.0,40.0,57.0
5896,0,41,191.0,90.0,9.0,90.0,39.6,39.0
5897,1,29,158.0,59.0,29.0,111.0,41.0,194.0
5898,0,35,194.0,96.0,16.0,100.0,40.0,91.0
5899,1,41,153.0,49.0,25.0,110.0,41.2,173.0
5900,1,37,153.0,56.0,12.0,90.0,39.9,56.0
5901,1,49,167.0,66.0,11.0,87.0,39.9,48.0
5902,0,28,176.0,74.0,15.0,103.0,40.1,80.0
5903,1,22,168.0,63.0,26.0,100.0,40.9,139.0
5904,1,20,171.0,72.0,25.0,107.0,40.7,148.0
5905,1,27,166.0,58.0,20.0,93.0,40.5,95.0
5906,0,21,187.0,84.0,5.0,81.0,39.2,9.0
5907,1,41,169.0,62.0,9.0,85.0,40.0,37.0
5908,1,77,150.0,52.0,14.0,99.0,40.5,89.0
5909,0,42,176.0,82.0,6.0,77.0,39.0,13.0
5910,0,72,182.0,81.0,26.0,101.0,40.8,189.0
5911,0,35,208.0,103.0,12.0,98.0,40.0,66.0
5912,1,35,175.0,72.0,24.0,113.0,40.7,164.0
5913,0,37,195.0,97.0,18.0,97.0,40.4,96.0
5914,1,34,177.0,75.0,8.0,90.0,39.7,35.0
5915,0,22,176.0,79.0,9.0,90.0,39.6,29.0
5916,0,22,182.0,79.0,6.0,78.0,39.5,8.0
5917,1,37,174.0,75.0,19.0,98.0,40.6,99.0
5918,0,31,193.0,97.0,9.0,94.0,39.7,41.0
5919,1,33,145.0,49.0,13.0,95.0,40.3,67.0
5920,1,52,164.0,59.0,24.0,101.0,40.9,145.0
5921,1,46,157.0,59.0,8.0,90.0,39.3,38.0
5922,1,51,157.0,56.0,25.0,101.0,40.8,151.0
5923,1,45,151.0,48.0,28.0,111.0,40.7,200.0
5924,0,24,191.0,90.0,30.0,113.0,40.8,209.0
5925,1,27,193.0,87.0,12.0,97.0,39.9,57.0
5926,1,25,164.0,63.0,21.0,101.0,40.7,115.0
5927,0,46,183.0,82.0,24.0,113.0,40.7,189.0
5928,1,43,183.0,75.0,21.0,99.0,40.9,114.0
5929,0,51,168.0,72.0,12.0,93.0,40.2,58.0
5930,0,30,205.0,114.0,22.0,114.0,40.7,174.0
5931,0,28,191.0,93.0,16.0,96.0,40.1,75.0
5932,1,22,163.0,63.0,19.0,106.0,40.4,114.0
5933,1,31,155.0,56.0,25.0,111.0,40.8,169.0
5934,1,52,149.0,54.0,9.0,85.0,39.5,39.0
5935,1,26,171.0,70.0,16.0,98.0,40.3,82.0
5936,1,39,170.0,75.0,26.0,106.0,40.7,159.0
5937,0,77,176.0,84.0,13.0,88.0,40.3,73.0
5938,0,49,177.0,84.0,9.0,86.0,39.7,36.0
5939,0,46,203.0,110.0,9.0,91.0,39.7,46.0
5940,1,76,179.0,80.0,21.0,110.0,40.9,150.0
5941,1,21,169.0,64.0,10.0,94.0,39.9,47.0
5942,1,62,179.0,80.0,6.0,88.0,38.9,27.0
5943,0,69,186.0,92.0,29.0,101.0,40.6,214.0
5944,0,24,183.0,82.0,29.0,108.0,40.7,175.0
5945,0,20,181.0,81.0,24.0,109.0,40.7,144.0
5946,1,39,160.0,54.0,5.0,88.0,39.1,22.0
5947,1,21,154.0,52.0,26.0,100.0,41.0,142.0
5948,1,71,168.0,68.0,12.0,90.0,39.9,61.0
5949,1,34,172.0,68.0,8.0,79.0,39.7,26.0
5950,0,58,183.0,85.0,16.0,95.0,40.0,93.0
5951,1,38,174.0,69.0,17.0,90.0,40.5,76.0
5952,1,46,172.0,79.0,20.0,103.0,40.4,117.0
5953,0,21,169.0,67.0,13.0,91.0,40.1,39.0
5954,1,49,168.0,67.0,21.0,98.0,40.4,116.0
5955,0,44,177.0,83.0,5.0,86.0,39.0,19.0
5956,1,23,168.0,67.0,17.0,101.0,40.7,92.0
5957,0,20,179.0,79.0,13.0,88.0,40.1,36.0
5958,0,25,182.0,78.0,24.0,102.0,40.8,122.0
5959,1,66,164.0,64.0,9.0,89.0,39.6,44.0
5960,1,21,169.0,69.0,18.0,97.0,40.6,88.0
5961,0,26,194.0,94.0,8.0,84.0,39.3,22.0
5962,1,37,164.0,59.0,26.0,106.0,40.6,164.0
5963,1,74,189.0,85.0,28.0,111.0,40.9,200.0
5964,1,60,152.0,50.0,7.0,89.0,39.8,35.0
5965,0,34,195.0,93.0,22.0,108.0,40.7,149.0
5966,0,27,180.0,76.0,22.0,94.0,40.5,87.0
5967,0,24,193.0,90.0,29.0,104.0,40.9,163.0
5968,0,42,184.0,89.0,28.0,108.0,40.7,198.0
5969,0,27,179.0,78.0,27.0,111.0,40.7,177.0
5970,0,43,192.0,94.0,25.0,109.0,40.5,184.0
5971,1,39,161.0,63.0,16.0,94.0,40.1,80.0
5972,0,32,193.0,98.0,11.0,97.0,40.1,56.0
5973,0,27,184.0,88.0,6.0,88.0,39.4,20.0
5974,1,34,163.0,63.0,22.0,104.0,40.7,131.0
5975,1,40,153.0,52.0,9.0,80.0,39.8,33.0
5976,1,23,176.0,67.0,11.0,85.0,39.6,41.0
5977,1,56,150.0,51.0,6.0,88.0,39.3,29.0
5978,0,43,203.0,103.0,21.0,105.0,40.2,146.0
5979,1,29,166.0,62.0,13.0,93.0,40.2,61.0
5980,1,56,171.0,66.0,13.0,96.0,40.3,71.0
5981,1,47,172.0,70.0,2.0,89.0,37.8,9.0
5982,0,49,177.0,85.0,15.0,99.0,40.2,89.0
5983,0,24,171.0,76.0,16.0,95.0,40.2,63.0
5984,0,63,180.0,82.0,7.0,94.0,39.7,41.0
5985,0,64,177.0,81.0,23.0,112.0,40.9,197.0
5986,1,64,166.0,61.0,16.0,100.0,40.5,98.0
5987,0,36,174.0,75.0,23.0,98.0,40.5,114.0
5988,1,34,165.0,64.0,12.0,100.0,40.1,66.0
5989,1,34,160.0,62.0,8.0,88.0,39.8,34.0
5990,0,65,176.0,84.0,26.0,110.0,40.7,218.0
5991,0,47,182.0,88.0,19.0,99.0,40.4,113.0
5992,1,25,187.0,78.0,15.0,105.0,40.4,86.0
5993,0,77,202.0,103.0,17.0,92.0,40.1,113.0
5994,1,22,153.0,53.0,3.0,82.0,38.5,11.0
5995,0,60,171.0,76.0,10.0,84.0,39.6,40.0
5996,0,26,199.0,96.0,26.0,101.0,40.9,140.0
5997,1,24,160.0,55.0,28.0,107.0,40.7,174.0
5998,1,25,162.0,56.0,30.0,106.0,40.4,184.0
5999,0,47,187.0,87.0,16.0,103.0,40.2,104.0
6000,1,21,165.0,63.0,6.0,81.0,39.2,20.0
6001,1,37,163.0,58.0,28.0,117.0,41.0,210.0
6002,0,46,189.0,90.0,11.0,89.0,40.0,49.0
6003,1,51,160.0,66.0,3.0,76.0,38.5,10.0
6004,1,49,155.0,54.0,14.0,91.0,40.3,70.0
6005,0,77,176.0,78.0,4.0,79.0,38.6,17.0
6006,0,30,184.0,82.0,4.0,87.0,38.8,13.0
6007,0,27,184.0,79.0,5.0,89.0,38.9,16.0
6008,1,31,151.0,49.0,5.0,84.0,38.8,20.0
6009,0,56,182.0,88.0,22.0,100.0,40.6,143.0
6010,0,20,182.0,83.0,14.0,91.0,40.2,46.0
6011,0,37,185.0,90.0,11.0,80.0,40.0,29.0
6012,1,25,158.0,57.0,13.0,92.0,39.8,60.0
6013,0,28,191.0,93.0,17.0,98.0,40.2,84.0
6014,0,30,187.0,92.0,14.0,95.0,40.3,64.0
6015,0,44,195.0,103.0,2.0,89.0,38.2,9.0
6016,1,43,157.0,56.0,6.0,83.0,39.2,24.0
6017,0,52,182.0,84.0,12.0,87.0,40.0,51.0
6018,0,48,190.0,95.0,10.0,92.0,39.7,51.0
6019,1,20,172.0,60.0,27.0,101.0,40.7,147.0
6020,1,50,167.0,64.0,20.0,103.0,40.4,123.0
6021,0,50,181.0,91.0,24.0,106.0,40.6,173.0
6022,0,76,167.0,65.0,20.0,95.0,40.5,124.0
6023,1,50,170.0,66.0,6.0,85.0,39.5,25.0
6024,0,21,188.0,89.0,4.0,80.0,38.6,7.0
6025,0,26,180.0,84.0,14.0,94.0,40.3,57.0
6026,0,30,190.0,94.0,28.0,111.0,41.0,197.0
6027,0,37,201.0,108.0,11.0,81.0,40.3,35.0
6028,1,33,176.0,72.0,13.0,91.0,40.4,58.0
6029,0,58,162.0,71.0,10.0,88.0,39.5,44.0
6030,1,35,145.0,48.0,4.0,90.0,38.9,19.0
6031,0,29,182.0,80.0,9.0,93.0,39.5,36.0
6032,0,44,203.0,101.0,8.0,88.0,39.3,35.0
6033,1,36,163.0,58.0,4.0,84.0,39.0,16.0
6034,0,64,186.0,84.0,28.0,100.0,40.6,191.0
6035,0,41,178.0,81.0,13.0,87.0,40.0,48.0
6036,1,75,155.0,61.0,21.0,107.0,40.6,148.0
6037,0,38,183.0,81.0,12.0,90.0,39.8,48.0
6038,0,59,181.0,88.0,21.0,97.0,40.8,130.0
6039,0,24,181.0,79.0,18.0,98.0,40.5,80.0
6040,0,21,187.0,90.0,29.0,111.0,40.5,189.0
6041,0,41,187.0,91.0,25.0,103.0,40.7,158.0
6042,0,25,187.0,87.0,2.0,79.0,38.2,4.0
6043,1,46,171.0,74.0,8.0,95.0,39.6,41.0
6044,1,26,156.0,56.0,20.0,99.0,40.8,108.0
6045,1,25,167.0,63.0,15.0,90.0,40.2,65.0
6046,1,28,161.0,58.0,21.0,100.0,40.4,116.0
6047,1,61,157.0,56.0,17.0,95.0,40.5,95.0
6048,1,48,180.0,71.0,14.0,91.0,40.2,66.0
6049,1,33,161.0,57.0,18.0,99.0,40.5,99.0
6050,1,28,164.0,56.0,28.0,115.0,40.7,200.0
6051,0,21,199.0,99.0,20.0,108.0,40.3,125.0
6052,1,59,185.0,80.0,15.0,87.0,40.6,66.0
6053,0,26,165.0,68.0,1.0,89.0,37.6,3.0
6054,0,31,171.0,74.0,12.0,94.0,39.6,49.0
6055,1,23,158.0,57.0,14.0,94.0,40.4,67.0
6056,0,59,173.0,78.0,10.0,95.0,39.8,57.0
6057,1,53,167.0,61.0,9.0,84.0,39.5,38.0
6058,0,32,189.0,86.0,14.0,86.0,40.0,45.0
6059,1,53,179.0,79.0,7.0,85.0,39.4,28.0
6060,1,29,169.0,63.0,24.0,106.0,40.7,146.0
6061,1,36,168.0,62.0,27.0,117.0,40.6,200.0
6062,1,57,173.0,70.0,18.0,104.0,40.7,113.0
6063,1,22,155.0,54.0,14.0,95.0,40.5,69.0
6064,0,31,188.0,91.0,17.0,98.0,40.3,86.0
6065,1,41,170.0,63.0,23.0,107.0,40.8,148.0
6066,1,62,154.0,59.0,16.0,107.0,40.2,110.0
6067,1,23,162.0,59.0,2.0,83.0,38.4,7.0
6068,0,28,171.0,70.0,17.0,103.0,40.4,89.0
6069,0,29,190.0,90.0,2.0,88.0,38.6,7.0
6070,0,32,183.0,86.0,3.0,81.0,38.5,7.0
6071,1,37,147.0,51.0,18.0,100.0,40.7,104.0
6072,0,75,188.0,96.0,21.0,103.0,40.4,169.0
6073,1,33,147.0,51.0,14.0,84.0,39.9,56.0
6074,0,28,201.0,106.0,15.0,104.0,40.2,92.0
6075,1,26,178.0,75.0,8.0,81.0,39.5,26.0
6076,0,39,170.0,70.0,11.0,95.0,39.8,50.0
6077,0,65,188.0,90.0,18.0,103.0,40.3,134.0
6078,1,61,160.0,60.0,3.0,88.0,38.5,14.0
6079,0,25,180.0,84.0,17.0,96.0,40.1,74.0
6080,0,40,197.0,102.0,19.0,99.0,40.7,112.0
6081,1,34,170.0,65.0,24.0,108.0,40.9,153.0
6082,1,27,163.0,59.0,26.0,107.0,40.7,162.0
6083,0,72,167.0,68.0,24.0,103.0,41.0,175.0
6084,0,70,177.0,86.0,21.0,108.0,40.7,175.0
6085,0,30,184.0,79.0,12.0,95.0,40.1,52.0
6086,0,57,187.0,94.0,5.0,86.0,39.5,23.0
6087,1,50,152.0,48.0,13.0,87.0,39.9,60.0
6088,0,27,184.0,78.0,15.0,100.0,40.1,73.0
6089,0,36,181.0,82.0,25.0,108.0,41.0,166.0
6090,1,45,177.0,72.0,2.0,75.0,38.3,6.0
6091,0,28,183.0,88.0,6.0,78.0,39.4,11.0
6092,1,64,150.0,55.0,19.0,102.0,40.4,122.0
6093,1,59,157.0,66.0,6.0,83.0,39.3,25.0
6094,0,40,162.0,64.0,22.0,111.0,40.4,151.0
6095,1,43,154.0,56.0,17.0,105.0,40.5,108.0
6096,1,63,165.0,61.0,8.0,91.0,39.6,41.0
6097,0,50,179.0,79.0,27.0,101.0,40.7,167.0
6098,1,51,152.0,57.0,20.0,93.0,40.6,104.0
6099,1,45,180.0,78.0,12.0,99.0,39.8,65.0
6100,1,25,165.0,64.0,22.0,110.0,40.2,142.0
6101,0,76,192.0,100.0,20.0,96.0,40.3,143.0
6102,1,57,168.0,65.0,4.0,79.0,39.1,15.0
6103,0,40,174.0,79.0,23.0,101.0,40.5,131.0
6104,1,37,169.0,73.0,15.0,90.0,40.0,66.0
6105,0,34,182.0,84.0,23.0,101.0,40.4,127.0
6106,1,38,159.0,59.0,22.0,110.0,40.2,148.0
6107,1,42,179.0,76.0,21.0,102.0,40.5,120.0
6108,0,39,197.0,101.0,16.0,106.0,40.3,110.0
6109,1,62,173.0,73.0,13.0,85.0,40.0,56.0
6110,0,22,194.0,91.0,23.0,99.0,41.0,110.0
6111,1,38,156.0,56.0,7.0,83.0,39.2,27.0
6112,0,74,198.0,104.0,11.0,92.0,39.7,72.0
6113,0,55,188.0,92.0,24.0,117.0,40.6,219.0
6114,1,27,156.0,55.0,19.0,104.0,40.6,113.0
6115,0,78,174.0,77.0,28.0,105.0,40.8,226.0
6116,0,69,203.0,107.0,24.0,111.0,41.3,221.0
6117,0,51,182.0,86.0,2.0,94.0,38.3,11.0
6118,0,74,197.0,103.0,19.0,98.0,40.5,141.0
6119,1,30,165.0,60.0,11.0,90.0,40.0,49.0
6120,1,35,152.0,51.0,27.0,105.0,41.2,169.0
6121,1,30,163.0,63.0,14.0,83.0,40.3,51.0
6122,1,32,150.0,55.0,7.0,80.0,39.4,24.0
6123,0,56,177.0,81.0,6.0,85.0,39.2,25.0
6124,0,21,187.0,86.0,23.0,96.0,41.0,96.0
6125,1,70,157.0,57.0,29.0,118.0,40.8,238.0
6126,1,79,158.0,60.0,17.0,98.0,40.6,105.0
6127,1,39,165.0,66.0,3.0,76.0,38.5,9.0
6128,1,27,169.0,65.0,18.0,92.0,40.5,82.0
6129,1,59,168.0,67.0,5.0,87.0,39.1,23.0
6130,0,69,174.0,78.0,25.0,105.0,41.1,192.0
6131,0,76,170.0,78.0,15.0,95.0,40.0,98.0
6132,1,21,150.0,51.0,21.0,97.0,40.2,108.0
6133,1,25,186.0,81.0,11.0,88.0,39.5,42.0
6134,0,68,203.0,102.0,21.0,111.0,40.9,190.0
6135,1,70,172.0,77.0,16.0,87.0,40.0,74.0
6136,0,47,196.0,105.0,26.0,102.0,40.6,175.0
6137,1,48,170.0,66.0,11.0,92.0,39.8,54.0
6138,0,42,194.0,91.0,3.0,79.0,38.6,8.0
6139,0,36,181.0,85.0,1.0,85.0,37.4,3.0
6140,0,41,192.0,90.0,28.0,113.0,40.8,218.0
6141,0,51,196.0,100.0,4.0,77.0,38.8,12.0
6142,0,79,207.0,119.0,14.0,94.0,39.9,103.0
6143,0,76,208.0,112.0,6.0,88.0,39.4,37.0
6144,0,75,191.0,93.0,24.0,103.0,40.6,192.0
6145,1,32,182.0,81.0,4.0,92.0,39.1,18.0
6146,1,35,163.0,63.0,19.0,102.0,39.8,110.0
6147,0,30,187.0,91.0,15.0,96.0,40.0,71.0
6148,0,38,206.0,105.0,26.0,114.0,40.7,211.0
6149,1,48,159.0,62.0,21.0,100.0,40.5,122.0
6150,0,30,199.0,104.0,4.0,89.0,39.3,16.0
6151,1,33,159.0,63.0,30.0,106.0,41.0,185.0
6152,1,65,186.0,79.0,7.0,77.0,39.2,24.0
6153,1,28,177.0,70.0,15.0,91.0,40.3,66.0
6154,1,24,161.0,61.0,4.0,83.0,38.7,14.0
6155,1,76,164.0,64.0,4.0,78.0,39.1,16.0
6156,0,22,200.0,104.0,17.0,92.0,40.3,68.0
6157,0,24,184.0,83.0,11.0,93.0,40.0,42.0
6158,1,73,137.0,47.0,22.0,100.0,40.8,142.0
6159,1,26,174.0,72.0,28.0,104.0,40.5,160.0
6160,1,29,150.0,60.0,20.0,98.0,40.7,106.0
6161,0,38,180.0,87.0,15.0,90.0,40.2,62.0
6162,0,69,184.0,87.0,18.0,91.0,40.0,104.0
6163,1,24,165.0,66.0,14.0,90.0,39.7,60.0
6164,1,33,182.0,73.0,17.0,97.0,40.4,86.0
6165,0,21,182.0,83.0,10.0,89.0,39.5,31.0
6166,1,64,164.0,67.0,13.0,94.0,40.2,70.0
6167,1,28,176.0,78.0,27.0,112.0,40.3,176.0
6168,1,68,176.0,73.0,21.0,94.0,40.3,113.0
6169,1,58,177.0,72.0,25.0,113.0,40.7,181.0
6170,1,64,176.0,75.0,5.0,87.0,39.3,23.0
6171,1,52,159.0,58.0,11.0,86.0,39.7,49.0
6172,1,50,151.0,51.0,6.0,87.0,39.3,28.0
6173,1,21,147.0,45.0,29.0,116.0,41.1,211.0
6174,0,32,190.0,89.0,15.0,98.0,40.3,76.0
6175,1,50,161.0,67.0,3.0,83.0,38.2,12.0
6176,0,37,189.0,89.0,9.0,91.0,39.7,38.0
6177,0,22,179.0,83.0,4.0,90.0,38.8,13.0
6178,1,49,165.0,65.0,27.0,106.0,40.6,174.0
6179,1,32,149.0,49.0,15.0,93.0,40.3,74.0
6180,1,67,186.0,84.0,3.0,83.0,38.3,12.0
6181,0,36,164.0,66.0,18.0,92.0,40.4,70.0
6182,0,28,182.0,76.0,13.0,91.0,40.1,46.0
6183,0,53,191.0,95.0,4.0,92.0,38.5,21.0
6184,1,74,175.0,75.0,13.0,87.0,40.1,61.0
6185,1,63,168.0,67.0,10.0,83.0,40.1,42.0
6186,1,50,171.0,65.0,13.0,89.0,40.3,60.0
6187,0,65,158.0,63.0,19.0,97.0,40.3,113.0
6188,1,29,161.0,63.0,23.0,103.0,40.6,133.0
6189,0,24,193.0,99.0,20.0,89.0,40.2,71.0
6190,0,51,191.0,94.0,28.0,109.0,41.0,217.0
6191,0,23,183.0,81.0,10.0,89.0,39.9,31.0
6192,1,27,165.0,65.0,15.0,98.0,40.1,78.0
6193,1,51,166.0,67.0,11.0,89.0,39.5,51.0
6194,1,37,159.0,62.0,25.0,101.0,40.6,143.0
6195,1,72,151.0,60.0,11.0,92.0,40.1,59.0
6196,1,55,163.0,64.0,17.0,102.0,39.9,104.0
6197,1,26,156.0,59.0,26.0,109.0,40.8,167.0
6198,0,70,179.0,85.0,15.0,92.0,40.1,89.0
6199,1,68,162.0,62.0,16.0,103.0,40.5,104.0
6200,0,67,180.0,83.0,19.0,104.0,40.8,143.0
6201,0,34,182.0,89.0,18.0,102.0,40.2,104.0
6202,0,28,186.0,88.0,13.0,100.0,40.1,67.0
6203,1,32,161.0,62.0,30.0,110.0,41.0,198.0
6204,1,66,156.0,54.0,9.0,77.0,39.5,34.0
6205,1,41,165.0,63.0,17.0,97.0,40.5,91.0
6206,1,31,168.0,64.0,20.0,100.0,40.1,110.0
6207,0,42,185.0,78.0,26.0,110.0,41.4,185.0
6208,0,24,184.0,80.0,23.0,99.0,41.0,107.0
6209,0,21,184.0,79.0,22.0,110.0,40.8,135.0
6210,1,64,150.0,55.0,29.0,114.0,40.8,223.0
6211,1,45,167.0,66.0,23.0,98.0,40.4,126.0
6212,0,23,195.0,93.0,2.0,81.0,38.5,4.0
6213,0,22,176.0,71.0,7.0,88.0,39.7,19.0
6214,1,28,164.0,67.0,30.0,112.0,41.0,200.0
6215,1,57,163.0,64.0,5.0,84.0,38.9,21.0
6216,0,31,184.0,85.0,1.0,80.0,37.8,2.0
6217,1,78,156.0,59.0,4.0,77.0,38.8,16.0
6218,1,51,178.0,74.0,23.0,95.0,40.6,119.0
6219,0,41,195.0,101.0,14.0,94.0,40.3,72.0
6220,0,36,170.0,76.0,25.0,106.0,41.0,155.0
6221,0,38,183.0,83.0,8.0,81.0,40.0,21.0
6222,0,27,184.0,89.0,25.0,108.0,40.5,159.0
6223,0,33,174.0,77.0,14.0,92.0,40.2,55.0
6224,0,47,190.0,86.0,23.0,99.0,40.8,135.0
6225,1,25,166.0,67.0,3.0,79.0,38.4,9.0
6226,0,73,172.0,80.0,30.0,101.0,41.2,219.0
6227,1,27,160.0,56.0,27.0,108.0,40.7,172.0
6228,0,48,186.0,85.0,14.0,89.0,40.4,62.0
6229,1,40,162.0,64.0,2.0,87.0,38.1,9.0
6230,0,66,164.0,71.0,20.0,100.0,40.6,133.0
6231,0,52,177.0,81.0,9.0,85.0,39.5,35.0
6232,0,23,182.0,81.0,30.0,112.0,41.0,197.0
6233,0,31,177.0,78.0,7.0,80.0,39.5,15.0
6234,1,49,181.0,71.0,12.0,88.0,40.1,53.0
6235,0,21,202.0,98.0,21.0,108.0,40.5,131.0
6236,0,45,182.0,88.0,15.0,102.0,40.2,94.0
6237,0,77,178.0,80.0,11.0,90.0,40.1,64.0
6238,1,28,184.0,77.0,10.0,95.0,39.7,47.0
6239,1,26,158.0,55.0,19.0,98.0,40.1,101.0
6240,1,21,174.0,66.0,9.0,94.0,39.8,42.0
6241,0,76,177.0,78.0,8.0,96.0,39.3,53.0
6242,0,55,173.0,74.0,24.0,105.0,40.6,166.0
6243,1,76,157.0,58.0,23.0,100.0,40.7,146.0
6244,0,34,189.0,93.0,26.0,98.0,40.8,137.0
6245,0,76,197.0,99.0,5.0,78.0,39.3,22.0
6246,1,29,167.0,73.0,28.0,117.0,40.8,200.0
6247,1,39,165.0,65.0,19.0,106.0,40.6,119.0
6248,0,32,179.0,83.0,3.0,86.0,38.7,9.0
6249,1,64,166.0,64.0,13.0,99.0,40.3,77.0
6250,0,31,173.0,77.0,13.0,95.0,40.2,56.0
6251,0,77,206.0,106.0,25.0,92.0,40.8,168.0
6252,1,36,164.0,60.0,17.0,100.0,40.2,96.0
6253,0,47,194.0,91.0,13.0,82.0,40.0,45.0
6254,1,59,161.0,57.0,15.0,90.0,40.4,75.0
6255,0,62,193.0,100.0,8.0,90.0,39.4,44.0
6256,1,43,147.0,51.0,19.0,97.0,40.1,105.0
6257,0,59,196.0,100.0,14.0,92.0,40.4,80.0
6258,0,35,201.0,99.0,3.0,87.0,38.7,11.0
6259,0,48,187.0,94.0,19.0,95.0,40.3,105.0
6260,1,43,157.0,54.0,15.0,87.0,39.9,67.0
6261,0,49,192.0,96.0,5.0,93.0,39.1,26.0
6262,0,57,181.0,76.0,13.0,92.0,39.8,66.0
6263,0,43,199.0,106.0,28.0,107.0,40.7,205.0
6264,0,39,189.0,89.0,6.0,89.0,39.1,24.0
6265,1,53,174.0,69.0,10.0,93.0,39.8,51.0
6266,1,36,159.0,62.0,23.0,105.0,40.5,141.0
6267,0,73,186.0,96.0,20.0,103.0,40.4,159.0
6268,0,39,189.0,91.0,13.0,91.0,39.8,57.0
6269,0,27,184.0,87.0,3.0,81.0,38.6,7.0
6270,0,23,179.0,84.0,26.0,107.0,40.6,153.0
6271,0,57,188.0,92.0,7.0,92.0,39.4,38.0
6272,0,23,193.0,93.0,6.0,84.0,38.9,16.0
6273,0,26,196.0,95.0,2.0,88.0,38.5,7.0
6274,0,24,199.0,102.0,4.0,86.0,39.2,13.0
6275,1,25,163.0,64.0,7.0,97.0,39.7,35.0
6276,0,42,192.0,90.0,18.0,94.0,40.3,90.0
6277,0,27,174.0,75.0,21.0,106.0,40.6,120.0
6278,0,61,168.0,76.0,27.0,113.0,40.7,228.0
6279,1,38,165.0,61.0,25.0,107.0,40.6,160.0
6280,1,72,157.0,53.0,6.0,82.0,39.2,27.0
6281,1,22,175.0,64.0,29.0,108.0,40.5,179.0
6282,1,53,156.0,60.0,26.0,104.0,40.7,165.0
6283,0,29,182.0,82.0,25.0,105.0,40.6,146.0
6284,0,61,187.0,90.0,11.0,90.0,39.8,58.0
6285,1,36,167.0,65.0,29.0,117.0,40.6,214.0
6286,1,20,183.0,81.0,5.0,87.0,39.2,18.0
6287,0,38,172.0,73.0,10.0,91.0,40.1,40.0
6288,1,30,177.0,73.0,19.0,88.0,40.5,77.0
6289,1,31,161.0,55.0,4.0,87.0,39.1,17.0
6290,1,30,167.0,72.0,12.0,95.0,40.4,58.0
6291,0,49,187.0,89.0,24.0,99.0,40.7,145.0
6292,1,40,178.0,77.0,14.0,89.0,40.3,60.0
6293,1,41,180.0,73.0,29.0,119.0,41.1,219.0
6294,0,41,179.0,83.0,26.0,107.0,40.5,175.0
6295,1,77,178.0,73.0,9.0,84.0,39.8,40.0
6296,1,40,158.0,59.0,5.0,87.0,39.1,22.0
6297,0,64,172.0,73.0,22.0,102.0,40.5,151.0
6298,1,23,167.0,61.0,10.0,92.0,39.6,45.0
6299,0,66,163.0,69.0,16.0,90.0,40.4,81.0
6300,0,71,179.0,82.0,19.0,89.0,40.6,103.0
6301,0,35,187.0,94.0,18.0,105.0,40.5,115.0
6302,0,30,199.0,100.0,24.0,105.0,40.6,150.0
6303,0,55,179.0,87.0,3.0,80.0,38.6,10.0
6304,0,56,182.0,87.0,16.0,91.0,39.9,82.0
6305,1,49,156.0,57.0,25.0,112.0,40.9,179.0
6306,1,59,168.0,67.0,13.0,89.0,39.8,62.0
6307,0,24,203.0,103.0,11.0,93.0,40.0,47.0
6308,0,49,182.0,85.0,9.0,87.0,39.5,37.0
6309,0,49,183.0,89.0,25.0,111.0,40.8,196.0
6310,0,40,199.0,96.0,19.0,92.0,40.5,89.0
6311,1,50,169.0,68.0,25.0,100.0,40.8,144.0
6312,0,44,194.0,98.0,20.0,101.0,40.6,126.0
6313,0,36,176.0,75.0,20.0,103.0,40.3,114.0
6314,1,51,150.0,57.0,18.0,100.0,40.1,107.0
6315,1,35,165.0,65.0,22.0,95.0,41.0,110.0
6316,0,55,178.0,76.0,10.0,93.0,39.6,51.0
6317,0,55,171.0,73.0,14.0,101.0,40.0,88.0
6318,0,56,189.0,98.0,6.0,83.0,39.2,25.0
6319,1,28,157.0,61.0,17.0,90.0,40.5,75.0
6320,0,29,179.0,83.0,20.0,98.0,40.5,96.0
6321,1,60,174.0,67.0,11.0,99.0,39.7,64.0
6322,0,20,192.0,89.0,10.0,89.0,39.6,31.0
6323,1,25,155.0,59.0,14.0,86.0,40.1,55.0
6324,0,29,182.0,84.0,10.0,99.0,39.8,50.0
6325,0,41,175.0,82.0,4.0,80.0,38.9,11.0
6326,1,44,149.0,50.0,20.0,94.0,40.4,105.0
6327,0,21,185.0,84.0,15.0,100.0,40.0,71.0
6328,0,20,176.0,78.0,18.0,89.0,40.4,52.0
6329,0,56,183.0,86.0,19.0,103.0,40.3,131.0
6330,1,20,146.0,50.0,19.0,101.0,40.4,106.0
6331,1,45,159.0,53.0,22.0,97.0,40.5,122.0
6332,0,35,190.0,92.0,20.0,94.0,40.8,94.0
6333,1,30,161.0,56.0,15.0,95.0,39.9,76.0
6334,1,40,170.0,67.0,6.0,82.0,39.4,22.0
6335,1,70,172.0,67.0,12.0,94.0,40.1,66.0
6336,0,37,179.0,79.0,3.0,85.0,38.6,9.0
6337,1,20,168.0,59.0,2.0,85.0,37.9,8.0
6338,0,35,192.0,92.0,2.0,82.0,38.5,6.0
6339,0,63,169.0,70.0,15.0,95.0,40.6,86.0
6340,1,69,160.0,68.0,22.0,101.0,40.5,137.0
6341,0,70,177.0,80.0,25.0,105.0,40.7,194.0
6342,1,20,171.0,69.0,9.0,99.0,39.6,46.0
6343,0,31,187.0,92.0,4.0,90.0,38.6,16.0
6344,0,34,192.0,90.0,3.0,83.0,38.3,9.0
6345,0,48,178.0,75.0,15.0,91.0,40.4,67.0
6346,0,43,192.0,95.0,18.0,93.0,40.5,90.0
6347,0,37,182.0,80.0,6.0,88.0,39.1,22.0
6348,0,74,180.0,86.0,9.0,88.0,39.7,50.0
6349,0,43,197.0,96.0,4.0,90.0,38.9,18.0
6350,0,35,179.0,77.0,25.0,105.0,40.6,150.0
6351,1,22,152.0,50.0,10.0,94.0,39.5,49.0
6352,0,63,202.0,102.0,1.0,91.0,37.4,6.0
6353,0,29,176.0,79.0,4.0,82.0,39.1,9.0
6354,0,21,188.0,82.0,2.0,85.0,38.1,5.0
6355,1,44,160.0,61.0,1.0,79.0,37.8,4.0
6356,1,28,149.0,54.0,22.0,97.0,40.6,115.0
6357,1,62,191.0,91.0,25.0,100.0,40.6,142.0
6358,0,59,191.0,97.0,9.0,86.0,39.7,43.0
6359,0,76,176.0,79.0,18.0,98.0,40.1,126.0
6360,1,32,159.0,63.0,23.0,103.0,40.3,134.0
6361,1,53,169.0,64.0,11.0,96.0,39.7,60.0
6362,1,20,161.0,57.0,14.0,95.0,40.0,68.0
6363,0,49,173.0,79.0,27.0,109.0,40.8,198.0
6364,0,23,195.0,93.0,5.0,85.0,38.8,14.0
6365,0,51,174.0,80.0,18.0,82.0,40.4,61.0
6366,0,26,199.0,104.0,24.0,98.0,40.8,123.0
6367,1,44,149.0,56.0,9.0,90.0,39.4,43.0
6368,1,21,163.0,61.0,7.0,87.0,39.2,28.0
6369,1,60,152.0,54.0,3.0,86.0,38.5,14.0
6370,0,42,181.0,84.0,11.0,94.0,39.8,53.0
6371,0,31,190.0,93.0,13.0,94.0,39.8,59.0
6372,0,32,202.0,99.0,13.0,96.0,40.1,65.0
6373,1,70,163.0,68.0,23.0,92.0,40.7,121.0
6374,0,66,176.0,83.0,27.0,102.0,40.7,194.0
6375,1,24,157.0,57.0,27.0,100.0,40.7,147.0
6376,0,65,181.0,79.0,6.0,85.0,39.1,27.0
6377,0,71,185.0,92.0,29.0,113.0,40.6,269.0
6378,1,65,171.0,66.0,27.0,104.0,40.9,175.0
6379,1,41,157.0,59.0,3.0,85.0,38.6,12.0
6380,1,25,175.0,61.0,2.0,90.0,38.3,9.0
6381,0,50,183.0,91.0,15.0,108.0,40.0,112.0
6382,0,30,158.0,62.0,21.0,106.0,40.4,118.0
6383,0,54,187.0,88.0,23.0,101.0,40.9,151.0
6384,1,53,160.0,64.0,27.0,103.0,41.0,167.0
6385,1,36,162.0,58.0,10.0,95.0,40.0,51.0
6386,1,38,159.0,58.0,14.0,82.0,40.2,53.0
6387,1,40,178.0,75.0,24.0,108.0,40.8,152.0
6388,0,44,200.0,103.0,16.0,97.0,40.4,93.0
6389,0,51,173.0,77.0,17.0,95.0,40.3,90.0
6390,0,27,169.0,69.0,16.0,102.0,40.2,80.0
6391,1,46,179.0,67.0,10.0,97.0,39.5,54.0
6392,1,30,162.0,57.0,15.0,88.0,40.3,64.0
6393,1,25,173.0,65.0,18.0,96.0,40.4,89.0
6394,0,52,174.0,81.0,19.0,106.0,40.7,134.0
6395,0,63,188.0,94.0,19.0,91.0,40.3,107.0
6396,1,20,173.0,72.0,8.0,79.0,39.5,23.0
6397,0,28,170.0,72.0,10.0,91.0,39.7,35.0
6398,0,33,193.0,98.0,2.0,77.0,38.1,4.0
6399,0,24,170.0,68.0,15.0,94.0,40.1,54.0
6400,1,25,156.0,59.0,6.0,89.0,39.2,26.0
6401,1,20,156.0,53.0,28.0,102.0,41.0,158.0
6402,1,74,173.0,78.0,30.0,107.0,40.9,204.0
6403,0,26,176.0,84.0,15.0,92.0,40.2,57.0
6404,0,28,161.0,66.0,13.0,83.0,39.8,28.0
6405,0,63,183.0,86.0,20.0,100.0,40.2,136.0
6406,1,55,166.0,66.0,10.0,94.0,39.6,52.0
6407,0,65,191.0,99.0,19.0,98.0,40.1,131.0
6408,0,22,186.0,87.0,22.0,104.0,40.8,120.0
6409,1,30,168.0,65.0,29.0,114.0,40.9,201.0
6410,1,52,154.0,53.0,25.0,101.0,40.7,153.0
6411,0,41,190.0,88.0,24.0,103.0,40.6,150.0
6412,0,26,187.0,89.0,22.0,103.0,40.7,122.0
6413,1,46,158.0,60.0,23.0,109.0,40.6,156.0
6414,0,53,185.0,88.0,3.0,84.0,38.4,12.0
6415,0,55,193.0,99.0,6.0,89.0,39.2,30.0
6416,0,20,192.0,87.0,3.0,89.0,38.7,9.0
6417,0,73,170.0,75.0,5.0,89.0,38.9,27.0
6418,1,64,166.0,69.0,27.0,107.0,40.4,182.0
6419,0,46,194.0,91.0,14.0,91.0,40.0,66.0
6420,0,35,181.0,78.0,10.0,91.0,39.5,39.0
6421,0,63,187.0,91.0,26.0,108.0,40.8,211.0
6422,0,26,187.0,83.0,29.0,110.0,41.0,187.0
6423,0,41,204.0,101.0,26.0,102.0,40.0,166.0
6424,1,53,181.0,77.0,9.0,82.0,39.8,34.0
6425,0,22,190.0,98.0,24.0,101.0,40.3,126.0
6426,0,60,187.0,91.0,18.0,99.0,39.9,119.0
6427,0,30,204.0,98.0,27.0,116.0,41.0,213.0
6428,0,65,183.0,89.0,23.0,103.0,40.7,171.0
6429,1,23,175.0,68.0,11.0,92.0,40.1,49.0
6430,1,20,171.0,60.0,27.0,105.0,40.6,159.0
6431,1,33,183.0,77.0,3.0,86.0,38.8,12.0
6432,0,71,189.0,95.0,5.0,77.0,38.8,20.0
6433,0,29,187.0,91.0,24.0,103.0,40.6,137.0
6434,1,67,167.0,71.0,21.0,98.0,40.3,122.0
6435,1,21,156.0,58.0,15.0,96.0,40.6,74.0
6436,0,28,178.0,82.0,4.0,87.0,38.7,12.0
6437,1,26,155.0,52.0,21.0,94.0,40.5,103.0
6438,0,76,188.0,90.0,29.0,102.0,40.7,227.0
6439,1,32,170.0,67.0,8.0,86.0,39.7,32.0
6440,0,43,178.0,83.0,13.0,83.0,40.3,42.0
6441,0,30,175.0,78.0,22.0,100.0,40.3,111.0
6442,0,43,191.0,91.0,21.0,98.0,40.7,119.0
6443,0,38,193.0,90.0,10.0,98.0,40.0,54.0
6444,0,20,167.0,70.0,18.0,91.0,40.7,55.0
6445,1,63,169.0,69.0,12.0,90.0,39.9,59.0
6446,0,48,199.0,106.0,7.0,85.0,39.3,30.0
6447,1,47,155.0,55.0,16.0,93.0,40.5,82.0
6448,1,66,165.0,71.0,13.0,92.0,40.0,67.0
6449,0,39,196.0,98.0,6.0,88.0,39.2,25.0
6450,1,42,164.0,57.0,20.0,99.0,40.7,113.0
6451,1,26,166.0,58.0,28.0,109.0,40.8,180.0
6452,0,26,187.0,93.0,26.0,106.0,40.7,158.0
6453,0,37,180.0,77.0,24.0,104.0,40.5,143.0
6454,0,44,184.0,86.0,25.0,114.0,40.8,200.0
6455,1,21,160.0,57.0,18.0,97.0,40.2,91.0
6456,1,35,169.0,67.0,4.0,83.0,38.6,15.0
6457,1,34,167.0,66.0,12.0,99.0,39.9,65.0
6458,1,66,161.0,63.0,8.0,96.0,40.1,45.0
6459,1,36,160.0,62.0,13.0,99.0,40.1,71.0
6460,0,26,154.0,57.0,6.0,96.0,39.3,23.0
6461,0,25,191.0,94.0,5.0,90.0,39.5,18.0
6462,0,30,181.0,82.0,19.0,101.0,40.4,100.0
6463,1,46,146.0,55.0,5.0,92.0,39.1,25.0
6464,0,30,190.0,89.0,16.0,95.0,40.1,72.0
6465,1,55,157.0,57.0,24.0,105.0,40.5,157.0
6466,1,32,142.0,47.0,28.0,115.0,40.7,205.0
6467,1,22,156.0,50.0,4.0,83.0,39.0,15.0
6468,1,42,159.0,57.0,12.0,93.0,39.8,60.0
6469,1,34,155.0,55.0,28.0,108.0,40.9,182.0
6470,0,66,171.0,72.0,18.0,105.0,40.5,133.0
6471,0,28,199.0,95.0,29.0,109.0,41.2,193.0
6472,1,21,169.0,66.0,10.0,98.0,40.1,51.0
6473,0,79,186.0,92.0,4.0,80.0,38.9,19.0
6474,0,46,189.0,89.0,20.0,95.0,40.5,106.0
6475,1,29,174.0,75.0,14.0,95.0,40.1,67.0
6476,1,54,171.0,70.0,8.0,78.0,39.1,28.0
6477,0,61,184.0,91.0,13.0,91.0,40.0,71.0
6478,1,55,165.0,67.0,11.0,97.0,40.1,61.0
6479,1,51,169.0,68.0,17.0,105.0,40.4,107.0
6480,0,24,187.0,92.0,7.0,94.0,39.8,29.0
6481,1,20,168.0,63.0,22.0,104.0,40.7,126.0
6482,0,42,163.0,63.0,9.0,89.0,39.6,33.0
6483,0,20,182.0,85.0,3.0,81.0,38.6,6.0
6484,1,24,175.0,66.0,17.0,93.0,40.5,78.0
6485,0,54,197.0,104.0,10.0,96.0,39.8,62.0
6486,1,66,167.0,64.0,14.0,95.0,39.8,78.0
6487,1,63,162.0,58.0,19.0,107.0,40.5,131.0
6488,1,31,166.0,70.0,17.0,95.0,40.1,83.0
6489,1,22,164.0,55.0,6.0,87.0,39.1,24.0
6490,0,21,192.0,94.0,10.0,90.0,39.6,34.0
6491,1,37,171.0,66.0,10.0,88.0,39.9,43.0
6492,1,47,158.0,54.0,26.0,113.0,40.4,190.0
6493,0,35,187.0,90.0,17.0,98.0,40.2,89.0
6494,1,27,176.0,69.0,6.0,82.0,39.2,21.0
6495,1,26,177.0,75.0,15.0,94.0,40.6,69.0
6496,1,57,160.0,57.0,2.0,90.0,38.0,10.0
6497,0,30,194.0,91.0,26.0,112.0,40.7,185.0
6498,1,40,176.0,72.0,4.0,84.0,38.6,15.0
6499,1,59,166.0,70.0,5.0,86.0,38.8,22.0
6500,0,38,182.0,80.0,23.0,106.0,41.0,147.0
6501,1,32,162.0,64.0,28.0,105.0,40.5,169.0
6502,0,25,196.0,102.0,14.0,87.0,39.9,47.0
6503,0,70,190.0,97.0,4.0,88.0,39.2,22.0
6504,1,29,178.0,76.0,17.0,99.0,40.1,88.0
6505,0,59,194.0,93.0,28.0,105.0,40.7,210.0
6506,1,61,163.0,64.0,10.0,95.0,39.6,55.0
6507,1,52,152.0,58.0,10.0,92.0,39.5,51.0
6508,0,23,180.0,81.0,18.0,94.0,40.6,70.0
6509,1,34,169.0,62.0,4.0,78.0,38.9,13.0
6510,1,53,177.0,76.0,15.0,94.0,40.1,76.0
6511,1,77,174.0,74.0,23.0,106.0,40.5,156.0
6512,1,67,168.0,64.0,6.0,93.0,39.3,32.0
6513,1,41,165.0,62.0,26.0,113.0,40.8,184.0
6514,0,49,198.0,97.0,22.0,93.0,40.9,117.0
6515,0,20,179.0,81.0,6.0,90.0,39.1,19.0
6516,0,66,190.0,94.0,25.0,101.0,40.8,182.0
6517,0,58,177.0,85.0,11.0,83.0,39.6,44.0
6518,1,32,185.0,85.0,8.0,87.0,39.8,31.0
6519,1,57,166.0,67.0,2.0,83.0,38.5,8.0
6520,1,48,168.0,75.0,30.0,101.0,41.1,172.0
6521,0,22,180.0,79.0,13.0,87.0,40.1,35.0
6522,1,20,171.0,61.0,16.0,96.0,40.5,78.0
6523,1,30,176.0,74.0,25.0,108.0,40.6,155.0
6524,0,78,184.0,86.0,26.0,107.0,40.6,223.0
6525,0,23,189.0,90.0,15.0,90.0,40.1,52.0
6526,0,58,175.0,78.0,19.0,100.0,40.6,121.0
6527,0,21,179.0,83.0,24.0,102.0,40.5,120.0
6528,1,44,178.0,71.0,24.0,99.0,40.6,132.0
6529,1,20,158.0,60.0,17.0,91.0,40.2,74.0
6530,1,61,174.0,69.0,10.0,90.0,39.4,49.0
6531,1,22,189.0,82.0,19.0,93.0,40.6,82.0
6532,1,36,153.0,57.0,2.0,91.0,38.6,9.0
6533,0,38,198.0,106.0,26.0,99.0,40.8,153.0
6534,1,36,155.0,65.0,23.0,101.0,40.2,130.0
6535,1,37,177.0,67.0,29.0,109.0,41.1,189.0
6536,1,20,171.0,68.0,23.0,99.0,41.1,118.0
6537,0,33,181.0,81.0,19.0,102.0,40.6,105.0
6538,0,21,186.0,79.0,29.0,111.0,41.0,182.0
6539,1,27,164.0,57.0,18.0,101.0,40.5,101.0
6540,0,62,178.0,78.0,17.0,101.0,40.1,114.0
6541,0,21,178.0,81.0,17.0,97.0,40.1,72.0
6542,1,57,171.0,74.0,2.0,73.0,38.6,6.0
6543,1,20,173.0,70.0,16.0,92.0,40.4,70.0
6544,1,25,180.0,77.0,7.0,86.0,39.8,26.0
6545,0,29,185.0,86.0,23.0,106.0,40.7,140.0
6546,1,55,160.0,62.0,4.0,87.0,39.1,18.0
6547,0,26,175.0,72.0,22.0,96.0,40.7,91.0
6548,0,25,184.0,85.0,22.0,99.0,40.4,106.0
6549,0,67,180.0,81.0,4.0,82.0,39.0,17.0
6550,1,79,168.0,67.0,16.0,89.0,39.9,82.0
6551,1,60,176.0,71.0,24.0,107.0,41.0,160.0
6552,0,63,194.0,106.0,8.0,82.0,39.6,36.0
6553,0,49,188.0,89.0,29.0,107.0,40.6,210.0
6554,0,63,193.0,93.0,28.0,111.0,41.0,241.0
6555,1,69,179.0,76.0,9.0,87.0,39.7,41.0
6556,0,40,175.0,73.0,20.0,97.0,40.5,99.0
6557,1,77,153.0,54.0,22.0,102.0,40.7,146.0
6558,0,45,183.0,85.0,17.0,100.0,40.2,101.0
6559,0,24,196.0,93.0,10.0,100.0,40.0,51.0
6560,1,23,155.0,57.0,5.0,91.0,39.0,22.0
6561,0,22,163.0,65.0,9.0,92.0,40.0,29.0
6562,0,77,162.0,69.0,8.0,89.0,39.4,44.0
6563,0,41,197.0,102.0,24.0,108.0,40.2,175.0
6564,1,20,152.0,54.0,17.0,94.0,40.3,81.0
6565,0,40,199.0,105.0,20.0,105.0,40.8,137.0
6566,0,42,196.0,93.0,14.0,93.0,40.0,68.0
6567,0,51,193.0,93.0,28.0,115.0,40.8,242.0
6568,0,48,181.0,87.0,3.0,77.0,38.7,8.0
6569,0,33,196.0,99.0,28.0,110.0,40.5,200.0
6570,0,25,179.0,76.0,11.0,90.0,40.3,36.0
6571,1,53,170.0,64.0,28.0,104.0,40.7,176.0
6572,1,35,182.0,78.0,23.0,100.0,40.6,123.0
6573,1,57,172.0,73.0,5.0,86.0,39.5,22.0
6574,1,26,160.0,61.0,22.0,110.0,40.7,143.0
6575,0,70,171.0,79.0,13.0,94.0,39.9,79.0
6576,1,43,170.0,73.0,20.0,90.0,40.8,90.0
6577,1,36,163.0,67.0,27.0,97.0,40.7,141.0
6578,0,41,178.0,79.0,19.0,104.0,40.2,118.0
6579,1,26,157.0,56.0,15.0,96.0,40.3,76.0
6580,0,43,180.0,79.0,1.0,78.0,37.4,2.0
6581,1,26,157.0,54.0,19.0,97.0,40.6,99.0
6582,1,30,165.0,65.0,16.0,101.0,40.3,89.0
6583,0,47,190.0,96.0,7.0,86.0,39.7,29.0
6584,1,52,154.0,57.0,11.0,89.0,40.1,53.0
6585,1,25,158.0,58.0,27.0,115.0,40.9,191.0
6586,1,23,155.0,59.0,29.0,101.0,40.9,160.0
6587,0,77,195.0,99.0,11.0,97.0,39.6,80.0
6588,0,28,178.0,85.0,13.0,95.0,40.0,56.0
6589,0,71,196.0,99.0,15.0,87.0,40.0,83.0
6590,0,69,169.0,69.0,6.0,92.0,39.7,33.0
6591,0,32,186.0,86.0,3.0,80.0,38.5,7.0
6592,1,69,168.0,67.0,26.0,104.0,40.9,170.0
6593,1,25,170.0,66.0,16.0,90.0,40.3,68.0
6594,0,26,189.0,89.0,19.0,95.0,40.5,82.0
6595,1,79,163.0,60.0,3.0,81.0,39.0,13.0
6596,1,73,184.0,83.0,25.0,121.0,40.6,205.0
6597,1,79,164.0,66.0,18.0,96.0,40.1,106.0
6598,0,35,185.0,88.0,30.0,110.0,40.7,210.0
6599,1,37,167.0,62.0,3.0,78.0,38.8,10.0
6600,1,77,170.0,66.0,11.0,96.0,39.8,64.0
6601,1,33,166.0,65.0,19.0,100.0,40.3,105.0
6602,1,55,161.0,61.0,23.0,110.0,40.7,161.0
6603,0,21,172.0,69.0,3.0,92.0,38.6,10.0
6604,1,74,163.0,62.0,23.0,102.0,40.8,149.0
6605,1,79,163.0,63.0,8.0,86.0,39.9,39.0
6606,1,25,154.0,56.0,5.0,82.0,39.0,18.0
6607,0,53,182.0,81.0,5.0,84.0,39.3,19.0
6608,0,28,197.0,89.0,28.0,106.0,40.9,170.0
6609,0,33,183.0,81.0,20.0,90.0,40.3,75.0
6610,0,22,163.0,65.0,19.0,98.0,40.4,77.0
6611,0,59,201.0,110.0,8.0,86.0,39.6,40.0
6612,0,46,187.0,88.0,7.0,97.0,39.5,39.0
6613,0,20,169.0,75.0,5.0,87.0,38.6,13.0
6614,1,47,174.0,69.0,14.0,83.0,40.4,54.0
6615,1,54,141.0,48.0,18.0,103.0,40.3,116.0
6616,0,45,176.0,79.0,6.0,90.0,39.3,26.0
6617,0,52,197.0,102.0,30.0,107.0,41.0,230.0
6618,0,51,181.0,84.0,3.0,75.0,38.5,7.0
6619,0,74,184.0,94.0,29.0,109.0,41.0,257.0
6620,1,25,154.0,54.0,13.0,87.0,40.2,54.0
6621,0,36,180.0,85.0,23.0,109.0,40.6,157.0
6622,1,64,182.0,78.0,8.0,97.0,39.4,44.0
6623,0,76,196.0,97.0,13.0,90.0,40.0,80.0
6624,0,50,183.0,89.0,28.0,106.0,40.6,200.0
6625,1,26,160.0,56.0,12.0,97.0,40.3,62.0
6626,1,36,179.0,73.0,14.0,88.0,40.1,58.0
6627,1,30,166.0,61.0,25.0,105.0,40.8,151.0
6628,0,41,189.0,91.0,14.0,95.0,40.0,71.0
6629,1,21,180.0,69.0,5.0,91.0,39.5,21.0
6630,0,42,182.0,78.0,20.0,95.0,40.6,97.0
6631,0,64,180.0,82.0,12.0,96.0,40.4,74.0
6632,1,47,159.0,56.0,2.0,90.0,38.1,10.0
6633,0,48,175.0,75.0,17.0,95.0,40.3,87.0
6634,1,66,173.0,71.0,9.0,92.0,39.9,46.0
6635,1,55,163.0,67.0,30.0,110.0,40.9,208.0
6636,1,26,166.0,60.0,28.0,107.0,41.1,174.0
6637,1,26,181.0,73.0,1.0,75.0,37.8,3.0
6638,1,26,159.0,58.0,8.0,84.0,39.6,30.0
6639,0,45,196.0,94.0,10.0,91.0,39.9,48.0
6640,1,34,169.0,65.0,2.0,82.0,37.8,7.0
6641,0,43,190.0,96.0,11.0,98.0,39.7,63.0
6642,1,25,156.0,60.0,19.0,102.0,40.2,107.0
6643,0,62,195.0,95.0,13.0,95.0,40.2,81.0
6644,1,39,164.0,58.0,25.0,106.0,40.6,159.0
6645,0,66,198.0,97.0,10.0,85.0,39.8,49.0
6646,0,62,164.0,64.0,10.0,86.0,40.1,42.0
6647,0,44,189.0,91.0,16.0,89.0,40.1,69.0
6648,0,42,197.0,97.0,12.0,95.0,40.0,63.0
6649,1,42,155.0,57.0,22.0,110.0,40.6,151.0
6650,0,70,169.0,73.0,16.0,99.0,40.3,107.0
6651,1,22,157.0,55.0,20.0,97.0,40.5,103.0
6652,1,59,140.0,47.0,24.0,99.0,40.6,146.0
6653,1,79,164.0,66.0,17.0,99.0,40.3,105.0
6654,0,63,193.0,94.0,2.0,83.0,37.9,9.0
6655,1,44,156.0,55.0,29.0,107.0,40.9,191.0
6656,1,43,152.0,54.0,19.0,95.0,40.5,101.0
6657,1,25,170.0,68.0,23.0,90.0,40.5,98.0
6658,1,30,157.0,52.0,23.0,96.0,40.5,120.0
6659,0,32,174.0,76.0,9.0,98.0,39.4,43.0
6660,0,45,172.0,75.0,28.0,109.0,40.9,198.0
6661,0,43,178.0,81.0,13.0,93.0,40.0,61.0
6662,0,34,189.0,89.0,30.0,114.0,40.8,227.0
6663,1,57,170.0,66.0,10.0,92.0,39.4,51.0
6664,1,28,162.0,58.0,4.0,75.0,38.8,11.0
6665,0,77,187.0,92.0,25.0,99.0,40.6,186.0
6666,0,25,187.0,86.0,26.0,95.0,40.5,110.0
6667,1,58,175.0,73.0,14.0,99.0,40.2,80.0
6668,0,38,177.0,76.0,4.0,86.0,39.1,13.0
6669,0,69,180.0,83.0,20.0,100.0,40.7,141.0
6670,0,40,179.0,77.0,17.0,100.0,40.5,94.0
6671,0,51,195.0,93.0,21.0,99.0,40.4,131.0
6672,1,20,165.0,59.0,29.0,100.0,41.0,155.0
6673,1,21,155.0,55.0,29.0,112.0,40.9,195.0
6674,1,44,160.0,59.0,26.0,106.0,40.6,167.0
6675,1,27,167.0,69.0,15.0,90.0,40.4,64.0
6676,1,23,177.0,78.0,20.0,96.0,40.5,94.0
6677,0,27,180.0,80.0,11.0,95.0,40.0,46.0
6678,1,35,171.0,70.0,6.0,96.0,39.4,30.0
6679,1,29,176.0,72.0,13.0,95.0,40.2,62.0
6680,1,29,161.0,61.0,15.0,91.0,40.3,68.0
6681,1,35,157.0,61.0,7.0,88.0,39.7,30.0
6682,1,29,182.0,76.0,5.0,86.0,39.1,19.0
6683,0,42,172.0,80.0,1.0,78.0,37.8,2.0
6684,1,76,167.0,65.0,10.0,83.0,39.9,44.0
6685,0,76,183.0,82.0,19.0,101.0,40.5,142.0
6686,1,27,168.0,72.0,19.0,106.0,40.7,113.0
6687,1,54,163.0,60.0,10.0,94.0,39.8,53.0
6688,1,22,162.0,56.0,2.0,82.0,38.2,7.0
6689,0,60,188.0,94.0,10.0,92.0,39.8,56.0
6690,1,38,165.0,66.0,9.0,93.0,39.5,43.0
6691,0,36,201.0,105.0,1.0,75.0,37.4,2.0
6692,1,31,161.0,60.0,2.0,82.0,38.3,7.0
6693,0,35,173.0,70.0,27.0,102.0,40.8,146.0
6694,0,44,183.0,84.0,3.0,84.0,38.4,10.0
6695,0,28,181.0,82.0,3.0,83.0,38.6,7.0
6696,0,21,173.0,76.0,5.0,86.0,39.2,12.0
6697,0,25,171.0,72.0,29.0,111.0,40.7,184.0
6698,0,25,176.0,73.0,1.0,83.0,37.3,2.0
6699,0,61,184.0,83.0,12.0,86.0,39.9,54.0
6700,1,53,159.0,57.0,23.0,105.0,40.7,150.0
6701,1,78,158.0,55.0,14.0,96.0,40.0,84.0
6702,1,29,157.0,55.0,18.0,102.0,40.2,104.0
6703,0,58,162.0,63.0,9.0,88.0,39.4,38.0
6704,0,40,187.0,90.0,14.0,89.0,40.1,58.0
6705,0,49,205.0,104.0,11.0,95.0,39.8,63.0
6706,1,21,165.0,61.0,3.0,84.0,38.7,11.0
6707,0,25,203.0,105.0,29.0,112.0,40.8,209.0
6708,0,20,166.0,71.0,14.0,96.0,40.1,53.0
6709,1,27,184.0,73.0,13.0,91.0,40.3,56.0
6710,1,78,164.0,66.0,27.0,111.0,40.8,201.0
6711,1,33,158.0,60.0,1.0,76.0,37.7,3.0
6712,1,42,166.0,68.0,8.0,86.0,39.6,33.0
6713,0,35,187.0,87.0,28.0,111.0,40.8,200.0
6714,0,53,171.0,81.0,8.0,96.0,39.2,45.0
6715,1,65,178.0,78.0,17.0,99.0,40.5,98.0
6716,1,28,165.0,64.0,27.0,109.0,41.0,173.0
6717,0,20,196.0,92.0,13.0,91.0,39.8,46.0
6718,0,31,192.0,89.0,15.0,90.0,39.9,57.0
6719,0,29,182.0,84.0,19.0,101.0,40.4,100.0
6720,1,31,170.0,64.0,26.0,98.0,40.6,137.0
6721,0,23,182.0,86.0,20.0,102.0,40.4,104.0
6722,0,21,195.0,94.0,5.0,88.0,39.2,16.0
6723,0,56,180.0,85.0,19.0,107.0,40.5,143.0
6724,0,23,180.0,75.0,8.0,88.0,39.4,23.0
6725,1,54,161.0,62.0,8.0,82.0,39.8,32.0
6726,0,65,185.0,92.0,24.0,102.0,40.7,176.0
6727,0,56,185.0,91.0,18.0,102.0,40.4,124.0
6728,0,61,170.0,79.0,13.0,89.0,39.8,64.0
6729,1,39,166.0,63.0,20.0,102.0,40.6,117.0
6730,1,53,169.0,67.0,7.0,85.0,39.4,30.0
6731,0,70,193.0,97.0,15.0,96.0,40.1,102.0
6732,0,33,171.0,70.0,18.0,97.0,40.3,82.0
6733,1,30,142.0,52.0,30.0,104.0,40.9,182.0
6734,1,33,145.0,46.0,12.0,93.0,40.0,60.0
6735,1,29,165.0,64.0,5.0,76.0,39.2,14.0
6736,0,56,199.0,101.0,5.0,84.0,39.0,22.0
6737,0,52,197.0,99.0,5.0,79.0,39.2,17.0
6738,0,60,200.0,107.0,21.0,98.0,40.4,143.0
6739,0,53,202.0,111.0,5.0,75.0,39.0,15.0
6740,1,34,147.0,52.0,19.0,92.0,40.4,92.0
6741,1,26,154.0,56.0,5.0,85.0,39.4,20.0
6742,0,27,175.0,78.0,19.0,99.0,40.5,90.0
6743,0,32,151.0,58.0,19.0,99.0,40.6,87.0
6744,1,73,154.0,56.0,9.0,94.0,39.9,51.0
6745,1,38,157.0,54.0,27.0,109.0,40.5,181.0
6746,0,48,203.0,106.0,17.0,98.0,40.5,106.0
6747,1,23,159.0,54.0,25.0,107.0,40.6,156.0
6748,1,73,146.0,50.0,30.0,110.0,40.8,225.0
6749,0,79,193.0,96.0,5.0,91.0,38.4,32.0
6750,0,24,199.0,97.0,6.0,87.0,39.2,19.0
6751,0,68,191.0,97.0,5.0,76.0,38.9,18.0
6752,0,20,199.0,105.0,21.0,99.0,40.5,105.0
6753,0,59,186.0,90.0,9.0,88.0,39.9,44.0
6754,0,34,178.0,82.0,10.0,90.0,39.5,38.0
6755,0,29,184.0,89.0,13.0,87.0,40.1,43.0
6756,0,24,184.0,84.0,16.0,87.0,40.1,47.0
6757,1,44,152.0,50.0,22.0,115.0,40.8,165.0
6758,1,20,183.0,77.0,25.0,103.0,40.6,136.0
6759,1,35,156.0,59.0,10.0,89.0,39.4,44.0
6760,0,23,200.0,107.0,8.0,93.0,39.4,34.0
6761,0,51,183.0,92.0,15.0,99.0,40.2,93.0
6762,1,41,167.0,62.0,29.0,105.0,40.9,180.0
6763,0,33,177.0,75.0,11.0,95.0,40.1,48.0
6764,0,66,170.0,72.0,13.0,98.0,40.3,82.0
6765,1,67,171.0,67.0,4.0,80.0,39.1,16.0
6766,1,69,167.0,68.0,5.0,85.0,39.2,22.0
6767,1,21,187.0,81.0,16.0,89.0,40.2,62.0
6768,0,32,209.0,110.0,15.0,94.0,40.2,74.0
6769,1,33,159.0,55.0,27.0,105.0,40.7,167.0
6770,0,23,187.0,87.0,15.0,92.0,39.8,55.0
6771,1,32,163.0,58.0,17.0,100.0,40.4,95.0
6772,1,44,172.0,62.0,16.0,95.0,40.3,83.0
6773,1,32,175.0,70.0,26.0,104.0,40.9,152.0
6774,0,33,201.0,103.0,20.0,98.0,40.4,108.0
6775,0,79,165.0,73.0,13.0,79.0,40.0,54.0
6776,0,77,190.0,90.0,9.0,88.0,39.4,52.0
6777,1,32,174.0,63.0,7.0,83.0,39.5,26.0
6778,0,45,181.0,78.0,16.0,88.0,40.3,63.0
6779,1,67,156.0,55.0,28.0,115.0,40.8,220.0
6780,0,30,197.0,95.0,12.0,91.0,40.2,49.0
6781,0,47,197.0,94.0,6.0,89.0,39.1,27.0
6782,1,22,146.0,50.0,7.0,79.0,39.7,23.0
6783,1,62,153.0,59.0,23.0,104.0,41.0,150.0
6784,0,49,198.0,102.0,17.0,100.0,40.5,110.0
6785,0,30,195.0,92.0,30.0,101.0,41.0,165.0
6786,0,49,208.0,102.0,26.0,106.0,40.7,192.0
6787,1,43,165.0,64.0,27.0,111.0,40.6,185.0
6788,1,32,153.0,53.0,29.0,101.0,40.8,167.0
6789,1,26,175.0,71.0,7.0,90.0,39.5,30.0
6790,0,52,178.0,85.0,6.0,79.0,39.3,19.0
6791,0,31,182.0,86.0,22.0,101.0,40.6,119.0
6792,1,63,181.0,77.0,30.0,106.0,40.5,195.0
6793,1,40,156.0,60.0,13.0,95.0,40.4,67.0
6794,1,33,166.0,65.0,4.0,84.0,38.6,15.0
6795,0,20,176.0,76.0,26.0,116.0,40.9,180.0
6796,0,25,188.0,95.0,29.0,112.0,41.1,202.0
6797,0,45,177.0,77.0,3.0,82.0,38.5,9.0
6798,0,60,183.0,87.0,28.0,114.0,41.2,246.0
6799,0,21,193.0,97.0,27.0,107.0,40.4,164.0
6800,0,32,194.0,94.0,24.0,98.0,40.8,124.0
6801,0,35,198.0,101.0,15.0,92.0,40.1,69.0
6802,0,59,167.0,72.0,4.0,89.0,38.7,19.0
6803,1,38,150.0,50.0,25.0,99.0,40.6,142.0
6804,0,38,201.0,101.0,16.0,99.0,40.1,92.0
6805,1,54,162.0,57.0,24.0,96.0,40.7,133.0
6806,0,20,186.0,86.0,26.0,99.0,40.1,119.0
6807,1,65,160.0,60.0,1.0,79.0,37.9,4.0
6808,0,25,205.0,108.0,19.0,99.0,40.4,101.0
6809,1,25,162.0,69.0,28.0,101.0,41.2,152.0
6810,1,63,150.0,50.0,7.0,88.0,39.4,35.0
6811,1,37,165.0,64.0,15.0,90.0,40.1,68.0
6812,0,43,200.0,104.0,8.0,90.0,39.9,38.0
6813,1,49,158.0,61.0,27.0,106.0,41.0,175.0
6814,0,58,183.0,86.0,13.0,91.0,39.8,68.0
6815,1,42,163.0,61.0,6.0,88.0,39.2,27.0
6816,1,34,160.0,63.0,29.0,119.0,41.3,220.0
6817,1,30,158.0,53.0,24.0,100.0,40.7,135.0
6818,0,31,202.0,98.0,14.0,97.0,40.3,71.0
6819,0,32,184.0,80.0,28.0,117.0,40.7,217.0
6820,0,44,190.0,96.0,21.0,99.0,40.6,125.0
6821,1,42,172.0,62.0,20.0,100.0,40.5,114.0
6822,1,55,155.0,55.0,9.0,88.0,40.0,43.0
6823,0,78,181.0,82.0,28.0,112.0,40.6,259.0
6824,0,26,178.0,80.0,19.0,95.0,40.4,79.0
6825,1,64,182.0,74.0,3.0,87.0,38.7,14.0
6826,1,26,151.0,52.0,22.0,98.0,40.2,118.0
6827,0,32,204.0,104.0,8.0,94.0,39.4,38.0
6828,1,64,164.0,61.0,2.0,79.0,38.1,8.0
6829,1,26,179.0,74.0,29.0,109.0,40.8,180.0
6830,0,21,185.0,81.0,25.0,112.0,40.7,162.0
6831,1,21,169.0,62.0,16.0,88.0,40.0,65.0
6832,0,26,169.0,72.0,2.0,82.0,38.3,4.0
6833,1,22,161.0,67.0,3.0,81.0,38.6,10.0
6834,1,20,180.0,78.0,24.0,110.0,40.8,148.0
6835,0,40,176.0,73.0,2.0,86.0,38.0,7.0
6836,0,50,193.0,99.0,3.0,81.0,38.3,11.0
6837,0,64,185.0,92.0,9.0,82.0,39.6,38.0
6838,0,50,187.0,91.0,25.0,94.0,40.7,135.0
6839,1,21,172.0,58.0,1.0,79.0,37.5,3.0
6840,1,21,166.0,60.0,17.0,96.0,40.0,84.0
6841,0,45,184.0,85.0,16.0,91.0,39.9,73.0
6842,1,22,162.0,64.0,2.0,78.0,38.6,6.0
6843,0,24,185.0,88.0,11.0,90.0,39.9,38.0
6844,1,21,197.0,91.0,11.0,88.0,39.8,40.0
6845,1,64,159.0,56.0,3.0,91.0,38.5,16.0
6846,0,69,189.0,91.0,2.0,83.0,37.6,9.0
6847,1,35,169.0,67.0,13.0,96.0,40.1,66.0
6848,1,68,160.0,63.0,21.0,98.0,40.4,125.0
6849,0,69,188.0,85.0,14.0,106.0,40.0,112.0
6850,1,29,169.0,63.0,28.0,110.0,40.8,183.0
6851,1,50,177.0,73.0,6.0,88.0,39.3,26.0
6852,1,68,164.0,61.0,19.0,100.0,40.6,117.0
6853,1,47,174.0,73.0,28.0,101.0,40.9,161.0
6854,0,39,180.0,87.0,24.0,107.0,40.4,161.0
6855,0,41,189.0,94.0,17.0,97.0,40.3,93.0
6856,1,36,163.0,59.0,4.0,83.0,38.9,15.0
6857,1,44,168.0,67.0,19.0,81.0,40.5,69.0
6858,1,55,155.0,54.0,5.0,81.0,39.0,20.0
6859,1,76,161.0,63.0,26.0,103.0,41.0,172.0
6860,0,35,171.0,81.0,18.0,96.0,40.4,85.0
6861,1,47,173.0,69.0,26.0,106.0,40.8,165.0
6862,1,61,166.0,64.0,21.0,106.0,40.4,140.0
6863,1,31,149.0,52.0,23.0,108.0,40.6,150.0
6864,1,61,146.0,52.0,20.0,97.0,40.3,117.0
6865,1,27,157.0,54.0,10.0,92.0,40.2,47.0
6866,1,32,163.0,60.0,11.0,100.0,39.4,61.0
6867,0,36,172.0,72.0,7.0,86.0,39.4,22.0
6868,0,39,189.0,93.0,20.0,100.0,40.4,116.0
6869,1,25,180.0,72.0,23.0,100.0,40.9,121.0
6870,0,41,170.0,69.0,18.0,101.0,40.2,100.0
6871,0,36,200.0,103.0,17.0,101.0,40.4,102.0
6872,1,54,153.0,55.0,28.0,111.0,40.7,201.0
6873,0,50,193.0,94.0,11.0,83.0,39.7,42.0
6874,0,31,171.0,73.0,10.0,94.0,39.5,41.0
6875,1,23,161.0,61.0,13.0,91.0,40.1,57.0
6876,0,20,183.0,87.0,23.0,106.0,40.6,130.0
6877,0,37,177.0,81.0,9.0,87.0,39.6,31.0
6878,1,25,167.0,61.0,24.0,107.0,40.2,148.0
6879,0,20,185.0,82.0,6.0,83.0,39.5,12.0
6880,1,47,164.0,60.0,2.0,84.0,38.5,8.0
6881,0,29,190.0,99.0,7.0,86.0,39.6,23.0
6882,1,64,161.0,68.0,23.0,109.0,40.8,160.0
6883,1,35,171.0,71.0,29.0,108.0,41.0,183.0
6884,0,57,185.0,80.0,7.0,93.0,39.4,37.0
6885,0,70,184.0,84.0,26.0,110.0,40.7,224.0
6886,1,39,164.0,65.0,4.0,85.0,38.9,16.0
6887,0,32,187.0,90.0,12.0,89.0,40.2,45.0
6888,0,44,183.0,89.0,14.0,88.0,39.7,58.0
6889,1,22,152.0,59.0,26.0,109.0,41.1,165.0
6890,0,25,196.0,94.0,11.0,85.0,39.6,32.0
6891,1,41,173.0,65.0,13.0,100.0,40.2,73.0
6892,1,56,156.0,55.0,2.0,76.0,38.8,7.0
6893,0,59,190.0,92.0,11.0,87.0,39.6,53.0
6894,0,52,193.0,94.0,24.0,103.0,40.8,166.0
6895,0,20,192.0,94.0,20.0,103.0,40.6,107.0
6896,0,54,175.0,82.0,10.0,83.0,39.6,37.0
6897,0,62,200.0,111.0,19.0,101.0,40.4,141.0
6898,0,39,171.0,77.0,16.0,103.0,40.4,94.0
6899,0,46,201.0,96.0,25.0,108.0,40.3,185.0
6900,0,34,198.0,103.0,25.0,99.0,40.8,141.0
6901,1,51,182.0,82.0,21.0,99.0,40.7,115.0
6902,0,24,193.0,91.0,5.0,90.0,39.3,18.0
6903,1,69,169.0,67.0,15.0,90.0,40.2,76.0
6904,1,54,169.0,66.0,3.0,80.0,38.9,11.0
6905,1,49,176.0,75.0,15.0,91.0,40.5,70.0
6906,1,35,161.0,65.0,14.0,91.0,40.2,64.0
6907,0,35,198.0,105.0,25.0,107.0,40.7,173.0
6908,0,26,197.0,101.0,16.0,93.0,40.5,69.0
6909,0,33,185.0,81.0,8.0,77.0,39.1,14.0
6910,1,27,171.0,64.0,8.0,89.0,39.6,34.0
6911,1,55,170.0,74.0,15.0,95.0,40.1,79.0
6912,1,39,181.0,80.0,11.0,84.0,39.8,41.0
6913,1,49,178.0,68.0,21.0,97.0,40.5,114.0
6914,1,22,160.0,65.0,13.0,99.0,40.4,68.0
6915,0,39,194.0,94.0,1.0,84.0,37.8,3.0
6916,0,20,173.0,75.0,9.0,93.0,39.9,31.0
6917,1,38,153.0,51.0,14.0,81.0,40.1,53.0
6918,1,46,174.0,67.0,13.0,99.0,39.8,73.0
6919,0,67,184.0,88.0,29.0,111.0,40.8,252.0
6920,1,27,164.0,56.0,17.0,101.0,40.1,96.0
6921,1,65,169.0,71.0,17.0,96.0,40.3,95.0
6922,1,27,177.0,72.0,10.0,90.0,39.7,42.0
6923,1,32,165.0,63.0,21.0,104.0,40.5,125.0
6924,0,41,173.0,77.0,6.0,78.0,39.1,13.0
6925,0,67,188.0,90.0,15.0,106.0,40.3,120.0
6926,0,76,192.0,97.0,29.0,106.0,40.8,249.0
6927,0,51,186.0,88.0,3.0,81.0,38.6,10.0
6928,1,47,173.0,69.0,1.0,80.0,37.3,4.0
6929,0,40,181.0,91.0,29.0,111.0,41.0,216.0
6930,1,54,157.0,63.0,20.0,96.0,40.7,110.0
6931,0,61,189.0,98.0,25.0,110.0,40.4,212.0
6932,0,68,198.0,111.0,29.0,110.0,40.5,264.0
6933,0,25,171.0,71.0,6.0,91.0,39.0,20.0
6934,1,68,170.0,65.0,14.0,90.0,40.3,71.0
6935,1,29,159.0,64.0,17.0,97.0,40.2,87.0
6936,1,49,178.0,71.0,12.0,98.0,39.9,66.0
6937,0,40,201.0,109.0,3.0,87.0,38.4,13.0
6938,0,41,182.0,87.0,14.0,100.0,39.7,81.0
6939,1,21,180.0,73.0,14.0,88.0,40.4,55.0
6940,1,55,167.0,64.0,21.0,98.0,40.6,120.0
6941,0,44,179.0,81.0,28.0,105.0,40.6,183.0
6942,1,25,177.0,73.0,15.0,95.0,39.9,71.0
6943,0,57,169.0,81.0,30.0,112.0,40.9,247.0
6944,0,53,187.0,90.0,14.0,87.0,40.2,62.0
6945,1,54,159.0,57.0,14.0,84.0,40.3,60.0
6946,0,48,173.0,75.0,14.0,93.0,40.2,67.0
6947,0,57,187.0,86.0,20.0,100.0,40.0,130.0
6948,0,45,177.0,81.0,18.0,85.0,40.7,64.0
6949,1,68,159.0,59.0,5.0,87.0,39.4,24.0
6950,1,21,176.0,72.0,25.0,103.0,40.7,138.0
6951,1,34,186.0,78.0,8.0,81.0,39.5,26.0
6952,0,36,194.0,96.0,8.0,82.0,39.4,24.0
6953,0,66,165.0,67.0,9.0,90.0,39.7,45.0
6954,1,39,162.0,63.0,13.0,89.0,40.2,58.0
6955,0,46,172.0,71.0,20.0,99.0,40.4,110.0
6956,0,46,173.0,72.0,19.0,103.0,40.4,117.0
6957,1,28,165.0,57.0,22.0,103.0,40.7,129.0
6958,0,36,198.0,100.0,19.0,107.0,40.4,130.0
6959,1,39,179.0,77.0,17.0,99.0,40.0,91.0
6960,0,31,187.0,93.0,13.0,94.0,40.2,59.0
6961,0,77,179.0,83.0,16.0,94.0,40.1,104.0
6962,1,66,174.0,66.0,7.0,83.0,39.5,30.0
6963,1,30,175.0,66.0,15.0,100.0,40.3,82.0
6964,0,59,176.0,81.0,6.0,85.0,39.5,25.0
6965,0,28,184.0,86.0,22.0,104.0,40.4,126.0
6966,1,48,197.0,89.0,18.0,102.0,40.3,102.0
6967,0,50,166.0,74.0,7.0,88.0,39.7,29.0
6968,1,28,158.0,58.0,27.0,105.0,40.7,163.0
6969,1,40,162.0,62.0,13.0,83.0,40.0,50.0
6970,0,51,181.0,82.0,10.0,95.0,39.5,54.0
6971,1,39,146.0,51.0,29.0,113.0,41.1,209.0
6972,1,46,165.0,67.0,15.0,93.0,39.8,74.0
6973,1,44,186.0,86.0,23.0,109.0,40.9,147.0
6974,0,54,181.0,86.0,12.0,104.0,39.7,84.0
6975,0,65,191.0,96.0,27.0,110.0,40.9,233.0
6976,1,43,160.0,65.0,16.0,99.0,40.1,89.0
6977,1,75,179.0,78.0,28.0,104.0,40.5,182.0
6978,0,28,177.0,87.0,11.0,91.0,39.8,42.0
6979,1,72,159.0,61.0,11.0,83.0,39.9,49.0
6980,0,38,181.0,81.0,26.0,102.0,41.2,151.0
6981,0,28,193.0,97.0,13.0,91.0,40.0,52.0
6982,1,63,182.0,85.0,6.0,91.0,39.4,29.0
6983,1,26,170.0,73.0,8.0,82.0,39.6,27.0
6984,0,69,181.0,85.0,13.0,93.0,40.4,78.0
6985,1,21,174.0,71.0,24.0,110.0,40.8,151.0
6986,0,56,176.0,83.0,29.0,110.0,40.6,229.0
6987,0,27,185.0,90.0,20.0,103.0,40.3,112.0
6988,1,32,169.0,65.0,7.0,82.0,39.3,25.0
6989,1,22,167.0,64.0,7.0,91.0,39.4,31.0
6990,1,28,154.0,49.0,9.0,85.0,39.8,36.0
6991,1,55,174.0,69.0,27.0,110.0,40.6,186.0
6992,1,68,159.0,63.0,28.0,105.0,41.1,187.0
6993,1,27,164.0,64.0,4.0,88.0,38.8,17.0
6994,0,50,188.0,95.0,25.0,109.0,40.9,193.0
6995,1,23,172.0,71.0,17.0,94.0,40.6,78.0
6996,0,44,190.0,95.0,11.0,82.0,40.3,37.0
6997,1,43,162.0,66.0,28.0,100.0,40.4,159.0
6998,0,24,185.0,83.0,15.0,90.0,40.5,50.0
6999,1,30,168.0,61.0,28.0,105.0,41.4,169.0
7000,1,33,170.0,64.0,28.0,105.0,40.6,169.0
7001,1,34,172.0,65.0,28.0,115.0,40.8,199.0
7002,1,37,157.0,59.0,16.0,94.0,40.2,80.0
7003,0,65,193.0,99.0,5.0,89.0,39.3,28.0
7004,1,24,159.0,56.0,23.0,112.0,40.5,155.0
7005,0,47,194.0,99.0,29.0,102.0,40.7,192.0
7006,0,30,170.0,70.0,13.0,95.0,40.1,53.0
7007,0,77,188.0,94.0,12.0,104.0,39.9,99.0
7008,1,40,162.0,60.0,14.0,91.0,39.9,66.0
7009,1,64,172.0,70.0,24.0,104.0,40.5,154.0
7010,1,26,147.0,50.0,10.0,92.0,40.3,47.0
7011,1,70,163.0,60.0,2.0,73.0,37.8,7.0
7012,0,38,189.0,93.0,13.0,95.0,39.9,65.0
7013,1,29,184.0,72.0,28.0,115.0,40.6,194.0
7014,0,48,187.0,90.0,16.0,95.0,40.1,87.0
7015,0,23,189.0,85.0,26.0,105.0,40.8,146.0
7016,1,35,167.0,65.0,8.0,97.0,39.6,42.0
7017,0,58,164.0,68.0,2.0,89.0,38.8,9.0
7018,0,23,202.0,107.0,5.0,83.0,39.0,14.0
7019,0,66,204.0,107.0,13.0,89.0,40.0,75.0
7020,1,59,154.0,56.0,23.0,102.0,40.8,145.0
7021,0,57,210.0,122.0,5.0,80.0,39.2,21.0
7022,1,20,165.0,65.0,7.0,83.0,39.3,24.0
7023,1,42,155.0,56.0,1.0,79.0,37.9,4.0
7024,0,41,184.0,82.0,19.0,104.0,40.4,119.0
7025,1,30,157.0,62.0,20.0,98.0,40.5,106.0
7026,0,32,192.0,92.0,19.0,102.0,40.6,109.0
7027,1,46,168.0,68.0,19.0,102.0,40.7,112.0
7028,1,25,156.0,60.0,28.0,110.0,40.8,182.0
7029,1,34,155.0,57.0,26.0,109.0,40.9,171.0
7030,1,49,147.0,47.0,26.0,109.0,41.1,182.0
7031,1,38,147.0,49.0,20.0,99.0,40.6,114.0
7032,0,29,188.0,86.0,7.0,83.0,39.3,18.0
7033,1,45,174.0,77.0,15.0,97.0,40.4,78.0
7034,0,57,204.0,113.0,6.0,75.0,39.2,20.0
7035,1,21,165.0,61.0,21.0,92.0,40.8,94.0
7036,1,50,162.0,65.0,10.0,94.0,39.9,52.0
7037,0,36,172.0,70.0,7.0,87.0,39.3,22.0
7038,0,57,183.0,88.0,5.0,86.0,38.6,22.0
7039,0,69,183.0,94.0,7.0,88.0,39.4,38.0
7040,0,71,198.0,104.0,24.0,104.0,40.7,196.0
7041,1,20,169.0,64.0,2.0,75.0,38.2,5.0
7042,1,41,158.0,62.0,4.0,80.0,38.6,14.0
7043,0,27,171.0,73.0,17.0,102.0,40.2,87.0
7044,0,65,192.0,90.0,26.0,109.0,40.9,217.0
7045,1,68,163.0,60.0,5.0,85.0,39.3,23.0
7046,0,56,183.0,80.0,24.0,108.0,40.8,181.0
7047,0,21,193.0,89.0,12.0,96.0,39.7,51.0
7048,0,37,178.0,88.0,7.0,86.0,39.2,24.0
7049,1,46,167.0,66.0,8.0,85.0,39.9,33.0
7050,0,24,205.0,99.0,18.0,94.0,40.7,77.0
7051,0,57,189.0,88.0,18.0,98.0,40.2,113.0
7052,0,43,179.0,75.0,7.0,91.0,39.3,30.0
7053,1,22,153.0,51.0,9.0,85.0,39.8,35.0
7054,0,55,179.0,83.0,14.0,98.0,40.1,85.0
7055,0,36,192.0,90.0,10.0,83.0,40.2,30.0
7056,0,35,194.0,98.0,6.0,86.0,39.5,22.0
7057,1,42,150.0,52.0,25.0,98.0,40.7,141.0
7058,1,26,179.0,79.0,10.0,92.0,39.6,43.0
7059,0,34,196.0,98.0,14.0,88.0,40.4,54.0
7060,1,63,153.0,49.0,22.0,101.0,40.9,140.0
7061,0,74,193.0,92.0,10.0,82.0,40.0,48.0
7062,0,33,170.0,66.0,14.0,95.0,40.0,58.0
7063,0,55,185.0,88.0,18.0,103.0,40.4,124.0
7064,1,28,142.0,44.0,7.0,93.0,39.0,35.0
7065,1,52,160.0,58.0,18.0,94.0,40.3,95.0
7066,1,26,164.0,59.0,1.0,87.0,38.0,4.0
7067,1,69,171.0,68.0,27.0,104.0,40.6,176.0
7068,1,44,162.0,62.0,25.0,102.0,41.1,149.0
7069,0,61,183.0,85.0,15.0,101.0,40.0,103.0
7070,0,37,193.0,95.0,23.0,102.0,40.8,139.0
7071,0,36,181.0,84.0,19.0,101.0,40.2,107.0
7072,0,78,195.0,105.0,10.0,96.0,40.1,73.0
7073,1,44,179.0,77.0,4.0,75.0,38.7,11.0
7074,1,34,159.0,57.0,28.0,117.0,40.9,209.0
7075,1,65,155.0,59.0,10.0,95.0,40.0,56.0
7076,0,31,182.0,83.0,20.0,101.0,40.9,107.0
7077,1,23,151.0,53.0,26.0,102.0,40.7,148.0
7078,1,21,164.0,61.0,7.0,82.0,39.6,24.0
7079,1,50,174.0,70.0,24.0,101.0,40.5,140.0
7080,1,51,168.0,66.0,11.0,84.0,40.1,45.0
7081,1,26,171.0,62.0,9.0,90.0,39.8,39.0
7082,1,61,163.0,64.0,4.0,78.0,38.5,15.0
7083,0,51,192.0,94.0,14.0,102.0,40.3,94.0
7084,1,26,170.0,66.0,20.0,102.0,40.5,112.0
7085,0,37,184.0,84.0,28.0,110.0,40.9,196.0
7086,1,31,173.0,75.0,2.0,77.0,38.7,6.0
7087,1,41,167.0,65.0,22.0,100.0,40.7,124.0
7088,0,37,172.0,77.0,22.0,105.0,40.5,134.0
7089,1,35,161.0,61.0,9.0,89.0,39.6,40.0
7090,1,27,163.0,60.0,4.0,82.0,38.7,14.0
7091,0,23,180.0,78.0,6.0,83.0,39.5,13.0
7092,1,33,157.0,60.0,3.0,80.0,38.7,10.0
7093,0,44,185.0,85.0,26.0,103.0,40.7,164.0
7094,0,23,171.0,72.0,6.0,84.0,39.4,13.0
7095,0,52,188.0,93.0,21.0,107.0,40.6,157.0
7096,0,54,182.0,84.0,21.0,96.0,40.2,120.0
7097,1,46,163.0,59.0,22.0,97.0,40.9,121.0
7098,1,68,166.0,64.0,18.0,94.0,40.6,99.0
7099,0,78,191.0,94.0,4.0,87.0,38.7,23.0
7100,0,30,178.0,75.0,1.0,77.0,38.2,2.0
7101,1,32,165.0,61.0,10.0,89.0,39.6,44.0
7102,1,20,153.0,54.0,10.0,90.0,39.6,44.0
7103,0,30,199.0,96.0,9.0,96.0,40.1,43.0
7104,0,33,190.0,87.0,2.0,78.0,38.1,4.0
7105,0,24,189.0,82.0,11.0,93.0,39.6,42.0
7106,0,27,170.0,70.0,13.0,92.0,40.1,46.0
7107,1,31,159.0,59.0,2.0,81.0,38.2,7.0
7108,1,52,155.0,54.0,24.0,101.0,40.6,146.0
7109,1,24,167.0,66.0,12.0,89.0,40.0,50.0
7110,1,55,177.0,77.0,9.0,90.0,39.7,42.0
7111,0,68,190.0,99.0,14.0,92.0,40.3,86.0
7112,1,35,182.0,74.0,27.0,101.0,41.1,149.0
7113,0,48,187.0,96.0,8.0,80.0,39.6,26.0
7114,1,54,188.0,78.0,5.0,82.0,38.9,19.0
7115,1,47,161.0,61.0,3.0,84.0,38.8,12.0
7116,0,68,190.0,94.0,29.0,105.0,40.8,231.0
7117,1,69,172.0,73.0,19.0,103.0,40.2,121.0
7118,0,56,181.0,84.0,25.0,106.0,40.9,183.0
7119,0,73,175.0,76.0,4.0,86.0,38.9,20.0
7120,1,23,150.0,48.0,26.0,108.0,40.6,167.0
7121,1,33,183.0,77.0,16.0,91.0,40.4,70.0
7122,1,78,159.0,64.0,28.0,111.0,40.7,210.0
7123,1,48,159.0,61.0,18.0,102.0,40.4,109.0
7124,0,54,188.0,90.0,23.0,108.0,40.9,176.0
7125,1,51,165.0,63.0,17.0,95.0,40.2,90.0
7126,0,21,161.0,69.0,20.0,96.0,40.4,76.0
7127,0,71,178.0,85.0,8.0,87.0,39.8,42.0
7128,0,77,176.0,82.0,21.0,102.0,39.9,162.0
7129,0,47,171.0,75.0,29.0,116.0,41.1,238.0
7130,0,79,184.0,87.0,27.0,111.0,40.6,250.0
7131,1,63,166.0,63.0,9.0,99.0,39.9,54.0
7132,0,34,174.0,72.0,26.0,103.0,40.7,144.0
7133,1,22,154.0,53.0,22.0,106.0,40.5,135.0
7134,1,67,163.0,62.0,30.0,108.0,41.0,210.0
7135,0,25,186.0,86.0,11.0,98.0,40.1,51.0
7136,1,27,159.0,58.0,1.0,80.0,37.5,3.0
7137,0,39,183.0,83.0,20.0,91.0,40.2,85.0
7138,1,60,159.0,53.0,6.0,87.0,39.5,29.0
7139,0,41,187.0,91.0,16.0,100.0,40.7,94.0
7140,1,37,180.0,73.0,24.0,98.0,40.6,126.0
7141,1,74,164.0,62.0,26.0,104.0,41.0,174.0
7142,1,41,170.0,68.0,22.0,95.0,40.5,112.0
7143,1,20,178.0,76.0,25.0,107.0,40.8,147.0
7144,0,21,178.0,74.0,16.0,90.0,40.3,48.0
7145,0,29,192.0,90.0,29.0,113.0,40.9,209.0
7146,1,50,173.0,72.0,8.0,89.0,39.7,36.0
7147,0,26,181.0,84.0,17.0,89.0,40.0,56.0
7148,0,36,180.0,78.0,6.0,85.0,39.2,18.0
7149,0,21,172.0,75.0,22.0,102.0,40.5,107.0
7150,0,32,197.0,98.0,26.0,111.0,40.7,188.0
7151,0,62,181.0,87.0,22.0,97.0,40.6,139.0
7152,0,71,210.0,115.0,14.0,99.0,40.2,107.0
7153,1,25,167.0,65.0,17.0,96.0,40.7,84.0
7154,1,37,160.0,58.0,27.0,111.0,40.7,185.0
7155,1,39,166.0,68.0,15.0,101.0,40.1,85.0
7156,1,31,174.0,75.0,24.0,103.0,40.8,136.0
7157,0,58,186.0,87.0,9.0,90.0,40.0,46.0
7158,1,38,163.0,61.0,25.0,104.0,40.5,152.0
7159,1,20,154.0,53.0,22.0,100.0,40.4,120.0
7160,1,37,164.0,66.0,27.0,104.0,41.2,162.0
7161,0,42,175.0,77.0,9.0,88.0,39.6,34.0
7162,1,77,161.0,65.0,11.0,89.0,39.9,56.0
7163,1,48,148.0,45.0,23.0,104.0,40.7,149.0
7164,0,46,179.0,76.0,28.0,102.0,41.0,170.0
7165,1,49,171.0,65.0,10.0,95.0,39.8,53.0
7166,1,55,176.0,72.0,5.0,84.0,39.3,20.0
7167,0,48,195.0,94.0,14.0,100.0,40.1,88.0
7168,0,43,181.0,83.0,25.0,102.0,40.4,152.0
7169,1,53,177.0,72.0,10.0,91.0,39.9,48.0
7170,1,24,165.0,65.0,23.0,105.0,40.8,135.0
7171,1,33,157.0,56.0,19.0,97.0,40.5,101.0
7172,1,26,167.0,65.0,19.0,98.0,40.6,98.0
7173,0,29,172.0,78.0,18.0,99.0,40.8,87.0
7174,1,78,165.0,66.0,20.0,107.0,40.6,141.0
7175,1,67,176.0,72.0,6.0,84.0,39.3,26.0
7176,1,71,157.0,62.0,21.0,98.0,40.5,126.0
7177,0,42,175.0,79.0,10.0,95.0,39.9,49.0
7178,1,79,178.0,80.0,25.0,104.0,40.5,163.0
7179,1,22,165.0,68.0,8.0,85.0,39.7,29.0
7180,0,23,185.0,87.0,16.0,94.0,40.4,64.0
7181,0,20,205.0,100.0,7.0,95.0,39.8,30.0
7182,1,61,161.0,62.0,22.0,99.0,40.8,131.0
7183,1,27,160.0,57.0,23.0,112.0,40.7,156.0
7184,1,37,171.0,75.0,7.0,88.0,39.3,29.0
7185,0,68,174.0,76.0,26.0,110.0,40.7,217.0
7186,1,54,170.0,71.0,6.0,90.0,39.4,28.0
7187,0,21,195.0,92.0,19.0,100.0,40.5,93.0
7188,1,65,164.0,68.0,21.0,99.0,40.6,124.0
7189,1,30,164.0,61.0,12.0,94.0,39.9,58.0
7190,0,26,176.0,78.0,25.0,107.0,40.3,148.0
7191,1,33,170.0,65.0,30.0,105.0,41.0,181.0
7192,0,25,181.0,78.0,20.0,106.0,40.6,114.0
7193,0,49,187.0,91.0,25.0,99.0,40.8,152.0
7194,0,69,171.0,76.0,4.0,94.0,38.8,24.0
7195,0,44,168.0,69.0,10.0,85.0,39.7,33.0
7196,1,51,172.0,73.0,3.0,77.0,38.8,10.0
7197,1,45,172.0,69.0,29.0,101.0,40.7,167.0
7198,0,22,188.0,90.0,20.0,96.0,40.5,86.0
7199,1,23,148.0,48.0,8.0,88.0,39.4,34.0
7200,0,49,178.0,81.0,21.0,97.0,40.8,117.0
7201,1,29,157.0,57.0,5.0,85.0,39.4,20.0
7202,1,33,182.0,76.0,29.0,101.0,40.9,158.0
7203,1,21,157.0,52.0,26.0,106.0,41.0,159.0
7204,0,47,184.0,89.0,19.0,101.0,40.2,119.0
7205,0,20,189.0,91.0,16.0,95.0,40.2,65.0
7206,1,47,152.0,61.0,5.0,90.0,38.8,24.0
7207,1,26,167.0,66.0,20.0,94.0,40.1,95.0
7208,1,73,177.0,75.0,2.0,87.0,38.5,9.0
7209,1,37,170.0,65.0,2.0,79.0,38.3,7.0
7210,1,22,159.0,57.0,28.0,114.0,40.6,194.0
7211,0,45,179.0,79.0,28.0,108.0,40.4,196.0
7212,0,24,193.0,89.0,10.0,95.0,39.7,42.0
7213,0,25,179.0,85.0,29.0,108.0,40.6,179.0
7214,1,28,163.0,62.0,19.0,93.0,40.4,89.0
7215,1,24,167.0,62.0,18.0,108.0,40.5,112.0
7216,0,20,183.0,84.0,15.0,92.0,40.3,52.0
7217,0,59,196.0,93.0,25.0,98.0,40.7,162.0
7218,1,29,147.0,50.0,15.0,97.0,40.0,80.0
7219,1,38,176.0,69.0,3.0,89.0,38.4,13.0
7220,0,47,189.0,89.0,19.0,99.0,40.4,113.0
7221,0,38,179.0,81.0,16.0,93.0,40.3,71.0
7222,0,23,175.0,78.0,19.0,104.0,40.6,101.0
7223,1,47,171.0,70.0,8.0,93.0,39.6,39.0
7224,0,20,178.0,79.0,8.0,88.0,39.4,22.0
7225,0,33,190.0,88.0,9.0,95.0,39.8,42.0
7226,1,73,171.0,69.0,15.0,97.0,40.3,88.0
7227,1,64,163.0,60.0,24.0,103.0,40.4,155.0
7228,0,73,190.0,95.0,10.0,97.0,39.4,70.0
7229,0,23,172.0,75.0,2.0,89.0,38.0,6.0
7230,0,52,185.0,86.0,26.0,98.0,40.7,155.0
7231,1,28,159.0,58.0,3.0,78.0,38.3,9.0
7232,0,60,184.0,84.0,4.0,85.0,39.3,17.0
7233,1,45,171.0,66.0,22.0,100.0,40.7,125.0
7234,1,24,143.0,48.0,12.0,96.0,39.6,62.0
7235,1,57,160.0,62.0,22.0,103.0,40.3,138.0
7236,1,79,170.0,68.0,30.0,111.0,41.2,224.0
7237,0,38,202.0,108.0,19.0,100.0,40.4,115.0
7238,1,51,180.0,80.0,24.0,108.0,40.6,155.0
7239,1,22,172.0,70.0,23.0,95.0,40.6,108.0
7240,1,38,164.0,59.0,23.0,104.0,40.5,140.0
7241,0,49,176.0,73.0,4.0,89.0,38.8,17.0
7242,0,60,190.0,89.0,10.0,101.0,39.8,69.0
7243,1,24,158.0,56.0,26.0,100.0,40.9,142.0
7244,1,20,155.0,54.0,24.0,110.0,40.7,156.0
7245,1,20,170.0,69.0,25.0,106.0,40.6,147.0
7246,1,73,162.0,66.0,28.0,96.0,40.6,162.0
7247,0,20,179.0,75.0,17.0,109.0,40.3,99.0
7248,0,57,176.0,82.0,6.0,92.0,39.2,31.0
7249,1,30,146.0,49.0,18.0,100.0,40.4,102.0
7250,1,41,154.0,58.0,19.0,98.0,40.2,105.0
7251,0,53,194.0,102.0,18.0,97.0,39.9,112.0
7252,0,26,177.0,69.0,12.0,89.0,40.0,36.0
7253,1,25,165.0,62.0,3.0,75.0,38.4,8.0
7254,1,41,187.0,78.0,19.0,99.0,40.5,102.0
7255,1,67,171.0,70.0,10.0,86.0,39.8,45.0
7256,1,36,152.0,55.0,26.0,121.0,40.9,206.0
7257,1,32,163.0,60.0,13.0,100.0,40.0,72.0
7258,1,59,161.0,57.0,28.0,110.0,40.5,200.0
7259,1,31,153.0,60.0,26.0,100.0,40.7,144.0
7260,1,40,158.0,60.0,17.0,95.0,40.1,88.0
7261,1,20,147.0,47.0,12.0,97.0,39.9,62.0
7262,1,28,161.0,58.0,2.0,71.0,37.8,5.0
7263,1,55,162.0,60.0,3.0,84.0,38.6,13.0
7264,1,27,158.0,58.0,3.0,80.0,38.7,10.0
7265,1,29,180.0,71.0,30.0,115.0,41.0,209.0
7266,1,36,163.0,58.0,2.0,78.0,38.2,7.0
7267,1,59,168.0,62.0,24.0,93.0,40.6,126.0
7268,1,71,180.0,76.0,13.0,89.0,40.3,63.0
7269,0,26,182.0,86.0,26.0,102.0,40.7,138.0
7270,1,77,161.0,63.0,28.0,106.0,40.9,195.0
7271,1,25,173.0,64.0,26.0,104.0,40.6,151.0
7272,0,30,177.0,82.0,28.0,107.0,40.7,173.0
7273,0,22,196.0,101.0,14.0,103.0,39.9,78.0
7274,1,21,169.0,61.0,22.0,103.0,40.6,125.0
7275,0,68,186.0,98.0,28.0,105.0,41.1,226.0
7276,0,50,184.0,87.0,15.0,96.0,40.1,84.0
7277,1,21,178.0,74.0,12.0,101.0,39.7,63.0
7278,0,67,212.0,124.0,16.0,87.0,40.1,94.0
7279,1,51,171.0,70.0,1.0,81.0,37.8,4.0
7280,0,22,192.0,99.0,19.0,99.0,40.5,94.0
7281,1,20,151.0,51.0,27.0,101.0,41.1,150.0
7282,0,25,180.0,78.0,25.0,109.0,40.5,154.0
7283,1,41,176.0,77.0,4.0,94.0,38.6,19.0
7284,0,61,194.0,99.0,14.0,90.0,40.2,77.0
7285,0,41,187.0,87.0,2.0,82.0,38.3,6.0
7286,1,47,165.0,64.0,11.0,96.0,39.6,59.0
7287,1,26,155.0,57.0,21.0,95.0,40.7,104.0
7288,0,41,171.0,73.0,10.0,86.0,40.0,34.0
7289,1,28,163.0,66.0,5.0,85.0,39.1,19.0
7290,1,68,163.0,59.0,28.0,107.0,40.8,195.0
7291,0,35,172.0,72.0,25.0,100.0,40.5,129.0
7292,0,22,189.0,88.0,14.0,96.0,39.9,60.0
7293,1,39,177.0,74.0,6.0,78.0,39.1,19.0
7294,0,68,169.0,77.0,25.0,108.0,40.6,201.0
7295,0,54,185.0,80.0,26.0,97.0,40.7,151.0
7296,1,45,169.0,63.0,16.0,94.0,40.4,82.0
7297,1,56,173.0,71.0,26.0,94.0,40.6,135.0
7298,1,70,165.0,68.0,29.0,112.0,40.9,215.0
7299,1,33,172.0,76.0,5.0,79.0,38.7,16.0
7300,0,65,176.0,76.0,15.0,93.0,40.3,84.0
7301,0,24,188.0,90.0,14.0,103.0,40.1,76.0
7302,0,58,198.0,104.0,7.0,88.0,39.6,36.0
7303,1,27,180.0,80.0,13.0,93.0,40.0,58.0
7304,1,27,173.0,67.0,17.0,104.0,40.3,99.0
7305,0,34,196.0,101.0,8.0,88.0,39.5,31.0
7306,1,59,159.0,65.0,29.0,105.0,40.9,188.0
7307,1,24,165.0,59.0,4.0,84.0,38.9,15.0
7308,1,20,166.0,60.0,14.0,94.0,40.3,66.0
7309,1,51,174.0,74.0,24.0,102.0,40.4,142.0
7310,0,22,175.0,73.0,16.0,93.0,40.6,56.0
7311,1,33,163.0,65.0,26.0,108.0,40.7,165.0
7312,0,46,174.0,72.0,25.0,102.0,40.8,150.0
7313,0,26,185.0,85.0,3.0,86.0,39.1,9.0
7314,1,37,156.0,58.0,8.0,92.0,39.8,39.0
7315,0,22,164.0,60.0,10.0,99.0,39.8,41.0
7316,0,30,193.0,89.0,25.0,113.0,40.7,181.0
7317,1,37,156.0,59.0,19.0,101.0,39.9,110.0
7318,0,45,183.0,87.0,17.0,99.0,40.0,99.0
7319,1,41,158.0,59.0,20.0,98.0,40.6,110.0
7320,0,45,187.0,85.0,18.0,91.0,40.4,82.0
7321,1,59,157.0,58.0,18.0,96.0,40.2,101.0
7322,1,31,161.0,58.0,29.0,110.0,40.8,192.0
7323,1,31,148.0,47.0,3.0,86.0,38.6,13.0
7324,0,31,175.0,75.0,17.0,105.0,40.4,98.0
7325,1,31,151.0,49.0,28.0,98.0,40.7,153.0
7326,1,23,172.0,68.0,16.0,98.0,40.4,81.0
7327,0,47,199.0,109.0,1.0,83.0,38.2,4.0
7328,0,42,164.0,61.0,20.0,111.0,40.9,138.0
7329,1,47,167.0,62.0,15.0,83.0,40.2,60.0
7330,0,22,187.0,89.0,16.0,96.0,40.1,69.0
7331,1,70,155.0,60.0,13.0,95.0,40.1,74.0
7332,0,62,196.0,97.0,4.0,82.0,39.0,17.0
7333,0,25,198.0,96.0,5.0,85.0,39.1,15.0
7334,1,66,175.0,69.0,7.0,86.0,39.4,32.0
7335,1,75,174.0,76.0,18.0,101.0,40.5,112.0
7336,1,46,153.0,51.0,30.0,115.0,40.8,226.0
7337,0,25,201.0,101.0,15.0,93.0,40.0,64.0
7338,0,21,180.0,83.0,23.0,99.0,40.6,105.0
7339,1,21,162.0,63.0,8.0,91.0,39.8,35.0
7340,0,60,162.0,72.0,6.0,89.0,39.1,28.0
7341,1,30,148.0,53.0,18.0,89.0,40.5,80.0
7342,0,21,199.0,95.0,4.0,80.0,38.9,8.0
7343,0,63,180.0,88.0,24.0,114.0,40.7,215.0
7344,1,62,149.0,49.0,26.0,104.0,40.8,173.0
7345,0,44,195.0,96.0,16.0,95.0,40.4,86.0
7346,0,74,182.0,88.0,14.0,91.0,39.7,84.0
7347,0,47,183.0,85.0,24.0,98.0,40.7,137.0
7348,0,59,191.0,89.0,21.0,93.0,40.7,118.0
7349,0,45,190.0,99.0,18.0,105.0,40.6,125.0
7350,0,52,183.0,86.0,8.0,81.0,39.6,27.0
7351,1,30,167.0,66.0,27.0,99.0,40.9,144.0
7352,0,28,175.0,78.0,10.0,96.0,39.9,43.0
7353,0,74,212.0,115.0,23.0,109.0,40.5,214.0
7354,0,29,180.0,84.0,7.0,88.0,39.6,23.0
7355,1,36,149.0,53.0,16.0,94.0,40.4,81.0
7356,1,44,158.0,57.0,28.0,111.0,41.0,196.0
7357,0,42,190.0,93.0,19.0,105.0,40.5,127.0
7358,0,61,179.0,77.0,11.0,90.0,40.0,55.0
7359,0,48,182.0,85.0,1.0,80.0,37.7,3.0
7360,1,47,153.0,57.0,3.0,84.0,38.9,12.0
7361,0,72,189.0,99.0,10.0,92.0,39.7,63.0
7362,0,67,170.0,75.0,23.0,107.0,40.7,180.0
7363,0,71,202.0,111.0,7.0,85.0,39.5,38.0
7364,0,75,180.0,85.0,30.0,108.0,40.9,257.0
7365,0,76,172.0,78.0,15.0,104.0,40.0,118.0
7366,0,38,192.0,98.0,4.0,90.0,38.9,17.0
7367,0,43,186.0,93.0,13.0,97.0,39.9,72.0
7368,1,44,181.0,80.0,2.0,83.0,38.3,7.0
7369,0,24,186.0,86.0,22.0,99.0,40.7,105.0
7370,1,57,149.0,56.0,13.0,91.0,39.9,66.0
7371,1,42,160.0,61.0,20.0,103.0,40.6,121.0
7372,1,27,185.0,81.0,3.0,94.0,38.6,14.0
7373,0,75,168.0,73.0,16.0,95.0,40.1,102.0
7374,0,62,183.0,86.0,19.0,97.0,40.9,120.0
7375,1,79,160.0,60.0,16.0,96.0,40.2,95.0
7376,0,78,201.0,108.0,12.0,89.0,40.0,76.0
7377,1,40,157.0,56.0,4.0,87.0,38.4,17.0
7378,1,47,168.0,70.0,7.0,82.0,39.5,26.0
7379,0,54,186.0,82.0,2.0,83.0,38.3,7.0
7380,1,33,166.0,62.0,6.0,90.0,39.3,27.0
7381,1,58,169.0,72.0,27.0,101.0,41.2,161.0
7382,1,74,158.0,59.0,8.0,86.0,39.5,39.0
7383,1,62,166.0,67.0,3.0,84.0,39.1,13.0
7384,1,58,177.0,74.0,28.0,110.0,41.0,193.0
7385,0,24,191.0,89.0,5.0,87.0,39.0,15.0
7386,0,49,188.0,85.0,25.0,110.0,40.5,190.0
7387,1,51,164.0,65.0,17.0,107.0,40.4,112.0
7388,0,49,193.0,99.0,24.0,107.0,40.9,179.0
7389,1,49,167.0,67.0,3.0,79.0,38.6,11.0
7390,1,55,151.0,54.0,23.0,99.0,40.4,137.0
7391,0,67,186.0,89.0,29.0,110.0,41.1,249.0
7392,0,58,188.0,88.0,18.0,93.0,40.6,100.0
7393,1,31,177.0,73.0,9.0,90.0,39.4,39.0
7394,0,27,175.0,75.0,5.0,76.0,39.4,6.0
7395,0,33,207.0,110.0,29.0,107.0,40.9,201.0
7396,0,40,177.0,81.0,8.0,83.0,39.6,24.0
7397,1,73,152.0,57.0,27.0,111.0,40.8,202.0
7398,0,42,195.0,96.0,11.0,84.0,40.1,40.0
7399,1,31,169.0,67.0,29.0,98.0,41.0,152.0
7400,0,21,181.0,74.0,9.0,94.0,39.5,33.0
7401,1,32,171.0,71.0,27.0,108.0,40.7,169.0
7402,1,53,178.0,77.0,11.0,95.0,39.9,57.0
7403,0,60,184.0,86.0,27.0,105.0,41.0,200.0
7404,0,25,201.0,107.0,4.0,78.0,38.8,8.0
7405,0,32,182.0,81.0,5.0,92.0,39.1,20.0
7406,1,28,178.0,73.0,5.0,84.0,39.1,18.0
7407,1,48,159.0,63.0,17.0,87.0,40.0,75.0
7408,0,24,179.0,83.0,10.0,91.0,39.8,35.0
7409,0,28,178.0,85.0,24.0,110.0,40.7,158.0
7410,1,22,161.0,53.0,21.0,107.0,40.4,131.0
7411,0,59,187.0,95.0,3.0,82.0,38.2,12.0
7412,1,37,147.0,49.0,27.0,102.0,40.3,162.0
7413,1,36,157.0,54.0,5.0,80.0,39.0,18.0
7414,1,50,164.0,63.0,13.0,102.0,40.0,79.0
7415,1,66,145.0,51.0,22.0,105.0,40.7,150.0
7416,1,23,157.0,53.0,25.0,109.0,40.5,161.0
7417,1,34,161.0,62.0,1.0,80.0,37.4,3.0
7418,1,37,152.0,51.0,17.0,96.0,40.4,91.0
7419,0,29,179.0,83.0,28.0,96.0,41.0,126.0
7420,1,40,168.0,66.0,6.0,82.0,39.0,22.0
7421,1,21,169.0,64.0,24.0,104.0,41.0,138.0
7422,0,39,200.0,99.0,5.0,86.0,38.9,19.0
7423,0,25,194.0,99.0,1.0,78.0,37.7,2.0
7424,1,24,176.0,67.0,27.0,111.0,40.8,175.0
7425,1,30,159.0,58.0,10.0,87.0,39.9,42.0
7426,0,20,190.0,93.0,16.0,99.0,40.2,76.0
7427,0,66,185.0,88.0,17.0,100.0,40.6,119.0
7428,0,41,195.0,101.0,19.0,113.0,40.8,153.0
7429,0,32,179.0,81.0,26.0,110.0,41.0,174.0
7430,0,24,168.0,69.0,10.0,103.0,40.0,50.0
7431,1,66,164.0,58.0,24.0,107.0,40.5,166.0
7432,0,23,189.0,87.0,16.0,99.0,40.4,76.0
7433,0,72,180.0,86.0,27.0,117.0,41.2,265.0
7434,1,22,150.0,54.0,17.0,98.0,40.3,89.0
7435,1,76,175.0,72.0,10.0,97.0,39.8,58.0
7436,0,38,199.0,102.0,17.0,92.0,40.4,81.0
7437,0,30,181.0,80.0,2.0,89.0,38.3,7.0
7438,0,53,198.0,99.0,9.0,78.0,39.7,30.0
7439,1,42,168.0,66.0,3.0,78.0,38.6,10.0
7440,1,20,160.0,58.0,15.0,90.0,40.3,65.0
7441,1,24,164.0,63.0,16.0,94.0,40.2,76.0
7442,1,43,183.0,71.0,5.0,88.0,39.2,22.0
7443,0,20,179.0,79.0,28.0,107.0,40.9,158.0
7444,0,28,166.0,66.0,2.0,72.0,38.0,1.0
7445,1,29,175.0,74.0,1.0,71.0,38.1,2.0
7446,0,31,185.0,86.0,9.0,83.0,39.9,24.0
7447,0,26,186.0,82.0,2.0,77.0,37.9,3.0
7448,0,26,170.0,70.0,25.0,111.0,40.6,158.0
7449,1,44,166.0,57.0,22.0,106.0,40.6,142.0
7450,1,22,173.0,67.0,17.0,95.0,40.6,81.0
7451,1,53,176.0,74.0,17.0,99.0,40.4,96.0
7452,1,63,166.0,68.0,26.0,108.0,40.8,178.0
7453,1,29,160.0,56.0,28.0,113.0,40.6,194.0
7454,1,23,185.0,76.0,11.0,89.0,40.0,44.0
7455,0,34,188.0,89.0,1.0,85.0,37.9,3.0
7456,0,43,185.0,82.0,5.0,83.0,39.0,16.0
7457,1,44,166.0,67.0,30.0,116.0,40.9,221.0
7458,0,40,190.0,89.0,2.0,81.0,38.1,6.0
7459,1,28,155.0,53.0,26.0,107.0,40.9,165.0
7460,0,35,200.0,98.0,5.0,93.0,39.4,23.0
7461,1,41,149.0,47.0,9.0,93.0,39.7,46.0
7462,0,27,193.0,88.0,24.0,105.0,40.5,141.0
7463,0,27,213.0,119.0,9.0,87.0,39.9,34.0
7464,1,43,159.0,60.0,6.0,83.0,39.0,24.0
7465,0,20,199.0,92.0,7.0,92.0,39.9,26.0
7466,1,54,153.0,51.0,8.0,87.0,39.5,37.0
7467,1,71,164.0,68.0,24.0,100.0,40.8,147.0
7468,0,34,186.0,92.0,27.0,106.0,41.1,174.0
7469,1,30,149.0,52.0,25.0,100.0,40.7,141.0
7470,0,69,194.0,104.0,17.0,101.0,40.2,130.0
7471,1,22,168.0,60.0,10.0,87.0,39.7,40.0
7472,1,72,163.0,63.0,4.0,83.0,39.1,18.0
7473,1,26,152.0,51.0,6.0,93.0,39.3,29.0
7474,0,56,196.0,99.0,27.0,106.0,40.6,207.0
7475,1,55,164.0,60.0,8.0,80.0,39.7,31.0
7476,0,44,183.0,83.0,11.0,96.0,40.1,57.0
7477,0,21,194.0,88.0,27.0,104.0,40.8,147.0
7478,0,35,200.0,99.0,24.0,104.0,40.6,152.0
7479,0,22,188.0,89.0,23.0,101.0,40.8,116.0
7480,1,22,158.0,62.0,28.0,110.0,40.7,180.0
7481,0,71,201.0,103.0,6.0,92.0,39.1,38.0
7482,1,23,167.0,63.0,14.0,96.0,40.5,69.0
7483,0,35,186.0,92.0,24.0,99.0,40.9,130.0
7484,0,21,182.0,87.0,22.0,107.0,40.6,129.0
7485,0,44,187.0,85.0,2.0,80.0,38.0,6.0
7486,1,29,161.0,58.0,2.0,77.0,38.1,6.0
7487,1,44,160.0,67.0,17.0,90.0,40.2,78.0
7488,1,67,169.0,72.0,18.0,103.0,40.7,114.0
7489,1,26,180.0,73.0,14.0,99.0,40.0,72.0
7490,0,51,200.0,96.0,25.0,114.0,40.9,214.0
7491,0,34,202.0,93.0,18.0,96.0,40.8,89.0
7492,0,71,184.0,91.0,14.0,87.0,40.0,75.0
7493,0,29,179.0,79.0,18.0,96.0,40.6,79.0
7494,1,26,168.0,70.0,12.0,94.0,39.9,56.0
7495,1,79,168.0,68.0,24.0,108.0,40.5,171.0
7496,1,79,160.0,55.0,10.0,88.0,39.9,52.0
7497,1,46,175.0,74.0,1.0,77.0,37.9,3.0
7498,1,65,166.0,62.0,11.0,90.0,39.6,55.0
7499,0,27,168.0,71.0,15.0,96.0,40.1,62.0
7500,1,53,172.0,73.0,6.0,75.0,39.5,18.0
7501,0,41,200.0,104.0,9.0,89.0,39.5,40.0
7502,1,34,156.0,57.0,23.0,100.0,40.5,130.0
7503,1,68,172.0,72.0,10.0,89.0,40.2,49.0
7504,0,44,195.0,90.0,6.0,82.0,38.9,20.0
7505,1,29,183.0,75.0,20.0,98.0,40.5,102.0
7506,0,31,189.0,88.0,27.0,110.0,40.6,184.0
7507,0,54,176.0,80.0,20.0,95.0,39.7,110.0
7508,1,27,160.0,58.0,8.0,86.0,39.5,32.0
7509,0,38,174.0,80.0,5.0,86.0,39.0,17.0
7510,1,42,157.0,55.0,14.0,91.0,40.6,68.0
7511,0,70,189.0,90.0,14.0,95.0,40.1,91.0
7512,1,45,153.0,56.0,23.0,98.0,40.3,129.0
7513,1,20,149.0,51.0,23.0,100.0,40.7,126.0
7514,0,54,180.0,79.0,19.0,105.0,40.3,132.0
7515,1,20,159.0,55.0,11.0,95.0,40.1,54.0
7516,1,27,159.0,58.0,8.0,89.0,39.8,35.0
7517,1,27,148.0,49.0,8.0,88.0,39.6,35.0
7518,0,54,196.0,105.0,16.0,85.0,40.5,72.0
7519,1,27,157.0,54.0,17.0,96.0,40.2,87.0
7520,1,31,170.0,70.0,30.0,100.0,41.0,162.0
7521,1,29,162.0,61.0,24.0,101.0,40.6,134.0
7522,0,72,172.0,77.0,9.0,89.0,39.6,48.0
7523,1,39,164.0,65.0,5.0,84.0,39.2,19.0
7524,0,37,192.0,95.0,21.0,98.0,40.7,114.0
7525,1,31,180.0,73.0,13.0,99.0,40.1,68.0
7526,0,20,181.0,77.0,18.0,94.0,40.2,65.0
7527,1,55,159.0,63.0,6.0,85.0,39.2,26.0
7528,0,24,186.0,90.0,13.0,97.0,39.7,59.0
7529,1,46,161.0,59.0,14.0,101.0,40.2,83.0
7530,1,21,173.0,68.0,29.0,112.0,40.7,189.0
7531,1,31,170.0,64.0,2.0,77.0,38.1,6.0
7532,0,36,175.0,70.0,24.0,104.0,40.3,138.0
7533,0,35,167.0,76.0,7.0,92.0,39.6,28.0
7534,1,71,176.0,71.0,7.0,87.0,39.4,33.0
7535,0,25,179.0,77.0,29.0,114.0,41.1,200.0
7536,1,68,162.0,63.0,9.0,93.0,39.5,49.0
7537,1,24,164.0,60.0,17.0,95.0,40.3,83.0
7538,0,50,208.0,112.0,18.0,90.0,40.0,94.0
7539,0,24,179.0,79.0,4.0,76.0,38.8,5.0
7540,0,39,164.0,73.0,22.0,97.0,40.5,108.0
7541,1,42,161.0,64.0,2.0,85.0,38.2,8.0
7542,1,44,176.0,71.0,3.0,85.0,38.7,12.0
7543,0,21,181.0,77.0,2.0,84.0,38.4,4.0
7544,0,71,186.0,90.0,20.0,105.0,40.4,161.0
7545,0,35,188.0,86.0,25.0,101.0,40.7,140.0
7546,1,35,164.0,65.0,3.0,74.0,38.6,8.0
7547,1,55,177.0,75.0,9.0,95.0,39.6,47.0
7548,1,57,154.0,59.0,1.0,90.0,37.9,5.0
7549,0,30,187.0,88.0,10.0,94.0,40.2,44.0
7550,0,49,188.0,85.0,22.0,106.0,40.8,154.0
7551,0,50,191.0,95.0,11.0,94.0,39.9,60.0
7552,1,30,163.0,58.0,22.0,109.0,40.5,143.0
7553,1,34,163.0,59.0,26.0,101.0,40.7,148.0
7554,1,28,152.0,54.0,21.0,104.0,40.7,126.0
7555,0,27,190.0,95.0,19.0,101.0,40.6,103.0
7556,1,35,160.0,61.0,11.0,98.0,40.3,59.0
7557,1,43,139.0,45.0,12.0,90.0,40.0,59.0
7558,1,22,173.0,62.0,6.0,85.0,39.5,22.0
7559,0,59,189.0,90.0,20.0,94.0,40.7,116.0
7560,1,38,157.0,57.0,1.0,82.0,37.9,4.0
7561,1,20,170.0,67.0,4.0,91.0,39.0,17.0
7562,1,57,172.0,68.0,19.0,104.0,40.4,120.0
7563,1,26,177.0,68.0,10.0,88.0,40.0,41.0
7564,0,25,170.0,74.0,4.0,90.0,39.2,13.0
7565,1,53,165.0,70.0,21.0,89.0,40.4,97.0
7566,0,68,205.0,106.0,23.0,107.0,40.5,196.0
7567,1,25,190.0,85.0,13.0,82.0,39.9,41.0
7568,1,38,162.0,62.0,20.0,94.0,40.3,100.0
7569,0,38,176.0,77.0,2.0,80.0,38.6,5.0
7570,1,57,171.0,76.0,15.0,97.0,40.3,82.0
7571,1,43,159.0,65.0,27.0,106.0,41.1,171.0
7572,0,57,184.0,91.0,7.0,95.0,39.2,41.0
7573,0,42,183.0,82.0,15.0,98.0,40.4,81.0
7574,1,55,162.0,63.0,25.0,103.0,40.7,156.0
7575,1,25,185.0,74.0,8.0,90.0,39.2,33.0
7576,0,35,198.0,99.0,4.0,92.0,38.8,18.0
7577,0,69,187.0,93.0,11.0,99.0,40.2,78.0
7578,0,32,179.0,81.0,26.0,97.0,40.5,123.0
7579,0,25,174.0,71.0,20.0,103.0,40.3,102.0
7580,0,52,179.0,87.0,21.0,100.0,40.4,132.0
7581,0,32,166.0,72.0,2.0,82.0,38.4,5.0
7582,0,60,183.0,85.0,8.0,84.0,39.6,34.0
7583,0,43,193.0,96.0,26.0,110.0,40.9,197.0
7584,1,21,178.0,71.0,7.0,89.0,39.8,28.0
7585,0,40,170.0,76.0,18.0,100.0,40.4,99.0
7586,0,66,174.0,81.0,26.0,108.0,40.6,209.0
7587,0,73,186.0,89.0,5.0,85.0,39.1,25.0
7588,0,59,194.0,92.0,19.0,103.0,40.4,137.0
7589,1,66,153.0,55.0,13.0,90.0,40.0,67.0
7590,0,75,169.0,72.0,16.0,98.0,40.0,108.0
7591,0,28,184.0,79.0,16.0,93.0,40.1,63.0
7592,0,61,189.0,88.0,17.0,105.0,40.3,128.0
7593,0,61,196.0,97.0,16.0,97.0,40.5,104.0
7594,1,48,146.0,52.0,14.0,92.0,39.9,71.0
7595,1,44,172.0,69.0,19.0,102.0,40.8,111.0
7596,1,65,166.0,61.0,16.0,87.0,40.6,76.0
7597,0,69,184.0,88.0,15.0,99.0,39.9,105.0
7598,1,36,178.0,78.0,27.0,95.0,40.9,131.0
7599,1,29,147.0,50.0,17.0,96.0,40.2,89.0
7600,0,20,178.0,77.0,12.0,96.0,40.0,47.0
7601,1,59,145.0,50.0,11.0,95.0,40.1,62.0
7602,1,30,183.0,81.0,10.0,90.0,39.5,42.0
7603,1,20,167.0,59.0,13.0,95.0,39.9,63.0
7604,1,50,145.0,50.0,18.0,100.0,40.6,108.0
7605,1,79,153.0,54.0,4.0,80.0,39.2,17.0
7606,1,24,167.0,63.0,26.0,107.0,40.8,159.0
7607,1,56,160.0,60.0,5.0,89.0,39.0,24.0
7608,0,47,177.0,81.0,6.0,89.0,39.6,26.0
7609,0,23,176.0,77.0,9.0,82.0,40.0,18.0
7610,0,27,174.0,82.0,11.0,90.0,39.6,38.0
7611,0,20,168.0,73.0,6.0,89.0,39.4,17.0
7612,1,59,193.0,93.0,7.0,94.0,39.3,35.0
7613,0,35,167.0,68.0,12.0,95.0,39.8,52.0
7614,1,30,179.0,70.0,2.0,72.0,38.3,5.0
7615,1,31,165.0,62.0,13.0,96.0,40.0,66.0
7616,1,33,170.0,71.0,11.0,95.0,40.0,54.0
7617,0,73,175.0,79.0,6.0,86.0,39.4,30.0
7618,1,47,158.0,57.0,2.0,79.0,38.3,7.0
7619,1,31,145.0,49.0,20.0,101.0,40.5,116.0
7620,1,69,161.0,60.0,12.0,95.0,40.2,68.0
7621,1,54,181.0,81.0,19.0,95.0,40.4,97.0
7622,0,49,181.0,78.0,1.0,80.0,37.8,3.0
7623,1,28,171.0,69.0,2.0,75.0,37.8,5.0
7624,0,29,196.0,100.0,24.0,106.0,40.6,153.0
7625,0,70,184.0,93.0,7.0,86.0,39.2,36.0
7626,1,46,164.0,62.0,13.0,94.0,39.9,67.0
7627,1,61,167.0,63.0,10.0,93.0,39.9,53.0
7628,1,24,180.0,75.0,20.0,105.0,40.3,115.0
7629,0,62,186.0,91.0,27.0,104.0,40.2,202.0
7630,1,33,187.0,80.0,6.0,90.0,39.0,25.0
7631,0,51,177.0,85.0,10.0,87.0,39.8,42.0
7632,0,44,169.0,77.0,16.0,91.0,40.2,69.0
7633,0,32,194.0,100.0,29.0,99.0,41.2,158.0
7634,1,25,166.0,69.0,9.0,95.0,39.5,43.0
7635,0,30,190.0,85.0,3.0,90.0,38.7,11.0
7636,1,26,161.0,51.0,28.0,109.0,41.0,183.0
7637,0,28,188.0,83.0,24.0,102.0,40.8,129.0
7638,1,42,164.0,63.0,4.0,88.0,38.6,18.0
7639,1,43,158.0,63.0,12.0,93.0,40.0,60.0
7640,1,25,164.0,63.0,6.0,81.0,39.0,20.0
7641,0,55,183.0,88.0,3.0,79.0,38.6,10.0
7642,0,22,194.0,93.0,8.0,90.0,39.6,28.0
7643,1,47,152.0,54.0,17.0,104.0,40.3,108.0
7644,0,49,189.0,96.0,3.0,86.0,39.0,13.0
7645,0,22,194.0,93.0,1.0,87.0,37.9,3.0
7646,0,31,178.0,76.0,14.0,93.0,40.3,56.0
7647,0,27,189.0,95.0,15.0,91.0,40.0,59.0
7648,1,66,147.0,50.0,2.0,76.0,38.0,7.0
7649,0,76,189.0,91.0,6.0,93.0,39.7,39.0
7650,1,25,185.0,79.0,27.0,90.0,40.7,111.0
7651,1,21,160.0,55.0,3.0,81.0,38.7,10.0
7652,0,20,187.0,85.0,12.0,81.0,40.1,22.0
7653,0,25,174.0,80.0,29.0,109.0,41.3,180.0
7654,1,36,152.0,48.0,5.0,84.0,39.4,20.0
7655,1,35,153.0,57.0,29.0,114.0,40.8,207.0
7656,0,24,193.0,84.0,21.0,100.0,40.1,103.0
7657,0,31,178.0,86.0,21.0,110.0,40.7,142.0
7658,1,36,156.0,57.0,13.0,98.0,40.3,71.0
7659,1,24,161.0,61.0,12.0,104.0,40.2,70.0
7660,0,41,185.0,86.0,22.0,104.0,40.5,140.0
7661,0,26,200.0,104.0,16.0,89.0,40.5,60.0
7662,0,42,198.0,101.0,7.0,82.0,39.5,24.0
7663,1,38,153.0,51.0,28.0,105.0,41.1,177.0
7664,0,29,197.0,94.0,17.0,105.0,40.3,104.0
7665,1,40,154.0,57.0,23.0,103.0,40.5,139.0
7666,1,27,134.0,38.0,22.0,103.0,40.7,134.0
7667,1,32,154.0,54.0,16.0,94.0,40.5,80.0
7668,0,66,190.0,97.0,15.0,96.0,39.9,99.0
7669,1,52,181.0,76.0,18.0,96.0,40.3,95.0
7670,0,67,195.0,107.0,17.0,105.0,40.3,139.0
7671,1,26,155.0,56.0,22.0,96.0,40.7,112.0
7672,0,73,185.0,83.0,1.0,76.0,37.7,4.0
7673,1,20,176.0,68.0,3.0,90.0,38.5,12.0
7674,1,59,149.0,55.0,2.0,77.0,38.3,7.0
7675,1,68,152.0,51.0,23.0,107.0,40.6,162.0
7676,1,21,172.0,65.0,4.0,79.0,38.8,12.0
7677,0,48,179.0,81.0,19.0,101.0,40.9,116.0
7678,1,45,156.0,54.0,8.0,97.0,39.4,44.0
7679,1,22,159.0,55.0,4.0,86.0,38.8,16.0
7680,1,33,150.0,48.0,15.0,89.0,40.4,68.0
7681,0,32,188.0,87.0,7.0,87.0,39.3,24.0
7682,0,42,175.0,78.0,25.0,111.0,40.9,182.0
7683,0,40,169.0,74.0,4.0,87.0,38.9,14.0
7684,1,51,149.0,48.0,28.0,107.0,40.9,191.0
7685,1,26,176.0,63.0,17.0,92.0,40.5,77.0
7686,1,78,149.0,54.0,21.0,103.0,40.5,142.0
7687,0,22,186.0,82.0,14.0,89.0,40.2,43.0
7688,0,56,192.0,91.0,24.0,101.0,40.8,161.0
7689,1,36,151.0,50.0,23.0,96.0,40.7,123.0
7690,0,32,181.0,84.0,17.0,101.0,40.0,92.0
7691,0,55,185.0,92.0,6.0,78.0,39.3,19.0
7692,0,20,196.0,102.0,2.0,81.0,38.0,4.0
7693,0,52,185.0,92.0,7.0,94.0,39.5,38.0
7694,0,20,191.0,90.0,16.0,88.0,40.1,48.0
7695,0,50,181.0,83.0,19.0,98.0,40.4,110.0
7696,0,39,185.0,87.0,7.0,88.0,39.7,27.0
7697,0,70,198.0,108.0,9.0,85.0,39.8,48.0
7698,1,36,167.0,69.0,12.0,95.0,39.8,60.0
7699,0,40,196.0,98.0,15.0,93.0,40.3,73.0
7700,0,78,186.0,95.0,15.0,90.0,40.2,93.0
7701,0,45,192.0,95.0,17.0,94.0,40.3,89.0
7702,0,65,186.0,86.0,21.0,110.0,40.6,177.0
7703,0,79,199.0,106.0,28.0,104.0,41.2,241.0
7704,1,33,169.0,64.0,3.0,83.0,38.7,11.0
7705,0,32,176.0,76.0,27.0,108.0,40.8,170.0
7706,1,32,146.0,51.0,13.0,86.0,39.9,54.0
7707,1,42,157.0,56.0,25.0,106.0,40.8,161.0
7708,0,61,194.0,92.0,24.0,99.0,40.9,160.0
7709,1,72,165.0,68.0,5.0,84.0,39.0,22.0
7710,1,75,172.0,75.0,8.0,86.0,39.2,37.0
7711,1,42,154.0,58.0,30.0,112.0,40.7,211.0
7712,0,32,169.0,77.0,27.0,99.0,41.2,134.0
7713,0,66,183.0,84.0,29.0,108.0,40.9,235.0
7714,0,26,155.0,61.0,23.0,105.0,40.6,120.0
7715,0,53,185.0,91.0,27.0,98.0,40.8,165.0
7716,0,34,184.0,84.0,30.0,103.0,40.7,174.0
7717,0,73,183.0,88.0,25.0,99.0,40.6,179.0
7718,1,22,176.0,74.0,8.0,88.0,39.5,31.0
7719,0,74,181.0,79.0,26.0,98.0,40.8,179.0
7720,1,74,170.0,73.0,10.0,86.0,40.0,46.0
7721,1,26,167.0,63.0,24.0,99.0,40.9,127.0
7722,1,44,151.0,52.0,2.0,79.0,38.1,7.0
7723,0,40,177.0,83.0,22.0,99.0,40.5,121.0
7724,0,44,191.0,85.0,17.0,97.0,40.5,92.0
7725,0,50,184.0,84.0,14.0,96.0,40.4,77.0
7726,0,20,199.0,98.0,30.0,104.0,41.0,168.0
7727,1,21,167.0,63.0,29.0,115.0,41.0,201.0
7728,1,25,167.0,60.0,5.0,88.0,39.0,21.0
7729,0,26,190.0,93.0,3.0,77.0,38.4,5.0
7730,0,30,207.0,108.0,13.0,84.0,40.1,43.0
7731,1,29,164.0,61.0,6.0,92.0,39.0,28.0
7732,0,50,183.0,82.0,27.0,110.0,40.8,205.0
7733,1,73,163.0,58.0,6.0,89.0,39.1,31.0
7734,0,59,171.0,83.0,27.0,102.0,41.0,185.0
7735,0,20,197.0,90.0,24.0,99.0,40.5,112.0
7736,0,66,198.0,96.0,6.0,86.0,39.1,30.0
7737,1,23,168.0,69.0,2.0,83.0,37.5,7.0
7738,0,70,194.0,91.0,28.0,103.0,40.8,216.0
7739,1,75,158.0,64.0,13.0,86.0,40.0,62.0
7740,1,26,160.0,56.0,27.0,105.0,41.0,163.0
7741,1,49,166.0,63.0,8.0,95.0,39.4,42.0
7742,0,20,173.0,72.0,4.0,80.0,38.6,6.0
7743,1,72,154.0,59.0,5.0,84.0,39.4,23.0
7744,1,47,172.0,66.0,20.0,103.0,40.7,121.0
7745,0,30,178.0,83.0,27.0,110.0,40.6,180.0
7746,1,45,160.0,60.0,16.0,99.0,40.4,91.0
7747,0,38,201.0,104.0,21.0,101.0,40.6,129.0
7748,1,62,186.0,86.0,22.0,102.0,40.1,131.0
7749,0,60,185.0,84.0,17.0,99.0,40.5,110.0
7750,0,51,199.0,104.0,25.0,104.0,40.3,180.0
7751,0,44,186.0,86.0,26.0,100.0,40.5,153.0
7752,1,68,170.0,73.0,6.0,93.0,39.3,32.0
7753,0,73,170.0,77.0,8.0,85.0,39.6,39.0
7754,1,58,151.0,55.0,24.0,104.0,40.3,156.0
7755,1,23,145.0,48.0,8.0,90.0,39.7,36.0
7756,0,20,178.0,81.0,25.0,103.0,40.7,127.0
7757,1,21,138.0,44.0,13.0,97.0,40.0,68.0
7758,0,79,195.0,106.0,15.0,91.0,40.0,100.0
7759,1,60,162.0,60.0,24.0,98.0,40.7,140.0
7760,1,75,171.0,68.0,22.0,94.0,40.8,122.0
7761,1,38,158.0,63.0,21.0,103.0,40.6,125.0
7762,1,20,164.0,63.0,22.0,113.0,40.5,147.0
7763,1,59,156.0,58.0,19.0,91.0,40.3,97.0
7764,0,20,179.0,85.0,5.0,80.0,39.3,8.0
7765,0,22,191.0,88.0,10.0,90.0,39.7,34.0
7766,0,53,183.0,86.0,12.0,91.0,40.1,60.0
7767,1,25,178.0,71.0,5.0,94.0,39.2,23.0
7768,0,66,181.0,88.0,28.0,104.0,41.0,213.0
7769,1,50,159.0,56.0,26.0,110.0,40.9,182.0
7770,0,27,182.0,79.0,3.0,89.0,38.9,10.0
7771,1,62,171.0,71.0,9.0,90.0,39.6,44.0
7772,0,26,184.0,83.0,23.0,107.0,40.5,138.0
7773,0,21,199.0,100.0,21.0,98.0,40.6,100.0
7774,0,24,169.0,77.0,18.0,105.0,39.9,99.0
7775,0,30,182.0,82.0,11.0,85.0,39.6,32.0
7776,0,67,192.0,101.0,25.0,102.0,40.8,191.0
7777,0,32,198.0,99.0,24.0,107.0,40.4,160.0
7778,0,62,209.0,110.0,8.0,87.0,39.4,43.0
7779,1,31,175.0,73.0,10.0,87.0,39.3,40.0
7780,0,61,190.0,90.0,7.0,85.0,39.6,32.0
7781,1,21,182.0,72.0,6.0,87.0,39.0,23.0
7782,1,26,164.0,57.0,27.0,107.0,40.8,168.0
7783,0,22,193.0,93.0,9.0,98.0,39.7,42.0
7784,1,62,174.0,70.0,10.0,97.0,39.6,56.0
7785,1,76,170.0,73.0,3.0,74.0,38.1,10.0
7786,1,58,162.0,62.0,25.0,103.0,40.9,158.0
7787,1,61,171.0,72.0,6.0,80.0,39.2,23.0
7788,0,24,167.0,66.0,13.0,87.0,40.2,33.0
7789,0,22,165.0,68.0,18.0,94.0,40.1,64.0
7790,0,60,193.0,96.0,11.0,90.0,39.3,59.0
7791,1,47,176.0,79.0,7.0,86.0,39.5,28.0
7792,1,52,151.0,58.0,16.0,93.0,40.1,83.0
7793,0,32,193.0,86.0,29.0,112.0,40.8,206.0
7794,1,41,159.0,60.0,20.0,108.0,40.5,131.0
7795,0,65,187.0,85.0,23.0,101.0,40.6,162.0
7796,0,44,175.0,79.0,23.0,103.0,40.7,142.0
7797,1,25,182.0,80.0,26.0,110.0,40.8,162.0
7798,1,24,161.0,59.0,8.0,97.0,39.7,41.0
7799,0,48,184.0,86.0,11.0,95.0,39.9,59.0
7800,0,26,201.0,94.0,3.0,79.0,38.0,6.0
7801,0,42,185.0,85.0,24.0,112.0,40.6,182.0
7802,0,32,185.0,89.0,26.0,101.0,40.3,144.0
7803,1,44,159.0,64.0,12.0,97.0,39.8,65.0
7804,0,59,191.0,91.0,2.0,85.0,38.0,9.0
7805,0,73,170.0,78.0,25.0,101.0,41.4,182.0
7806,0,43,187.0,88.0,8.0,95.0,40.0,41.0
7807,1,64,167.0,67.0,14.0,87.0,40.3,65.0
7808,1,52,164.0,67.0,3.0,87.0,38.4,13.0
7809,0,53,181.0,85.0,10.0,85.0,39.7,40.0
7810,1,22,177.0,73.0,16.0,100.0,40.6,83.0
7811,0,24,172.0,77.0,27.0,105.0,41.0,148.0
7812,1,68,150.0,56.0,16.0,92.0,40.3,86.0
7813,0,29,203.0,106.0,20.0,99.0,40.5,109.0
7814,1,30,158.0,56.0,30.0,117.0,40.6,222.0
7815,1,63,170.0,70.0,20.0,97.0,40.6,113.0
7816,0,29,169.0,70.0,12.0,89.0,40.1,38.0
7817,0,47,187.0,97.0,20.0,90.0,40.4,95.0
7818,1,35,159.0,57.0,25.0,102.0,40.6,147.0
7819,0,32,198.0,100.0,29.0,105.0,40.8,185.0
7820,1,55,144.0,50.0,7.0,82.0,39.4,29.0
7821,0,53,200.0,96.0,23.0,98.0,40.8,143.0
7822,0,76,177.0,82.0,6.0,98.0,39.6,42.0
7823,1,25,177.0,75.0,29.0,105.0,41.3,167.0
7824,0,37,186.0,91.0,9.0,89.0,39.1,36.0
7825,0,56,201.0,100.0,17.0,101.0,40.4,118.0
7826,0,26,202.0,104.0,13.0,103.0,40.0,76.0
7827,0,27,194.0,90.0,7.0,89.0,39.5,24.0
7828,1,25,169.0,65.0,28.0,104.0,40.9,162.0
7829,0,59,188.0,90.0,8.0,86.0,39.8,37.0
7830,0,36,185.0,87.0,20.0,100.0,40.4,110.0
7831,0,71,175.0,76.0,10.0,97.0,39.9,65.0
7832,0,22,181.0,78.0,15.0,87.0,40.3,40.0
7833,1,54,163.0,67.0,2.0,80.0,38.2,7.0
7834,1,63,173.0,71.0,29.0,108.0,40.9,197.0
7835,0,70,176.0,80.0,7.0,82.0,39.5,30.0
7836,1,72,168.0,66.0,26.0,102.0,40.7,166.0
7837,0,42,206.0,113.0,14.0,95.0,40.2,79.0
7838,1,71,164.0,67.0,19.0,94.0,40.2,105.0
7839,1,25,158.0,53.0,21.0,103.0,40.4,123.0
7840,1,45,166.0,61.0,30.0,113.0,41.0,215.0
7841,1,45,157.0,60.0,22.0,106.0,40.9,141.0
7842,1,54,153.0,53.0,25.0,106.0,40.8,167.0
7843,1,21,163.0,60.0,1.0,90.0,37.7,4.0
7844,1,24,159.0,55.0,19.0,94.0,40.7,92.0
7845,0,46,169.0,67.0,11.0,89.0,40.2,43.0
7846,0,72,186.0,85.0,8.0,83.0,39.3,37.0
7847,1,65,169.0,65.0,30.0,105.0,40.8,198.0
7848,1,22,154.0,53.0,28.0,106.0,41.0,171.0
7849,1,67,173.0,69.0,20.0,105.0,40.5,132.0
7850,0,62,189.0,98.0,3.0,89.0,38.3,16.0
7851,0,20,173.0,74.0,25.0,100.0,40.6,112.0
7852,1,38,169.0,70.0,16.0,100.0,39.9,88.0
7853,1,25,175.0,72.0,13.0,94.0,40.2,60.0
7854,0,69,183.0,85.0,26.0,104.0,40.8,200.0
7855,1,71,163.0,66.0,17.0,96.0,40.0,97.0
7856,0,61,179.0,87.0,21.0,106.0,40.6,160.0
7857,1,46,175.0,75.0,16.0,91.0,40.3,74.0
7858,0,42,193.0,96.0,24.0,109.0,40.9,177.0
7859,1,39,163.0,60.0,12.0,91.0,40.2,57.0
7860,1,24,182.0,74.0,7.0,88.0,39.3,28.0
7861,0,63,211.0,113.0,26.0,109.0,40.7,227.0
7862,1,24,169.0,63.0,26.0,104.0,40.8,151.0
7863,1,29,160.0,60.0,26.0,100.0,40.7,143.0
7864,0,68,200.0,102.0,12.0,89.0,39.8,69.0
7865,0,24,193.0,96.0,25.0,105.0,40.8,147.0
7866,0,45,184.0,88.0,15.0,97.0,40.0,83.0
7867,1,29,150.0,54.0,21.0,101.0,40.3,120.0
7868,1,36,158.0,58.0,11.0,89.0,39.8,49.0
7869,0,34,176.0,83.0,22.0,92.0,40.7,91.0
7870,0,41,186.0,87.0,14.0,100.0,40.3,81.0
7871,1,20,169.0,64.0,2.0,83.0,37.9,7.0
7872,1,23,181.0,78.0,13.0,93.0,40.3,57.0
7873,1,40,162.0,60.0,27.0,109.0,40.4,180.0
7874,0,28,185.0,87.0,24.0,95.0,40.5,105.0
7875,0,26,175.0,76.0,12.0,92.0,40.3,43.0
7876,0,49,198.0,105.0,12.0,94.0,40.2,68.0
7877,0,28,190.0,93.0,10.0,84.0,39.6,29.0
7878,1,52,156.0,58.0,16.0,84.0,40.5,68.0
7879,1,34,159.0,60.0,17.0,96.0,40.7,88.0
7880,1,44,169.0,67.0,24.0,88.0,40.9,105.0
7881,1,30,191.0,92.0,25.0,104.0,41.1,138.0
7882,0,21,188.0,80.0,14.0,103.0,40.1,71.0
7883,1,41,166.0,66.0,22.0,93.0,40.9,107.0
7884,1,34,147.0,52.0,27.0,113.0,40.7,191.0
7885,0,29,174.0,76.0,25.0,97.0,40.5,112.0
7886,1,21,155.0,58.0,27.0,103.0,40.7,154.0
7887,1,39,167.0,67.0,15.0,93.0,40.4,73.0
7888,1,29,171.0,68.0,15.0,101.0,40.3,82.0
7889,0,22,203.0,106.0,11.0,98.0,39.5,55.0
7890,1,29,159.0,61.0,13.0,99.0,39.9,70.0
7891,1,27,175.0,68.0,22.0,101.0,40.7,120.0
7892,0,60,173.0,79.0,6.0,92.0,38.8,32.0
7893,0,67,197.0,102.0,8.0,75.0,39.6,29.0
7894,0,55,191.0,95.0,19.0,99.0,40.6,123.0
7895,1,41,153.0,60.0,7.0,85.0,39.3,29.0
7896,1,31,168.0,62.0,4.0,76.0,38.9,12.0
7897,0,50,181.0,86.0,4.0,87.0,38.9,17.0
7898,0,54,191.0,88.0,23.0,113.0,40.2,193.0
7899,0,71,196.0,97.0,23.0,110.0,40.7,206.0
7900,0,76,176.0,81.0,24.0,94.0,40.7,154.0
7901,0,52,194.0,94.0,15.0,92.0,40.1,79.0
7902,0,36,183.0,85.0,20.0,105.0,40.7,125.0
7903,0,24,195.0,97.0,9.0,83.0,39.3,23.0
7904,0,32,180.0,83.0,14.0,99.0,40.1,71.0
7905,0,35,190.0,92.0,27.0,112.0,40.5,200.0
7906,1,32,168.0,67.0,11.0,93.0,39.7,52.0
7907,0,73,186.0,89.0,3.0,86.0,38.6,16.0
7908,0,69,195.0,93.0,3.0,91.0,38.6,18.0
7909,1,26,163.0,65.0,14.0,92.0,40.2,63.0
7910,0,24,190.0,95.0,13.0,93.0,40.2,53.0
7911,1,22,169.0,60.0,22.0,97.0,40.6,111.0
7912,1,32,173.0,66.0,11.0,87.0,39.9,45.0
7913,0,41,174.0,79.0,18.0,102.0,39.9,106.0
7914,1,55,174.0,71.0,22.0,93.0,40.5,111.0
7915,0,65,176.0,85.0,8.0,100.0,39.8,55.0
7916,0,41,188.0,82.0,5.0,84.0,39.0,16.0
7917,0,40,172.0,80.0,11.0,98.0,40.1,58.0
7918,1,24,168.0,61.0,19.0,103.0,40.3,109.0
7919,0,51,182.0,81.0,28.0,106.0,40.9,197.0
7920,0,20,173.0,71.0,13.0,99.0,40.1,55.0
7921,1,70,154.0,59.0,10.0,88.0,40.0,50.0
7922,1,47,184.0,81.0,17.0,102.0,40.1,98.0
7923,0,35,179.0,77.0,27.0,108.0,40.9,175.0
7924,1,67,162.0,62.0,26.0,93.0,40.7,140.0
7925,0,60,199.0,109.0,16.0,96.0,40.2,105.0
7926,0,56,186.0,85.0,5.0,86.0,38.9,22.0
7927,1,37,166.0,60.0,23.0,101.0,40.8,132.0
7928,0,72,179.0,86.0,26.0,100.0,40.7,188.0
7929,0,66,183.0,86.0,15.0,94.0,40.3,91.0
7930,1,20,158.0,58.0,22.0,94.0,40.5,104.0
7931,0,45,211.0,112.0,24.0,108.0,40.8,185.0
7932,1,31,156.0,58.0,16.0,101.0,40.1,91.0
7933,0,38,176.0,85.0,11.0,92.0,39.8,48.0
7934,1,49,166.0,66.0,11.0,89.0,39.6,51.0
7935,1,54,174.0,69.0,7.0,78.0,39.6,24.0
7936,0,49,181.0,79.0,29.0,108.0,40.7,208.0
7937,0,33,193.0,93.0,20.0,101.0,40.6,113.0
7938,0,74,169.0,76.0,9.0,85.0,39.8,44.0
7939,0,22,181.0,79.0,25.0,116.0,40.6,177.0
7940,1,27,172.0,69.0,6.0,73.0,39.4,15.0
7941,1,22,158.0,57.0,26.0,108.0,40.7,163.0
7942,1,36,166.0,68.0,26.0,102.0,40.4,149.0
7943,1,67,166.0,65.0,20.0,103.0,40.6,129.0
7944,0,22,185.0,80.0,28.0,99.0,41.2,127.0
7945,0,71,182.0,91.0,9.0,92.0,39.7,55.0
7946,1,36,173.0,71.0,11.0,86.0,39.7,44.0
7947,0,32,189.0,86.0,20.0,95.0,40.5,91.0
7948,0,43,179.0,82.0,9.0,90.0,39.9,38.0
7949,1,44,149.0,51.0,11.0,86.0,39.9,48.0
7950,1,28,166.0,62.0,22.0,99.0,40.5,118.0
7951,0,65,194.0,98.0,25.0,114.0,40.9,232.0
7952,1,30,163.0,60.0,30.0,112.0,41.2,204.0
7953,0,27,172.0,75.0,2.0,86.0,38.2,5.0
7954,0,52,180.0,82.0,14.0,95.0,40.2,76.0
7955,1,21,164.0,61.0,19.0,95.0,40.3,91.0
7956,1,20,172.0,60.0,20.0,102.0,40.7,111.0
7957,1,41,167.0,61.0,29.0,103.0,41.2,175.0
7958,1,38,171.0,65.0,2.0,82.0,37.8,7.0
7959,1,29,168.0,61.0,14.0,87.0,40.4,57.0
7960,0,29,196.0,103.0,7.0,83.0,39.7,21.0
7961,1,77,158.0,57.0,29.0,108.0,41.0,210.0
7962,0,42,193.0,95.0,21.0,104.0,40.9,138.0
7963,0,42,197.0,100.0,14.0,95.0,40.3,75.0
7964,1,79,150.0,51.0,24.0,110.0,41.0,182.0
7965,1,38,159.0,61.0,7.0,87.0,39.5,30.0
7966,1,50,161.0,61.0,18.0,99.0,40.5,104.0
7967,1,28,155.0,61.0,10.0,90.0,39.7,44.0
7968,0,28,162.0,66.0,4.0,80.0,38.9,7.0
7969,1,74,148.0,50.0,30.0,113.0,40.7,235.0
7970,1,31,163.0,62.0,4.0,88.0,39.1,17.0
7971,1,58,149.0,54.0,24.0,107.0,40.4,164.0
7972,0,44,174.0,76.0,12.0,95.0,40.2,59.0
7973,0,78,197.0,102.0,3.0,79.0,38.5,14.0
7974,1,38,166.0,64.0,12.0,89.0,39.8,53.0
7975,1,46,154.0,55.0,3.0,84.0,38.6,12.0
7976,1,27,182.0,82.0,19.0,100.0,40.3,98.0
7977,1,47,161.0,67.0,25.0,103.0,40.5,151.0
7978,0,46,194.0,97.0,23.0,105.0,40.9,160.0
7979,0,52,191.0,92.0,3.0,90.0,38.3,15.0
7980,0,28,181.0,79.0,13.0,91.0,40.3,47.0
7981,0,49,188.0,91.0,16.0,97.0,40.2,93.0
7982,0,31,193.0,95.0,2.0,86.0,38.6,7.0
7983,1,74,163.0,64.0,25.0,103.0,40.7,164.0
7984,1,61,157.0,59.0,29.0,101.0,40.9,179.0
7985,1,58,174.0,70.0,23.0,102.0,40.5,140.0
7986,1,22,155.0,49.0,23.0,97.0,40.9,120.0
7987,0,22,184.0,89.0,11.0,87.0,40.3,32.0
7988,1,37,167.0,62.0,17.0,102.0,40.4,99.0
7989,0,58,191.0,99.0,16.0,94.0,40.2,95.0
7990,0,66,187.0,93.0,9.0,85.0,40.1,44.0
7991,1,37,166.0,65.0,25.0,101.0,40.7,142.0
7992,1,71,169.0,70.0,11.0,105.0,39.5,73.0
7993,1,26,158.0,63.0,3.0,80.0,38.6,10.0
7994,0,27,164.0,65.0,10.0,88.0,39.7,28.0
7995,1,26,174.0,73.0,21.0,104.0,40.8,120.0
7996,0,33,183.0,87.0,4.0,95.0,39.4,19.0
7997,0,38,190.0,94.0,28.0,118.0,40.7,238.0
7998,1,27,156.0,52.0,7.0,85.0,39.2,28.0
7999,1,74,174.0,74.0,14.0,95.0,40.0,78.0
8000,1,35,162.0,63.0,8.0,83.0,39.5,30.0
8001,1,44,162.0,62.0,8.0,95.0,39.6,42.0
8002,1,20,155.0,56.0,4.0,82.0,39.0,14.0
8003,1,43,172.0,69.0,3.0,84.0,38.8,12.0
8004,0,21,175.0,78.0,2.0,81.0,38.3,3.0
8005,1,33,154.0,58.0,1.0,87.0,37.8,4.0
8006,1,67,167.0,70.0,21.0,104.0,40.7,136.0
8007,0,38,182.0,80.0,27.0,114.0,40.6,205.0
8008,1,25,163.0,57.0,9.0,84.0,40.0,34.0
8009,0,68,187.0,90.0,11.0,100.0,39.6,78.0
8010,0,25,177.0,76.0,24.0,104.0,40.5,129.0
8011,0,28,177.0,78.0,22.0,110.0,40.8,142.0
8012,1,28,152.0,54.0,8.0,84.0,39.7,31.0
8013,1,22,168.0,66.0,4.0,87.0,38.5,16.0
8014,0,42,188.0,92.0,22.0,99.0,40.6,127.0
8015,1,67,169.0,71.0,24.0,107.0,40.6,163.0
8016,1,25,161.0,62.0,2.0,90.0,38.3,9.0
8017,1,26,175.0,66.0,18.0,100.0,40.5,97.0
8018,1,66,158.0,52.0,25.0,96.0,40.8,146.0
8019,0,28,185.0,86.0,23.0,107.0,40.5,142.0
8020,1,50,174.0,68.0,17.0,93.0,40.2,85.0
8021,1,24,150.0,53.0,4.0,87.0,38.8,16.0
8022,0,71,179.0,81.0,14.0,101.0,40.1,101.0
8023,0,21,204.0,98.0,16.0,94.0,40.1,66.0
8024,0,38,171.0,75.0,26.0,101.0,40.6,143.0
8025,0,20,170.0,71.0,9.0,83.0,39.8,17.0
8026,1,74,164.0,67.0,6.0,84.0,39.4,27.0
8027,0,20,193.0,98.0,22.0,100.0,40.7,110.0
8028,0,79,198.0,96.0,9.0,87.0,39.7,52.0
8029,1,27,169.0,69.0,27.0,116.0,41.1,190.0
8030,1,65,168.0,71.0,4.0,79.0,39.0,15.0
8031,1,21,160.0,56.0,28.0,100.0,40.8,152.0
8032,0,36,201.0,99.0,28.0,106.0,40.8,187.0
8033,1,29,169.0,72.0,15.0,88.0,40.3,61.0
8034,0,47,202.0,106.0,3.0,84.0,38.7,12.0
8035,1,26,159.0,55.0,26.0,104.0,41.0,155.0
8036,1,37,157.0,55.0,19.0,100.0,40.7,109.0
8037,0,21,195.0,100.0,19.0,103.0,40.5,105.0
8038,1,20,176.0,72.0,13.0,90.0,40.2,53.0
8039,1,41,173.0,71.0,25.0,109.0,40.7,163.0
8040,0,71,190.0,88.0,29.0,106.0,40.9,236.0
8041,0,28,193.0,93.0,17.0,94.0,40.4,74.0
8042,0,31,182.0,87.0,27.0,115.0,41.0,204.0
8043,0,46,187.0,83.0,19.0,100.0,40.5,112.0
8044,0,24,188.0,93.0,18.0,99.0,40.3,89.0
8045,0,22,180.0,84.0,28.0,111.0,40.7,180.0
8046,1,27,162.0,64.0,12.0,91.0,39.8,53.0
8047,1,33,159.0,60.0,20.0,94.0,40.5,99.0
8048,0,56,196.0,101.0,9.0,87.0,39.9,43.0
8049,0,26,178.0,74.0,7.0,79.0,39.5,11.0
8050,0,37,194.0,94.0,2.0,83.0,38.1,6.0
8051,0,27,188.0,87.0,14.0,100.0,40.2,71.0
8052,1,68,173.0,68.0,13.0,91.0,39.9,67.0
8053,1,26,157.0,58.0,13.0,92.0,40.1,60.0
8054,0,72,199.0,98.0,28.0,110.0,40.9,252.0
8055,1,39,156.0,53.0,3.0,77.0,38.6,10.0
8056,1,52,154.0,56.0,21.0,105.0,40.3,136.0
8057,1,47,177.0,75.0,15.0,91.0,40.1,70.0
8058,0,54,179.0,79.0,10.0,93.0,39.8,52.0
8059,1,45,165.0,61.0,18.0,96.0,40.2,96.0
8060,0,77,176.0,79.0,2.0,85.0,38.5,10.0
8061,0,76,197.0,102.0,20.0,98.0,40.5,150.0
8062,1,24,168.0,67.0,21.0,100.0,40.4,112.0
8063,0,47,198.0,97.0,7.0,91.0,39.3,34.0
8064,1,70,156.0,62.0,8.0,87.0,39.4,38.0
8065,0,46,185.0,88.0,28.0,112.0,40.7,219.0
8066,0,65,204.0,112.0,25.0,106.0,40.9,209.0
8067,0,38,177.0,79.0,28.0,107.0,41.0,182.0
8068,1,69,170.0,71.0,25.0,99.0,40.7,149.0
8069,1,23,168.0,63.0,25.0,101.0,40.6,137.0
8070,0,68,179.0,88.0,19.0,97.0,41.0,126.0
8071,1,58,175.0,74.0,8.0,80.0,39.8,29.0
8072,0,42,182.0,82.0,19.0,103.0,40.2,117.0
8073,1,44,148.0,53.0,8.0,87.0,39.8,36.0
8074,1,42,164.0,64.0,6.0,83.0,39.1,23.0
8075,1,32,160.0,63.0,4.0,82.0,38.6,14.0
8076,0,44,205.0,100.0,8.0,85.0,39.5,31.0
8077,1,38,164.0,61.0,23.0,101.0,40.7,132.0
8078,1,33,149.0,52.0,27.0,109.0,40.7,179.0
8079,1,22,164.0,65.0,30.0,98.0,41.1,153.0
8080,0,25,195.0,98.0,11.0,89.0,39.9,39.0
8081,0,68,167.0,71.0,23.0,100.0,40.7,155.0
8082,1,28,170.0,71.0,18.0,102.0,40.2,100.0
8083,0,62,165.0,71.0,7.0,93.0,39.4,38.0
8084,1,76,176.0,77.0,28.0,107.0,40.6,192.0
8085,1,40,164.0,64.0,15.0,93.0,40.3,73.0
8086,1,42,152.0,60.0,16.0,94.0,40.2,81.0
8087,1,22,155.0,56.0,24.0,109.0,40.8,153.0
8088,1,30,164.0,61.0,4.0,86.0,39.0,16.0
8089,1,42,156.0,53.0,11.0,87.0,39.7,49.0
8090,0,30,178.0,86.0,4.0,85.0,38.8,12.0
8091,0,74,173.0,80.0,14.0,90.0,40.0,80.0
8092,1,28,173.0,65.0,10.0,96.0,40.0,50.0
8093,0,49,171.0,71.0,11.0,98.0,40.2,61.0
8094,0,43,189.0,87.0,22.0,106.0,40.5,149.0
8095,1,36,182.0,83.0,27.0,105.0,40.8,158.0
8096,0,42,177.0,77.0,14.0,99.0,40.3,76.0
8097,1,51,168.0,60.0,30.0,111.0,41.3,212.0
8098,1,62,164.0,63.0,20.0,93.0,40.4,106.0
8099,0,22,187.0,85.0,26.0,112.0,40.9,172.0
8100,1,44,152.0,55.0,11.0,91.0,39.7,54.0
8101,0,45,185.0,85.0,4.0,94.0,39.1,20.0
8102,1,42,173.0,72.0,28.0,111.0,41.0,189.0
8103,1,69,147.0,49.0,11.0,102.0,39.8,72.0
8104,0,23,174.0,75.0,28.0,110.0,40.7,172.0
8105,1,43,179.0,74.0,23.0,97.0,40.5,120.0
8106,1,38,178.0,68.0,12.0,97.0,40.0,63.0
8107,1,71,166.0,58.0,20.0,99.0,40.9,123.0
8108,1,26,163.0,61.0,11.0,85.0,39.9,42.0
8109,0,60,194.0,99.0,22.0,98.0,40.6,146.0
8110,0,48,197.0,95.0,27.0,104.0,40.6,186.0
8111,1,31,168.0,68.0,27.0,103.0,40.8,155.0
8112,0,33,181.0,81.0,28.0,106.0,41.1,172.0
8113,1,50,155.0,58.0,24.0,104.0,40.6,152.0
8114,0,24,179.0,82.0,24.0,100.0,40.5,116.0
8115,1,25,152.0,56.0,9.0,90.0,39.5,40.0
8116,1,47,148.0,55.0,3.0,79.0,39.0,11.0
8117,1,37,166.0,64.0,28.0,102.0,41.2,162.0
8118,0,30,193.0,95.0,26.0,115.0,40.9,199.0
8119,1,36,160.0,57.0,7.0,93.0,39.2,34.0
8120,1,59,164.0,64.0,18.0,100.0,39.9,108.0
8121,1,28,160.0,60.0,16.0,94.0,40.0,77.0
8122,1,24,164.0,65.0,6.0,85.0,39.2,22.0
8123,1,43,145.0,55.0,3.0,83.0,38.4,12.0
8124,0,24,177.0,83.0,4.0,83.0,39.3,9.0
8125,0,71,189.0,90.0,7.0,93.0,39.7,44.0
8126,0,52,183.0,89.0,4.0,72.0,38.8,8.0
8127,0,44,183.0,85.0,17.0,109.0,40.3,123.0
8128,1,49,161.0,55.0,18.0,97.0,40.1,101.0
8129,1,73,185.0,88.0,14.0,87.0,39.9,63.0
8130,0,36,149.0,58.0,6.0,93.0,39.2,23.0
8131,0,57,189.0,91.0,19.0,106.0,40.1,143.0
8132,1,40,181.0,74.0,23.0,98.0,40.8,122.0
8133,0,24,184.0,93.0,19.0,88.0,40.2,62.0
8134,0,62,190.0,95.0,11.0,93.0,40.1,65.0
8135,0,31,167.0,67.0,21.0,100.0,40.4,102.0
8136,0,36,193.0,92.0,19.0,92.0,40.5,84.0
8137,0,21,191.0,89.0,9.0,85.0,39.5,23.0
8138,0,31,192.0,93.0,30.0,117.0,40.7,239.0
8139,1,46,170.0,69.0,26.0,103.0,40.6,156.0
8140,0,28,187.0,84.0,24.0,105.0,40.9,140.0
8141,0,64,184.0,93.0,19.0,108.0,40.4,156.0
8142,0,37,169.0,69.0,9.0,94.0,39.5,39.0
8143,1,53,168.0,69.0,11.0,89.0,40.0,51.0
8144,1,21,166.0,59.0,29.0,106.0,40.7,174.0
8145,0,29,174.0,73.0,20.0,107.0,40.7,119.0
8146,1,31,152.0,54.0,16.0,92.0,39.8,76.0
8147,1,42,156.0,60.0,20.0,91.0,40.3,95.0
8148,1,41,161.0,61.0,11.0,84.0,39.9,44.0
8149,1,20,154.0,55.0,13.0,88.0,40.2,54.0
8150,1,29,171.0,71.0,9.0,89.0,40.0,38.0
8151,1,66,167.0,61.0,23.0,106.0,40.8,156.0
8152,1,37,174.0,71.0,7.0,86.0,39.9,28.0
8153,1,26,163.0,61.0,13.0,103.0,40.3,75.0
8154,0,68,190.0,90.0,6.0,84.0,39.3,28.0
8155,1,31,166.0,65.0,5.0,90.0,39.4,22.0
8156,0,21,196.0,96.0,26.0,107.0,40.6,157.0
8157,0,37,185.0,83.0,26.0,106.0,41.0,166.0
8158,0,43,185.0,85.0,14.0,96.0,40.2,73.0
8159,0,79,184.0,87.0,5.0,87.0,39.1,28.0
8160,0,45,191.0,92.0,23.0,107.0,40.5,164.0
8161,0,29,189.0,85.0,22.0,102.0,40.5,120.0
8162,0,36,190.0,94.0,26.0,109.0,40.6,183.0
8163,1,22,144.0,46.0,22.0,99.0,40.7,120.0
8164,1,43,162.0,64.0,6.0,87.0,39.5,26.0
8165,1,40,149.0,54.0,20.0,104.0,40.3,124.0
8166,0,26,194.0,93.0,22.0,101.0,40.6,117.0
8167,0,60,195.0,89.0,24.0,108.0,40.4,190.0
8168,0,24,199.0,103.0,14.0,87.0,39.9,47.0
8169,0,59,198.0,107.0,23.0,106.0,40.5,183.0
8170,0,55,159.0,61.0,17.0,103.0,40.7,108.0
8171,0,37,187.0,88.0,4.0,78.0,39.1,9.0
8172,0,22,195.0,91.0,6.0,81.0,39.4,12.0
8173,1,67,188.0,83.0,18.0,94.0,40.7,94.0
8174,0,64,198.0,103.0,28.0,108.0,40.9,236.0
8175,0,35,189.0,86.0,28.0,110.0,40.4,195.0
8176,0,29,196.0,97.0,7.0,85.0,39.3,22.0
8177,0,43,177.0,73.0,29.0,115.0,40.6,227.0
8178,1,30,176.0,73.0,1.0,89.0,37.7,4.0
8179,1,33,154.0,54.0,16.0,90.0,40.3,73.0
8180,0,67,201.0,96.0,18.0,105.0,40.5,143.0
8181,0,71,183.0,89.0,22.0,109.0,40.8,189.0
8182,0,41,185.0,85.0,2.0,79.0,38.1,5.0
8183,0,21,207.0,102.0,7.0,84.0,39.3,19.0
8184,0,65,175.0,82.0,20.0,98.0,40.6,130.0
8185,1,59,160.0,64.0,13.0,98.0,40.4,75.0
8186,0,21,190.0,96.0,22.0,107.0,40.8,133.0
8187,1,65,177.0,69.0,11.0,96.0,39.9,61.0
8188,0,32,193.0,102.0,17.0,104.0,40.0,106.0
8189,1,21,159.0,62.0,21.0,95.0,40.4,101.0
8190,1,61,159.0,59.0,10.0,82.0,39.9,42.0
8191,0,21,177.0,81.0,20.0,97.0,40.8,84.0
8192,0,27,197.0,100.0,29.0,111.0,40.9,204.0
8193,0,22,196.0,96.0,29.0,102.0,40.8,155.0
8194,0,29,182.0,85.0,25.0,101.0,41.0,132.0
8195,0,74,179.0,85.0,11.0,82.0,39.8,51.0
8196,0,28,192.0,96.0,11.0,84.0,39.9,32.0
8197,1,50,148.0,55.0,24.0,109.0,40.8,166.0
8198,0,20,180.0,84.0,16.0,98.0,40.0,70.0
8199,1,34,169.0,65.0,2.0,87.0,37.8,8.0
8200,1,74,172.0,76.0,21.0,104.0,40.5,137.0
8201,0,43,192.0,94.0,14.0,87.0,40.5,57.0
8202,1,35,172.0,72.0,28.0,106.0,40.8,170.0
8203,0,54,180.0,77.0,25.0,105.0,41.0,173.0
8204,1,77,177.0,75.0,22.0,96.0,40.5,126.0
8205,0,28,181.0,87.0,18.0,91.0,40.6,68.0
8206,0,46,179.0,80.0,25.0,108.0,40.7,177.0
8207,0,25,169.0,69.0,19.0,93.0,40.4,67.0
8208,1,29,164.0,67.0,18.0,95.0,40.3,88.0
8209,1,37,153.0,55.0,12.0,85.0,39.8,49.0
8210,1,32,170.0,68.0,1.0,76.0,37.7,3.0
8211,0,28,184.0,84.0,16.0,98.0,40.1,76.0
8212,1,52,151.0,52.0,16.0,99.0,40.4,95.0
8213,0,61,169.0,75.0,24.0,106.0,41.1,177.0
8214,0,68,171.0,80.0,22.0,95.0,40.5,136.0
8215,0,73,191.0,95.0,8.0,87.0,39.8,44.0
8216,0,21,193.0,90.0,24.0,100.0,40.9,117.0
8217,0,28,175.0,72.0,11.0,91.0,39.8,38.0
8218,0,77,201.0,101.0,24.0,109.0,40.8,220.0
8219,0,30,182.0,79.0,13.0,101.0,40.2,68.0
8220,1,40,163.0,63.0,4.0,81.0,38.9,14.0
8221,1,33,153.0,60.0,8.0,84.0,39.4,31.0
8222,1,34,173.0,67.0,14.0,94.0,40.2,68.0
8223,1,48,171.0,71.0,30.0,110.0,40.7,203.0
8224,0,37,181.0,88.0,22.0,97.0,40.8,113.0
8225,0,34,185.0,88.0,14.0,94.0,40.1,64.0
8226,1,32,165.0,66.0,3.0,75.0,38.5,8.0
8227,1,63,150.0,54.0,15.0,99.0,40.0,91.0
8228,0,30,194.0,97.0,16.0,97.0,40.2,80.0
8229,1,26,173.0,68.0,25.0,98.0,40.6,128.0
8230,0,23,195.0,87.0,9.0,93.0,39.7,35.0
8231,1,66,145.0,52.0,24.0,110.0,40.5,176.0
8232,0,70,172.0,77.0,12.0,99.0,40.1,82.0
8233,0,38,188.0,93.0,28.0,104.0,40.9,178.0
8234,1,46,162.0,68.0,5.0,92.0,38.8,24.0
8235,0,42,180.0,83.0,28.0,114.0,40.8,219.0
8236,1,65,177.0,77.0,3.0,80.0,38.6,11.0
8237,0,26,178.0,76.0,25.0,103.0,40.5,131.0
8238,1,29,150.0,49.0,4.0,73.0,39.3,11.0
8239,0,29,173.0,78.0,17.0,104.0,40.2,95.0
8240,0,35,189.0,91.0,22.0,104.0,40.5,136.0
8241,0,50,172.0,77.0,21.0,100.0,40.4,126.0
8242,1,67,151.0,59.0,27.0,105.0,40.8,181.0
8243,1,73,162.0,60.0,9.0,91.0,39.8,48.0
8244,1,46,164.0,62.0,26.0,103.0,41.1,158.0
8245,0,29,182.0,82.0,13.0,91.0,40.2,48.0
8246,0,25,187.0,80.0,21.0,106.0,40.5,121.0
8247,0,67,177.0,79.0,28.0,104.0,40.8,209.0
8248,0,64,163.0,63.0,6.0,89.0,39.0,28.0
8249,0,35,186.0,84.0,24.0,108.0,40.7,159.0
8250,0,44,176.0,77.0,9.0,80.0,40.0,24.0
8251,1,53,165.0,67.0,21.0,104.0,40.8,131.0
8252,1,25,169.0,68.0,11.0,96.0,40.1,54.0
8253,0,27,189.0,94.0,30.0,115.0,40.7,225.0
8254,1,30,146.0,47.0,15.0,96.0,39.8,79.0
8255,1,43,179.0,75.0,18.0,98.0,40.5,96.0
8256,1,65,173.0,67.0,25.0,108.0,40.4,172.0
8257,0,54,160.0,62.0,26.0,97.0,40.6,140.0
8258,0,20,206.0,95.0,17.0,86.0,40.5,48.0
8259,0,72,197.0,102.0,25.0,106.0,40.9,212.0
8260,0,46,198.0,95.0,12.0,95.0,39.9,65.0
8261,0,31,182.0,85.0,10.0,83.0,39.5,27.0
8262,1,28,163.0,60.0,7.0,93.0,39.4,33.0
8263,1,61,175.0,74.0,4.0,90.0,38.9,19.0
8264,1,34,161.0,56.0,18.0,102.0,40.6,105.0
8265,0,31,191.0,100.0,23.0,100.0,41.0,128.0
8266,0,27,196.0,100.0,20.0,92.0,40.4,83.0
8267,0,37,177.0,83.0,18.0,98.0,40.4,93.0
8268,1,70,174.0,72.0,16.0,85.0,40.6,71.0
8269,0,44,191.0,92.0,15.0,92.0,40.1,72.0
8270,1,50,177.0,70.0,22.0,106.0,40.9,140.0
8271,1,52,165.0,61.0,27.0,105.0,40.6,174.0
8272,1,64,152.0,54.0,10.0,88.0,39.7,49.0
8273,0,54,180.0,80.0,21.0,105.0,40.5,147.0
8274,0,26,189.0,91.0,8.0,94.0,39.5,34.0
8275,0,22,181.0,81.0,28.0,111.0,40.8,179.0
8276,0,32,178.0,78.0,20.0,102.0,40.3,109.0
8277,1,35,160.0,57.0,22.0,103.0,40.5,131.0
8278,0,26,177.0,75.0,11.0,85.0,39.9,28.0
8279,1,55,165.0,64.0,23.0,102.0,40.8,141.0
8280,1,26,173.0,71.0,29.0,111.0,40.8,188.0
8281,0,22,201.0,98.0,28.0,102.0,40.7,151.0
8282,1,75,167.0,70.0,6.0,84.0,39.4,27.0
8283,0,23,179.0,83.0,3.0,91.0,38.6,10.0
8284,1,33,163.0,57.0,4.0,84.0,38.7,16.0
8285,0,27,194.0,90.0,2.0,81.0,37.8,5.0
8286,0,38,181.0,89.0,5.0,86.0,39.1,18.0
8287,1,47,155.0,57.0,21.0,99.0,40.7,121.0
8288,0,26,193.0,92.0,29.0,101.0,41.0,154.0
8289,1,26,181.0,73.0,24.0,104.0,40.6,137.0
8290,0,61,192.0,94.0,17.0,104.0,40.5,127.0
8291,1,25,141.0,49.0,17.0,94.0,40.3,84.0
8292,1,23,166.0,66.0,17.0,93.0,40.2,78.0
8293,0,21,177.0,75.0,9.0,85.0,39.3,21.0
8294,1,29,164.0,60.0,12.0,91.0,40.0,54.0
8295,0,53,197.0,98.0,2.0,81.0,38.2,7.0
8296,0,36,192.0,98.0,24.0,105.0,40.8,156.0
8297,0,59,181.0,85.0,21.0,97.0,40.7,129.0
8298,1,27,155.0,55.0,3.0,80.0,38.3,10.0
8299,0,25,182.0,83.0,13.0,94.0,40.1,52.0
8300,1,23,170.0,63.0,15.0,99.0,40.3,79.0
8301,1,44,160.0,57.0,22.0,107.0,40.6,144.0
8302,0,65,187.0,85.0,22.0,109.0,40.7,181.0
8303,0,48,188.0,90.0,1.0,87.0,37.6,4.0
8304,1,62,152.0,52.0,8.0,85.0,39.5,37.0
8305,1,63,172.0,70.0,3.0,85.0,38.6,13.0
8306,0,42,206.0,104.0,29.0,113.0,40.8,236.0
8307,0,67,178.0,80.0,15.0,87.0,40.6,74.0
8308,1,24,169.0,63.0,2.0,81.0,37.8,7.0
8309,0,49,173.0,80.0,7.0,89.0,39.4,30.0
8310,1,39,162.0,67.0,4.0,83.0,39.1,15.0
8311,1,32,163.0,65.0,24.0,93.0,40.6,114.0
8312,0,29,178.0,81.0,28.0,106.0,40.9,167.0
8313,1,58,167.0,66.0,16.0,87.0,40.4,73.0
8314,1,42,166.0,63.0,11.0,80.0,40.2,39.0
8315,0,42,190.0,97.0,22.0,102.0,40.6,139.0
8316,1,60,161.0,62.0,17.0,93.0,40.5,90.0
8317,0,68,187.0,81.0,9.0,87.0,39.6,45.0
8318,0,64,174.0,82.0,18.0,91.0,40.8,97.0
8319,1,22,156.0,58.0,16.0,102.0,40.4,90.0
8320,0,20,191.0,94.0,22.0,105.0,40.8,124.0
8321,1,70,166.0,66.0,13.0,98.0,39.7,77.0
8322,1,31,161.0,59.0,21.0,100.0,40.7,117.0
8323,0,49,189.0,88.0,21.0,92.0,40.4,104.0
8324,0,21,176.0,75.0,17.0,88.0,40.0,46.0
8325,0,27,201.0,104.0,10.0,90.0,39.6,40.0
8326,0,33,188.0,88.0,6.0,86.0,39.3,20.0
8327,0,23,192.0,98.0,27.0,104.0,40.9,155.0
8328,1,67,154.0,57.0,20.0,96.0,40.6,116.0
8329,1,33,178.0,73.0,13.0,82.0,40.0,45.0
8330,0,46,187.0,89.0,13.0,101.0,40.3,81.0
8331,0,50,169.0,74.0,30.0,113.0,40.8,236.0
8332,0,32,189.0,95.0,29.0,110.0,41.0,203.0
8333,0,67,171.0,75.0,19.0,97.0,40.5,120.0
8334,1,25,147.0,47.0,25.0,108.0,40.5,162.0
8335,0,40,183.0,90.0,5.0,80.0,39.0,14.0
8336,0,61,172.0,80.0,3.0,89.0,38.8,15.0
8337,0,30,194.0,97.0,17.0,95.0,40.6,80.0
8338,0,32,171.0,71.0,9.0,83.0,39.6,22.0
8339,0,58,193.0,92.0,27.0,111.0,41.1,226.0
8340,1,62,144.0,47.0,18.0,95.0,40.5,103.0
8341,1,44,173.0,71.0,14.0,94.0,40.3,70.0
8342,0,35,190.0,86.0,8.0,93.0,39.5,35.0
8343,1,33,142.0,44.0,19.0,105.0,40.7,120.0
8344,0,32,197.0,95.0,6.0,85.0,39.5,19.0
8345,0,44,170.0,70.0,9.0,85.0,39.5,30.0
8346,0,32,186.0,89.0,9.0,93.0,39.8,39.0
8347,0,76,189.0,99.0,12.0,96.0,40.2,85.0
8348,1,37,167.0,67.0,26.0,108.0,40.7,166.0
8349,0,42,169.0,66.0,21.0,108.0,40.3,138.0
8350,0,25,185.0,80.0,18.0,108.0,40.2,109.0
8351,0,24,179.0,74.0,4.0,92.0,39.1,14.0
8352,0,55,180.0,86.0,26.0,104.0,40.3,183.0
8353,1,75,165.0,68.0,17.0,97.0,40.7,100.0
8354,1,49,161.0,63.0,10.0,87.0,40.0,44.0
8355,0,32,179.0,84.0,24.0,116.0,40.7,184.0
8356,1,63,155.0,58.0,14.0,88.0,40.2,68.0
8357,1,46,171.0,60.0,14.0,93.0,40.2,71.0
8358,0,23,195.0,98.0,2.0,87.0,37.9,6.0
8359,1,25,149.0,54.0,6.0,89.0,39.0,26.0
8360,0,29,189.0,86.0,24.0,96.0,40.8,110.0
8361,1,22,149.0,53.0,6.0,77.0,39.4,18.0
8362,1,21,172.0,71.0,27.0,108.0,40.8,164.0
8363,1,47,163.0,62.0,25.0,99.0,40.3,142.0
8364,1,29,164.0,57.0,9.0,87.0,39.9,37.0
8365,0,35,183.0,86.0,17.0,95.0,40.3,80.0
8366,0,64,179.0,80.0,25.0,105.0,40.4,187.0
8367,0,53,183.0,85.0,24.0,105.0,40.8,169.0
8368,0,20,180.0,83.0,16.0,95.0,40.3,63.0
8369,0,29,196.0,92.0,19.0,96.0,40.4,89.0
8370,0,32,176.0,83.0,10.0,99.0,39.7,51.0
8371,1,58,162.0,67.0,26.0,107.0,41.0,173.0
8372,1,37,172.0,67.0,9.0,86.0,40.1,36.0
8373,1,52,175.0,66.0,3.0,83.0,38.7,12.0
8374,1,28,163.0,66.0,15.0,94.0,40.1,71.0
8375,0,66,171.0,79.0,11.0,90.0,40.0,58.0
8376,0,66,186.0,95.0,2.0,77.0,38.3,7.0
8377,1,59,152.0,58.0,21.0,101.0,41.1,129.0
8378,0,51,202.0,105.0,7.0,86.0,39.6,32.0
8379,1,28,197.0,87.0,22.0,95.0,40.8,101.0
8380,1,21,151.0,55.0,30.0,106.0,40.8,182.0
8381,1,62,159.0,59.0,29.0,106.0,41.2,195.0
8382,0,27,193.0,96.0,4.0,85.0,39.0,12.0
8383,1,46,163.0,60.0,11.0,93.0,39.9,56.0
8384,0,52,187.0,95.0,10.0,89.0,39.8,48.0
8385,1,50,170.0,70.0,26.0,100.0,40.6,149.0
8386,0,41,183.0,88.0,16.0,96.0,40.3,83.0
8387,0,21,188.0,86.0,12.0,95.0,40.3,48.0
8388,1,22,172.0,67.0,14.0,91.0,40.7,60.0
8389,0,63,185.0,90.0,29.0,112.0,40.9,252.0
8390,1,35,154.0,53.0,10.0,90.0,39.6,46.0
8391,1,78,164.0,62.0,12.0,81.0,39.7,52.0
8392,1,42,157.0,59.0,22.0,95.0,40.5,115.0
8393,1,21,165.0,65.0,12.0,88.0,40.1,48.0
8394,1,48,182.0,72.0,5.0,82.0,39.2,19.0
8395,1,63,141.0,45.0,2.0,81.0,38.2,9.0
8396,1,75,169.0,65.0,7.0,83.0,39.3,31.0
8397,1,54,162.0,61.0,3.0,85.0,38.6,13.0
8398,0,26,185.0,90.0,25.0,110.0,41.1,165.0
8399,0,24,200.0,94.0,24.0,112.0,40.4,166.0
8400,1,39,165.0,62.0,28.0,107.0,40.7,179.0
8401,0,31,180.0,83.0,23.0,91.0,41.0,88.0
8402,0,32,193.0,98.0,28.0,112.0,40.6,207.0
8403,0,57,193.0,100.0,13.0,84.0,40.1,57.0
8404,1,66,186.0,89.0,7.0,88.0,39.6,31.0
8405,0,55,188.0,85.0,6.0,87.0,39.4,27.0
8406,0,27,192.0,94.0,24.0,104.0,40.9,140.0
8407,1,48,181.0,72.0,6.0,89.0,39.4,27.0
8408,0,73,186.0,88.0,20.0,106.0,40.4,165.0
8409,1,24,153.0,48.0,21.0,101.0,40.2,119.0
8410,0,42,190.0,95.0,26.0,104.0,41.1,171.0
8411,0,20,176.0,79.0,15.0,95.0,40.2,57.0
8412,1,29,152.0,56.0,25.0,94.0,40.7,123.0
8413,0,78,170.0,78.0,14.0,103.0,40.1,109.0
8414,0,48,186.0,86.0,28.0,106.0,40.9,196.0
8415,0,64,180.0,83.0,22.0,105.0,41.0,166.0
8416,0,42,167.0,76.0,29.0,108.0,40.6,197.0
8417,1,65,176.0,71.0,12.0,94.0,39.9,64.0
8418,1,24,168.0,60.0,3.0,89.0,38.8,13.0
8419,1,53,177.0,77.0,17.0,95.0,40.1,88.0
8420,1,69,170.0,65.0,10.0,91.0,39.6,52.0
8421,0,67,181.0,85.0,2.0,76.0,37.9,7.0
8422,0,41,178.0,84.0,1.0,79.0,37.7,3.0
8423,0,29,189.0,85.0,18.0,90.0,40.4,65.0
8424,0,27,180.0,78.0,20.0,103.0,40.3,107.0
8425,0,55,179.0,79.0,24.0,110.0,40.6,187.0
8426,1,24,181.0,70.0,5.0,80.0,39.3,16.0
8427,0,25,179.0,79.0,12.0,78.0,40.1,18.0
8428,1,29,157.0,57.0,28.0,101.0,40.8,158.0
8429,0,77,187.0,91.0,30.0,107.0,41.0,259.0
8430,0,73,186.0,92.0,26.0,115.0,40.8,252.0
8431,1,32,151.0,51.0,8.0,91.0,39.6,38.0
8432,0,68,190.0,89.0,26.0,102.0,41.1,193.0
8433,0,52,190.0,91.0,26.0,103.0,40.9,178.0
8434,0,46,185.0,94.0,9.0,87.0,40.1,38.0
8435,1,25,163.0,61.0,2.0,75.0,38.2,5.0
8436,1,25,184.0,81.0,10.0,86.0,39.9,36.0
8437,0,35,181.0,82.0,16.0,93.0,40.4,69.0
8438,0,36,174.0,79.0,29.0,113.0,40.9,212.0
8439,1,45,158.0,60.0,15.0,93.0,40.1,76.0
8440,1,43,171.0,63.0,17.0,90.0,40.5,79.0
8441,1,42,156.0,54.0,7.0,86.0,39.3,30.0
8442,1,29,163.0,62.0,18.0,105.0,39.9,108.0
8443,0,61,179.0,84.0,27.0,116.0,40.7,245.0
8444,0,28,199.0,94.0,26.0,105.0,40.6,157.0
8445,0,51,198.0,94.0,17.0,87.0,40.1,75.0
8446,1,27,170.0,66.0,21.0,113.0,40.5,142.0
8447,0,61,170.0,78.0,8.0,93.0,39.3,44.0
8448,0,69,168.0,70.0,18.0,99.0,40.5,119.0
8449,1,20,175.0,66.0,28.0,104.0,41.0,159.0
8450,0,25,179.0,80.0,4.0,89.0,39.1,13.0
8451,0,25,178.0,83.0,26.0,112.0,40.8,175.0
8452,0,36,181.0,87.0,19.0,105.0,40.4,119.0
8453,0,38,186.0,89.0,23.0,99.0,40.4,127.0
8454,0,50,182.0,88.0,22.0,107.0,40.5,160.0
8455,0,70,214.0,113.0,21.0,100.0,40.8,162.0
8456,1,31,168.0,67.0,13.0,96.0,39.9,65.0
8457,1,38,156.0,57.0,11.0,87.0,39.9,47.0
8458,0,38,171.0,75.0,2.0,81.0,38.2,5.0
8459,1,21,163.0,61.0,15.0,94.0,40.5,71.0
8460,0,54,188.0,87.0,21.0,104.0,40.3,147.0
8461,0,23,185.0,85.0,19.0,96.0,40.4,81.0
8462,1,48,171.0,69.0,23.0,110.0,40.4,156.0
8463,0,61,182.0,87.0,26.0,104.0,40.7,191.0
8464,1,53,150.0,51.0,9.0,97.0,39.6,52.0
8465,1,54,156.0,57.0,8.0,82.0,39.6,32.0
8466,1,24,169.0,65.0,8.0,95.0,39.5,38.0
8467,1,46,166.0,65.0,24.0,107.0,40.8,156.0
8468,1,35,165.0,61.0,7.0,92.0,39.6,33.0
8469,1,75,169.0,66.0,29.0,102.0,40.8,187.0
8470,0,35,179.0,76.0,5.0,79.0,39.0,10.0
8471,0,27,178.0,78.0,18.0,94.0,40.2,72.0
8472,0,66,184.0,85.0,26.0,111.0,40.7,223.0
8473,0,60,174.0,76.0,24.0,109.0,40.6,187.0
8474,0,38,201.0,109.0,23.0,108.0,41.2,168.0
8475,0,32,175.0,73.0,29.0,114.0,41.2,207.0
8476,1,32,174.0,76.0,10.0,94.0,40.1,47.0
8477,0,42,190.0,91.0,16.0,102.0,40.3,99.0
8478,0,60,173.0,82.0,2.0,81.0,37.7,7.0
8479,0,71,193.0,98.0,24.0,99.0,40.9,175.0
8480,1,53,161.0,56.0,25.0,109.0,40.5,174.0
8481,1,20,170.0,66.0,18.0,99.0,40.1,93.0
8482,1,21,165.0,61.0,15.0,85.0,40.4,56.0
8483,1,43,164.0,68.0,30.0,108.0,41.0,195.0
8484,1,45,174.0,68.0,24.0,103.0,40.4,144.0
8485,1,25,171.0,68.0,15.0,93.0,40.3,69.0
8486,1,34,165.0,61.0,17.0,98.0,40.2,91.0
8487,1,49,168.0,63.0,22.0,96.0,40.7,119.0
8488,1,45,161.0,61.0,10.0,93.0,40.0,50.0
8489,0,21,195.0,97.0,21.0,100.0,40.8,105.0
8490,1,20,193.0,86.0,11.0,92.0,40.4,45.0
8491,0,70,176.0,85.0,25.0,99.0,40.7,174.0
8492,0,24,191.0,90.0,23.0,98.0,40.7,108.0
8493,1,25,176.0,73.0,25.0,109.0,40.8,155.0
8494,0,21,184.0,81.0,23.0,94.0,40.4,87.0
8495,1,21,171.0,62.0,1.0,76.0,37.7,3.0
8496,1,31,167.0,66.0,18.0,96.0,40.4,90.0
8497,0,23,197.0,101.0,19.0,97.0,40.6,90.0
8498,1,29,158.0,56.0,29.0,110.0,40.8,192.0
8499,1,22,156.0,51.0,10.0,90.0,39.9,44.0
8500,1,32,174.0,70.0,24.0,100.0,40.6,130.0
8501,1,53,167.0,66.0,10.0,90.0,39.6,48.0
8502,0,69,167.0,71.0,24.0,99.0,40.6,159.0
8503,0,53,194.0,97.0,19.0,105.0,40.3,139.0
8504,1,44,196.0,94.0,15.0,90.0,40.3,63.0
8505,1,24,164.0,56.0,8.0,81.0,39.5,27.0
8506,1,31,147.0,48.0,17.0,91.0,40.5,81.0
8507,0,33,172.0,79.0,13.0,98.0,39.9,64.0
8508,1,41,143.0,44.0,7.0,81.0,39.5,27.0
8509,0,34,192.0,94.0,2.0,81.0,38.0,5.0
8510,1,27,185.0,78.0,9.0,91.0,39.8,38.0
8511,0,27,180.0,83.0,13.0,93.0,40.2,51.0
8512,1,26,153.0,49.0,21.0,93.0,40.5,102.0
8513,0,70,179.0,88.0,4.0,79.0,38.8,16.0
8514,1,44,160.0,67.0,9.0,91.0,39.7,42.0
8515,1,56,167.0,67.0,3.0,85.0,38.9,13.0
8516,1,20,161.0,58.0,16.0,85.0,40.4,60.0
8517,0,24,164.0,64.0,17.0,97.0,40.1,68.0
8518,0,75,170.0,76.0,19.0,107.0,40.3,156.0
8519,0,63,185.0,88.0,8.0,86.0,39.4,38.0
8520,1,28,151.0,48.0,25.0,101.0,40.7,144.0
8521,1,33,166.0,65.0,14.0,89.0,40.4,61.0
8522,1,28,153.0,49.0,23.0,108.0,40.5,149.0
8523,0,32,191.0,93.0,14.0,91.0,40.0,57.0
8524,0,21,180.0,81.0,9.0,91.0,39.5,30.0
8525,1,32,163.0,63.0,26.0,109.0,40.7,168.0
8526,0,52,174.0,78.0,1.0,83.0,37.5,4.0
8527,1,58,155.0,60.0,11.0,100.0,39.9,66.0
8528,0,24,176.0,78.0,27.0,109.0,40.7,165.0
8529,0,36,187.0,95.0,15.0,98.0,40.2,81.0
8530,1,73,160.0,57.0,6.0,90.0,39.3,32.0
8531,0,61,185.0,92.0,30.0,111.0,41.1,255.0
8532,1,24,162.0,63.0,21.0,103.0,40.5,120.0
8533,0,35,197.0,102.0,12.0,97.0,39.8,64.0
8534,1,29,184.0,79.0,23.0,90.0,40.6,96.0
8535,0,38,185.0,89.0,26.0,106.0,40.9,171.0
8536,0,72,179.0,80.0,15.0,107.0,40.5,122.0
8537,0,41,185.0,87.0,19.0,104.0,40.6,121.0
8538,0,52,187.0,97.0,7.0,94.0,39.5,39.0
8539,1,55,141.0,52.0,16.0,103.0,40.1,102.0
8540,0,30,198.0,106.0,5.0,75.0,39.3,9.0
8541,0,48,186.0,93.0,7.0,89.0,39.8,32.0
8542,1,63,157.0,61.0,10.0,87.0,39.8,47.0
8543,1,30,141.0,45.0,14.0,95.0,40.4,73.0
8544,1,25,162.0,63.0,4.0,83.0,39.1,14.0
8545,1,25,167.0,64.0,13.0,103.0,40.1,74.0
8546,1,29,168.0,64.0,25.0,109.0,40.5,160.0
8547,0,40,204.0,105.0,28.0,111.0,41.0,217.0
8548,0,56,205.0,108.0,28.0,106.0,40.6,220.0
8549,0,33,172.0,78.0,24.0,107.0,40.6,150.0
8550,0,44,185.0,87.0,12.0,95.0,39.9,62.0
8551,1,58,158.0,63.0,13.0,97.0,40.4,73.0
8552,1,37,156.0,58.0,12.0,88.0,39.7,53.0
8553,0,37,192.0,99.0,23.0,107.0,40.8,158.0
8554,0,23,182.0,76.0,27.0,107.0,40.5,154.0
8555,0,31,186.0,89.0,10.0,97.0,39.8,49.0
8556,0,58,184.0,84.0,16.0,97.0,40.3,97.0
8557,0,51,191.0,94.0,6.0,82.0,38.7,22.0
8558,1,49,153.0,52.0,24.0,104.0,40.7,153.0
8559,1,37,176.0,68.0,5.0,87.0,38.9,21.0
8560,1,41,161.0,60.0,24.0,105.0,40.7,150.0
8561,1,45,153.0,52.0,29.0,103.0,40.7,180.0
8562,1,24,170.0,64.0,8.0,90.0,39.6,34.0
8563,1,60,162.0,61.0,12.0,86.0,39.9,54.0
8564,0,48,185.0,88.0,15.0,103.0,40.0,99.0
8565,1,27,165.0,66.0,30.0,104.0,40.6,174.0
8566,1,65,163.0,59.0,5.0,81.0,39.3,21.0
8567,0,25,174.0,79.0,12.0,97.0,40.3,52.0
8568,0,26,201.0,94.0,10.0,87.0,39.7,32.0
8569,1,28,165.0,65.0,23.0,105.0,40.5,137.0
8570,0,63,179.0,88.0,13.0,86.0,39.9,62.0
8571,1,36,181.0,76.0,4.0,77.0,39.1,12.0
8572,1,27,158.0,57.0,22.0,101.0,40.4,124.0
8573,1,38,160.0,61.0,22.0,112.0,40.4,152.0
8574,1,22,154.0,60.0,5.0,80.0,38.9,16.0
8575,0,42,183.0,83.0,2.0,92.0,38.3,9.0
8576,1,31,177.0,71.0,2.0,85.0,37.2,8.0
8577,1,62,151.0,55.0,29.0,113.0,40.8,219.0
8578,0,36,191.0,94.0,20.0,101.0,40.8,117.0
8579,1,31,146.0,48.0,19.0,104.0,40.6,116.0
8580,0,30,182.0,84.0,29.0,107.0,40.5,181.0
8581,1,22,173.0,66.0,15.0,90.0,40.6,63.0
8582,0,36,206.0,103.0,5.0,84.0,39.0,17.0
8583,1,27,170.0,63.0,10.0,92.0,39.7,46.0
8584,1,55,167.0,65.0,25.0,105.0,40.5,161.0
8585,0,57,184.0,83.0,2.0,86.0,38.1,9.0
8586,1,57,161.0,61.0,23.0,102.0,40.5,143.0
8587,0,44,175.0,76.0,28.0,103.0,40.9,172.0
8588,1,36,159.0,59.0,2.0,76.0,37.6,6.0
8589,1,49,168.0,64.0,28.0,104.0,40.7,174.0
8590,1,34,152.0,47.0,3.0,79.0,38.2,11.0
8591,0,63,179.0,87.0,18.0,107.0,40.7,142.0
8592,1,77,177.0,79.0,4.0,83.0,39.0,17.0
8593,0,20,173.0,73.0,25.0,99.0,40.7,108.0
8594,0,29,184.0,89.0,14.0,95.0,40.1,63.0
8595,1,33,151.0,53.0,18.0,97.0,40.4,96.0
8596,1,25,170.0,70.0,2.0,84.0,38.5,7.0
8597,1,58,175.0,71.0,26.0,105.0,40.8,166.0
8598,0,28,168.0,75.0,25.0,101.0,40.9,126.0
8599,0,68,173.0,77.0,28.0,105.0,40.8,213.0
8600,1,26,173.0,66.0,26.0,104.0,41.0,151.0
8601,1,23,173.0,69.0,24.0,105.0,40.8,139.0
8602,1,63,171.0,73.0,8.0,88.0,40.2,37.0
8603,0,34,194.0,93.0,12.0,89.0,40.3,47.0
8604,0,44,214.0,113.0,3.0,85.0,38.9,13.0
8605,0,21,191.0,95.0,8.0,89.0,39.6,27.0
8606,1,52,166.0,63.0,13.0,102.0,40.2,79.0
8607,0,64,191.0,94.0,15.0,99.0,40.4,103.0
8608,1,27,146.0,49.0,22.0,98.0,40.5,119.0
8609,1,29,185.0,75.0,30.0,109.0,41.2,188.0
8610,0,38,206.0,111.0,24.0,109.0,40.7,180.0
8611,1,49,171.0,64.0,6.0,89.0,39.6,28.0
8612,0,57,203.0,106.0,19.0,100.0,40.4,132.0
8613,1,26,169.0,62.0,9.0,80.0,40.2,30.0
8614,1,74,164.0,63.0,29.0,104.0,40.8,194.0
8615,1,22,168.0,66.0,7.0,79.0,39.5,21.0
8616,0,24,183.0,88.0,21.0,98.0,40.4,98.0
8617,1,34,163.0,66.0,27.0,107.0,40.6,169.0
8618,0,27,194.0,95.0,2.0,85.0,38.4,6.0
8619,1,39,176.0,76.0,28.0,111.0,40.7,186.0
8620,0,42,189.0,88.0,13.0,91.0,40.3,58.0
8621,1,58,171.0,73.0,15.0,97.0,40.0,83.0
8622,1,33,139.0,48.0,25.0,105.0,40.6,157.0
8623,0,39,182.0,79.0,30.0,111.0,41.0,215.0
8624,1,28,146.0,48.0,14.0,107.0,40.4,90.0
8625,1,25,174.0,66.0,4.0,82.0,39.1,14.0
8626,0,40,180.0,80.0,28.0,108.0,40.9,190.0
8627,1,20,178.0,70.0,5.0,81.0,39.5,16.0
8628,0,66,197.0,101.0,8.0,87.0,39.6,43.0
8629,1,59,145.0,49.0,14.0,97.0,39.8,82.0
8630,1,52,191.0,86.0,24.0,105.0,40.7,146.0
8631,1,71,166.0,71.0,16.0,90.0,40.3,80.0
8632,1,31,145.0,52.0,9.0,84.0,39.8,35.0
8633,0,30,184.0,86.0,29.0,107.0,40.8,182.0
8634,0,71,190.0,90.0,25.0,109.0,40.9,216.0
8635,1,79,168.0,65.0,6.0,90.0,39.3,31.0
8636,0,43,174.0,77.0,17.0,98.0,40.4,91.0
8637,0,29,186.0,93.0,25.0,101.0,40.7,137.0
8638,1,20,167.0,65.0,21.0,101.0,40.4,113.0
8639,1,27,182.0,71.0,7.0,89.0,39.6,29.0
8640,1,43,179.0,77.0,2.0,83.0,37.9,7.0
8641,1,71,164.0,64.0,14.0,94.0,40.4,78.0
8642,1,26,163.0,62.0,15.0,97.0,40.2,77.0
8643,1,74,177.0,77.0,3.0,81.0,38.4,12.0
8644,0,38,172.0,76.0,25.0,109.0,40.4,169.0
8645,1,69,165.0,62.0,29.0,112.0,40.9,216.0
8646,0,62,180.0,87.0,16.0,96.0,39.8,99.0
8647,0,39,175.0,81.0,16.0,86.0,40.1,55.0
8648,1,29,162.0,57.0,2.0,91.0,38.3,9.0
8649,1,45,162.0,67.0,17.0,99.0,40.2,95.0
8650,0,32,168.0,69.0,19.0,100.0,40.4,94.0
8651,1,32,172.0,66.0,29.0,105.0,40.8,174.0
8652,1,63,162.0,58.0,27.0,106.0,40.9,183.0
8653,0,46,181.0,89.0,23.0,107.0,40.9,163.0
8654,0,40,179.0,79.0,10.0,91.0,39.8,42.0
8655,1,55,146.0,49.0,20.0,92.0,40.2,105.0
8656,1,32,172.0,65.0,7.0,83.0,39.6,26.0
8657,1,30,168.0,69.0,2.0,85.0,37.8,8.0
8658,0,36,163.0,67.0,17.0,91.0,40.5,64.0
8659,1,46,148.0,51.0,14.0,99.0,40.1,81.0
8660,0,59,205.0,103.0,28.0,105.0,40.6,217.0
8661,0,39,203.0,103.0,2.0,74.0,38.2,4.0
8662,0,46,173.0,77.0,5.0,91.0,39.1,22.0
8663,0,26,167.0,64.0,24.0,105.0,40.6,127.0
8664,0,23,187.0,79.0,25.0,108.0,40.9,148.0
8665,1,41,171.0,69.0,15.0,95.0,40.5,76.0
8666,1,24,159.0,58.0,30.0,112.0,40.9,202.0
8667,0,20,182.0,81.0,3.0,89.0,38.4,9.0
8668,1,45,140.0,41.0,25.0,99.0,40.7,148.0
8669,0,73,190.0,99.0,5.0,85.0,38.9,27.0
8670,1,70,155.0,58.0,4.0,87.0,38.9,19.0
8671,0,25,198.0,97.0,11.0,92.0,39.9,44.0
8672,1,38,162.0,61.0,19.0,95.0,40.2,97.0
8673,1,42,165.0,60.0,7.0,81.0,39.3,26.0
8674,0,27,189.0,87.0,3.0,79.0,38.7,6.0
8675,0,43,192.0,98.0,22.0,100.0,40.5,134.0
8676,0,23,182.0,78.0,7.0,95.0,39.8,28.0
8677,0,27,198.0,97.0,23.0,100.0,40.7,122.0
8678,0,79,175.0,83.0,24.0,107.0,40.5,206.0
8679,1,59,157.0,61.0,7.0,90.0,39.4,35.0
8680,0,39,208.0,121.0,6.0,77.0,39.2,18.0
8681,0,23,175.0,70.0,5.0,78.0,39.0,6.0
8682,1,56,157.0,60.0,16.0,95.0,40.3,87.0
8683,0,55,176.0,83.0,9.0,81.0,39.7,31.0
8684,1,77,160.0,59.0,30.0,110.0,40.8,223.0
8685,1,42,178.0,74.0,19.0,97.0,40.4,99.0
8686,1,31,152.0,56.0,11.0,99.0,39.8,60.0
8687,1,24,169.0,67.0,27.0,105.0,40.5,158.0
8688,1,60,152.0,57.0,6.0,84.0,39.3,26.0
8689,0,24,181.0,78.0,2.0,77.0,38.2,3.0
8690,0,40,196.0,93.0,22.0,98.0,40.6,122.0
8691,1,50,172.0,68.0,25.0,101.0,40.8,147.0
8692,1,59,176.0,73.0,6.0,82.0,39.2,24.0
8693,0,35,190.0,89.0,6.0,89.0,39.3,23.0
8694,1,59,170.0,70.0,3.0,80.0,38.6,11.0
8695,0,46,177.0,80.0,23.0,105.0,40.7,152.0
8696,1,59,163.0,61.0,25.0,103.0,41.0,158.0
8697,1,71,159.0,60.0,11.0,96.0,39.9,64.0
8698,0,72,183.0,91.0,4.0,79.0,38.8,17.0
8699,0,36,197.0,108.0,5.0,85.0,39.1,19.0
8700,1,24,176.0,68.0,28.0,108.0,40.4,172.0
8701,1,78,177.0,76.0,22.0,101.0,40.6,138.0
8702,0,31,206.0,107.0,27.0,100.0,40.5,154.0
8703,0,46,187.0,84.0,18.0,90.0,40.6,80.0
8704,1,38,181.0,74.0,8.0,84.0,39.9,30.0
8705,1,22,149.0,50.0,8.0,97.0,39.1,42.0
8706,0,57,165.0,71.0,18.0,98.0,40.6,106.0
8707,0,33,193.0,91.0,13.0,89.0,40.3,50.0
8708,0,40,192.0,90.0,14.0,91.0,40.4,62.0
8709,1,28,157.0,59.0,23.0,111.0,41.0,153.0
8710,0,53,185.0,83.0,14.0,102.0,40.3,92.0
8711,1,33,151.0,56.0,16.0,101.0,40.0,92.0
8712,1,47,160.0,53.0,20.0,96.0,40.6,110.0
8713,0,66,185.0,87.0,8.0,84.0,39.7,36.0
8714,1,30,170.0,64.0,11.0,87.0,39.7,45.0
8715,1,39,166.0,68.0,14.0,94.0,40.3,69.0
8716,1,48,171.0,68.0,16.0,96.0,40.4,85.0
8717,1,24,162.0,57.0,22.0,104.0,40.7,129.0
8718,1,26,156.0,60.0,8.0,86.0,39.5,32.0
8719,0,59,186.0,93.0,11.0,89.0,40.0,56.0
8720,1,20,175.0,72.0,10.0,93.0,39.6,44.0
8721,0,73,192.0,92.0,2.0,68.0,38.2,5.0
8722,0,41,175.0,84.0,13.0,84.0,39.9,43.0
8723,1,73,165.0,61.0,25.0,94.0,40.8,141.0
8724,1,21,175.0,74.0,12.0,96.0,40.0,57.0
8725,0,47,180.0,80.0,26.0,101.0,40.7,157.0
8726,1,27,160.0,55.0,23.0,105.0,40.6,140.0
8727,1,40,167.0,59.0,29.0,121.0,41.1,231.0
8728,0,33,188.0,83.0,17.0,93.0,40.5,72.0
8729,0,36,188.0,89.0,27.0,107.0,41.0,179.0
8730,1,60,183.0,82.0,10.0,92.0,39.2,49.0
8731,1,28,173.0,71.0,12.0,94.0,39.9,56.0
8732,1,22,178.0,80.0,5.0,89.0,39.4,20.0
8733,1,53,205.0,93.0,3.0,74.0,38.8,8.0
8734,1,55,177.0,75.0,9.0,91.0,39.6,43.0
8735,0,22,162.0,64.0,28.0,111.0,40.5,168.0
8736,0,78,189.0,91.0,10.0,97.0,39.6,72.0
8737,1,25,157.0,55.0,15.0,100.0,40.3,82.0
8738,1,22,146.0,49.0,5.0,84.0,39.3,19.0
8739,1,23,167.0,69.0,23.0,100.0,40.8,121.0
8740,1,52,166.0,60.0,4.0,81.0,38.9,16.0
8741,1,39,144.0,47.0,20.0,101.0,40.1,119.0
8742,1,43,157.0,55.0,28.0,108.0,40.9,187.0
8743,1,25,172.0,69.0,17.0,94.0,40.3,79.0
8744,0,49,177.0,76.0,19.0,100.0,40.6,112.0
8745,1,40,154.0,59.0,14.0,90.0,40.3,65.0
8746,0,28,191.0,93.0,19.0,93.0,40.6,80.0
8747,0,54,195.0,100.0,25.0,106.0,40.7,189.0
8748,1,68,163.0,57.0,13.0,95.0,40.2,74.0
8749,1,28,163.0,59.0,3.0,85.0,38.9,12.0
8750,1,65,153.0,55.0,18.0,103.0,40.5,117.0
8751,0,51,205.0,109.0,14.0,94.0,40.1,81.0
8752,0,43,185.0,89.0,16.0,100.0,40.4,94.0
8753,1,29,167.0,65.0,30.0,110.0,40.8,195.0
8754,1,30,185.0,84.0,9.0,85.0,39.6,32.0
8755,1,36,181.0,77.0,7.0,84.0,39.2,26.0
8756,0,28,191.0,83.0,7.0,80.0,39.4,14.0
8757,1,22,181.0,72.0,30.0,111.0,40.6,192.0
8758,1,26,150.0,54.0,5.0,89.0,39.1,22.0
8759,0,33,170.0,70.0,21.0,101.0,40.5,108.0
8760,0,77,166.0,74.0,3.0,82.0,38.8,14.0
8761,0,65,192.0,91.0,23.0,108.0,40.7,189.0
8762,1,37,185.0,83.0,2.0,84.0,38.2,7.0
8763,1,77,161.0,59.0,2.0,79.0,38.0,8.0
8764,1,22,167.0,64.0,16.0,89.0,40.2,66.0
8765,1,23,157.0,56.0,5.0,77.0,38.9,15.0
8766,0,41,179.0,85.0,25.0,101.0,40.8,147.0
8767,1,41,158.0,58.0,13.0,89.0,40.2,59.0
8768,1,39,163.0,65.0,7.0,85.0,39.6,28.0
8769,1,45,159.0,59.0,30.0,113.0,41.1,216.0
8770,0,25,186.0,84.0,26.0,111.0,40.7,171.0
8771,0,47,174.0,80.0,16.0,101.0,40.5,97.0
8772,1,33,167.0,62.0,23.0,107.0,40.3,145.0
8773,0,65,166.0,71.0,7.0,89.0,39.6,34.0
8774,0,47,172.0,76.0,16.0,100.0,40.4,93.0
8775,0,49,179.0,82.0,23.0,97.0,41.0,129.0
8776,0,53,179.0,83.0,14.0,99.0,39.7,85.0
8777,0,29,185.0,87.0,14.0,97.0,40.1,66.0
8778,1,28,167.0,64.0,16.0,108.0,40.7,101.0
8779,0,46,187.0,89.0,29.0,105.0,40.8,197.0
8780,1,39,152.0,53.0,20.0,99.0,40.9,113.0
8781,0,58,193.0,96.0,23.0,108.0,40.5,184.0
8782,0,22,183.0,81.0,7.0,85.0,39.3,17.0
8783,0,31,182.0,88.0,11.0,101.0,39.9,60.0
8784,1,30,170.0,67.0,7.0,81.0,39.5,24.0
8785,0,31,173.0,79.0,4.0,85.0,38.6,11.0
8786,0,33,200.0,97.0,2.0,82.0,38.0,6.0
8787,1,23,166.0,68.0,4.0,77.0,39.0,11.0
8788,0,25,190.0,91.0,29.0,112.0,40.8,200.0
8789,0,25,196.0,96.0,27.0,107.0,40.9,169.0
8790,0,37,198.0,97.0,1.0,82.0,37.4,3.0
8791,1,36,168.0,63.0,16.0,99.0,39.9,88.0
8792,1,21,168.0,63.0,8.0,80.0,39.6,25.0
8793,0,57,179.0,74.0,22.0,106.0,40.3,158.0
8794,1,23,160.0,58.0,21.0,106.0,40.3,127.0
8795,0,26,190.0,88.0,14.0,95.0,39.7,60.0
8796,1,43,168.0,66.0,20.0,102.0,40.2,118.0
8797,1,29,164.0,60.0,9.0,92.0,40.3,42.0
8798,1,24,145.0,49.0,12.0,88.0,40.2,51.0
8799,1,45,176.0,76.0,23.0,96.0,40.4,118.0
8800,0,27,203.0,98.0,24.0,90.0,40.7,92.0
8801,1,35,181.0,76.0,28.0,107.0,40.9,172.0
8802,1,68,155.0,58.0,15.0,100.0,40.3,93.0
8803,1,30,178.0,77.0,13.0,94.0,40.2,60.0
8804,0,42,183.0,88.0,22.0,106.0,40.3,148.0
8805,1,44,169.0,67.0,21.0,99.0,40.8,117.0
8806,0,27,193.0,94.0,7.0,89.0,39.6,25.0
8807,0,79,176.0,83.0,2.0,89.0,38.3,12.0
8808,0,53,184.0,83.0,13.0,95.0,39.8,72.0
8809,1,54,150.0,54.0,17.0,98.0,40.3,99.0
8810,0,37,190.0,93.0,28.0,108.0,40.7,193.0
8811,1,27,167.0,63.0,3.0,83.0,38.4,11.0
8812,0,48,176.0,79.0,28.0,105.0,41.0,187.0
8813,1,23,156.0,58.0,21.0,102.0,40.6,118.0
8814,0,23,181.0,85.0,19.0,93.0,40.4,72.0
8815,0,54,190.0,95.0,22.0,110.0,40.3,178.0
8816,1,24,145.0,48.0,2.0,79.0,37.9,7.0
8817,0,50,190.0,96.0,3.0,80.0,38.3,10.0
8818,0,24,187.0,85.0,9.0,75.0,39.9,10.0
8819,0,69,183.0,87.0,27.0,112.0,41.0,241.0
8820,1,30,169.0,62.0,13.0,93.0,40.2,62.0
8821,1,43,163.0,61.0,20.0,105.0,40.6,125.0
8822,1,29,178.0,68.0,5.0,77.0,39.2,15.0
8823,1,47,162.0,57.0,24.0,106.0,40.6,156.0
8824,1,21,172.0,68.0,21.0,97.0,40.6,104.0
8825,1,22,169.0,66.0,6.0,83.0,38.9,21.0
8826,1,51,159.0,62.0,11.0,82.0,39.8,43.0
8827,0,35,190.0,87.0,14.0,91.0,39.9,58.0
8828,0,35,206.0,109.0,8.0,91.0,39.6,37.0
8829,0,73,189.0,89.0,18.0,99.0,40.6,130.0
8830,1,68,154.0,56.0,12.0,94.0,39.7,67.0
8831,0,49,177.0,88.0,19.0,101.0,40.8,120.0
8832,1,65,164.0,64.0,4.0,87.0,38.6,19.0
8833,0,76,186.0,92.0,5.0,94.0,38.9,33.0
8834,1,67,165.0,67.0,4.0,89.0,38.9,20.0
8835,0,27,175.0,73.0,29.0,109.0,41.0,178.0
8836,0,26,200.0,100.0,5.0,79.0,38.6,11.0
8837,0,62,187.0,94.0,27.0,108.0,40.7,220.0
8838,0,24,184.0,84.0,19.0,97.0,40.3,84.0
8839,0,39,186.0,86.0,4.0,88.0,38.6,15.0
8840,0,20,178.0,79.0,4.0,78.0,38.7,5.0
8841,1,59,176.0,71.0,16.0,100.0,40.5,94.0
8842,0,42,190.0,88.0,3.0,83.0,38.9,10.0
8843,1,28,175.0,71.0,6.0,83.0,39.3,21.0
8844,0,51,185.0,85.0,24.0,102.0,40.4,156.0
8845,1,20,136.0,45.0,11.0,94.0,40.1,54.0
8846,0,41,172.0,76.0,30.0,102.0,41.1,175.0
8847,0,55,184.0,88.0,10.0,98.0,39.8,62.0
8848,0,56,182.0,88.0,8.0,96.0,39.3,47.0
8849,1,46,166.0,68.0,12.0,101.0,40.1,70.0
8850,1,23,143.0,45.0,4.0,91.0,39.3,19.0
8851,1,23,158.0,59.0,29.0,120.0,41.1,219.0
8852,0,44,200.0,106.0,12.0,90.0,39.9,58.0
8853,0,54,173.0,74.0,14.0,96.0,40.1,77.0
8854,0,25,158.0,58.0,6.0,90.0,39.2,17.0
8855,0,24,173.0,70.0,1.0,79.0,37.7,1.0
8856,0,32,185.0,81.0,19.0,102.0,40.4,105.0
8857,0,21,175.0,73.0,20.0,100.0,40.2,90.0
8858,0,40,188.0,87.0,17.0,102.0,40.4,102.0
8859,1,25,172.0,69.0,18.0,96.0,40.5,88.0
8860,1,31,182.0,71.0,20.0,98.0,40.7,103.0
8861,1,21,168.0,58.0,5.0,87.0,39.3,20.0
8862,0,29,195.0,87.0,3.0,90.0,38.4,11.0
8863,1,25,175.0,73.0,10.0,86.0,39.8,38.0
8864,1,26,149.0,52.0,21.0,94.0,40.6,103.0
8865,0,32,181.0,87.0,16.0,96.0,40.3,76.0
8866,1,62,168.0,65.0,7.0,86.0,39.4,32.0
8867,0,36,200.0,105.0,21.0,94.0,40.5,105.0
8868,1,75,168.0,67.0,18.0,102.0,40.5,116.0
8869,1,40,177.0,73.0,7.0,82.0,39.5,25.0
8870,1,79,178.0,73.0,19.0,99.0,40.6,116.0
8871,0,35,171.0,75.0,20.0,96.0,40.5,92.0
8872,0,25,192.0,90.0,17.0,93.0,40.4,68.0
8873,1,26,163.0,63.0,10.0,89.0,39.3,42.0
8874,1,50,173.0,69.0,24.0,93.0,40.8,120.0
8875,0,36,194.0,92.0,9.0,84.0,40.1,29.0
8876,1,40,180.0,72.0,5.0,82.0,39.2,18.0
8877,0,55,199.0,94.0,22.0,98.0,40.5,138.0
8878,0,65,173.0,76.0,21.0,95.0,40.6,125.0
8879,0,23,196.0,96.0,16.0,92.0,40.3,62.0
8880,0,47,199.0,98.0,9.0,79.0,39.3,28.0
8881,0,79,201.0,110.0,8.0,86.0,40.0,48.0
8882,1,63,152.0,53.0,26.0,103.0,40.7,170.0
8883,1,20,148.0,52.0,9.0,93.0,39.7,42.0
8884,1,45,177.0,75.0,7.0,90.0,39.1,32.0
8885,0,30,189.0,95.0,21.0,103.0,40.8,123.0
8886,0,23,171.0,68.0,22.0,101.0,40.9,102.0
8887,0,20,200.0,102.0,23.0,101.0,40.7,120.0
8888,1,43,162.0,59.0,9.0,90.0,39.7,42.0
8889,1,21,173.0,71.0,2.0,82.0,38.5,7.0
8890,1,33,156.0,61.0,5.0,90.0,39.1,22.0
8891,1,60,172.0,65.0,10.0,92.0,39.2,51.0
8892,1,30,155.0,55.0,10.0,83.0,39.7,38.0
8893,1,44,164.0,60.0,23.0,105.0,40.8,145.0
8894,0,36,186.0,82.0,24.0,106.0,40.5,152.0
8895,1,56,165.0,66.0,19.0,108.0,40.4,128.0
8896,1,24,151.0,50.0,28.0,101.0,40.7,158.0
8897,0,23,200.0,99.0,26.0,107.0,40.9,162.0
8898,1,58,159.0,57.0,21.0,106.0,40.4,141.0
8899,0,42,200.0,105.0,15.0,94.0,40.5,79.0
8900,0,39,172.0,77.0,15.0,94.0,40.4,68.0
8901,0,59,195.0,104.0,15.0,92.0,40.3,87.0
8902,1,34,160.0,62.0,21.0,106.0,40.6,130.0
8903,0,39,192.0,91.0,10.0,89.0,40.2,41.0
8904,1,46,159.0,59.0,28.0,109.0,41.0,190.0
8905,1,37,172.0,70.0,16.0,96.0,40.2,81.0
8906,0,41,200.0,98.0,2.0,82.0,38.1,7.0
8907,0,49,190.0,94.0,21.0,97.0,40.2,123.0
8908,1,20,152.0,56.0,12.0,96.0,39.9,60.0
8909,0,46,200.0,107.0,22.0,102.0,40.6,148.0
8910,1,45,168.0,63.0,3.0,81.0,38.6,11.0
8911,1,33,177.0,74.0,30.0,107.0,41.2,184.0
8912,1,62,167.0,63.0,20.0,107.0,40.6,136.0
8913,0,59,199.0,104.0,20.0,102.0,40.5,146.0
8914,0,29,190.0,93.0,11.0,92.0,39.7,45.0
8915,0,30,181.0,77.0,25.0,97.0,41.1,114.0
8916,0,45,186.0,83.0,10.0,95.0,39.8,51.0
8917,1,38,158.0,61.0,27.0,112.0,40.7,187.0
8918,1,47,176.0,76.0,7.0,78.0,39.0,23.0
8919,0,28,188.0,84.0,22.0,105.0,40.8,128.0
8920,1,24,172.0,74.0,17.0,99.0,40.8,87.0
8921,1,42,174.0,71.0,15.0,91.0,40.2,69.0
8922,0,79,190.0,99.0,24.0,104.0,40.5,203.0
8923,0,21,199.0,91.0,16.0,98.0,40.2,73.0
8924,0,35,196.0,93.0,11.0,104.0,40.0,68.0
8925,1,54,169.0,70.0,18.0,97.0,40.3,99.0
8926,0,21,197.0,89.0,9.0,83.0,39.8,21.0
8927,1,48,183.0,71.0,26.0,104.0,40.6,159.0
8928,0,36,173.0,78.0,30.0,114.0,40.6,223.0
8929,0,23,195.0,91.0,5.0,94.0,39.3,20.0
8930,0,24,171.0,74.0,11.0,100.0,39.5,51.0
8931,1,58,153.0,59.0,5.0,83.0,39.4,21.0
8932,0,36,187.0,91.0,7.0,78.0,39.5,16.0
8933,1,39,168.0,62.0,16.0,91.0,40.4,75.0
8934,1,21,156.0,53.0,26.0,104.0,40.8,153.0
8935,0,68,163.0,62.0,29.0,112.0,40.8,242.0
8936,0,50,178.0,83.0,11.0,86.0,40.0,44.0
8937,1,61,175.0,78.0,12.0,91.0,39.8,58.0
8938,1,53,177.0,76.0,12.0,95.0,40.0,62.0
8939,0,73,175.0,73.0,11.0,94.0,39.9,67.0
8940,0,23,180.0,82.0,14.0,91.0,40.3,48.0
8941,0,31,174.0,72.0,18.0,99.0,40.3,87.0
8942,0,42,172.0,71.0,13.0,93.0,40.6,57.0
8943,0,22,185.0,84.0,26.0,102.0,40.5,132.0
8944,0,29,196.0,92.0,20.0,92.0,40.6,82.0
8945,0,42,193.0,91.0,13.0,99.0,40.2,75.0
8946,1,32,171.0,64.0,20.0,98.0,40.4,106.0
8947,1,47,173.0,76.0,12.0,97.0,40.2,63.0
8948,1,60,141.0,46.0,6.0,86.0,39.5,28.0
8949,1,65,168.0,70.0,8.0,83.0,39.5,33.0
8950,0,24,189.0,91.0,6.0,89.0,39.0,20.0
8951,1,21,182.0,77.0,19.0,102.0,40.4,101.0
8952,1,66,153.0,58.0,15.0,90.0,40.1,77.0
8953,1,58,162.0,60.0,21.0,106.0,40.8,140.0
8954,0,65,166.0,65.0,2.0,85.0,38.0,8.0
8955,0,53,180.0,77.0,27.0,103.0,40.7,178.0
8956,0,20,193.0,97.0,21.0,97.0,40.7,95.0
8957,0,39,175.0,79.0,22.0,99.0,40.5,118.0
8958,0,39,198.0,100.0,22.0,94.0,40.7,111.0
8959,0,73,188.0,95.0,21.0,103.0,40.4,167.0
8960,1,36,168.0,69.0,19.0,95.0,40.7,94.0
8961,1,69,149.0,55.0,15.0,95.0,40.2,86.0
8962,1,53,155.0,57.0,30.0,106.0,41.1,198.0
8963,1,38,163.0,70.0,17.0,94.0,40.4,83.0
8964,0,44,189.0,95.0,12.0,94.0,40.0,62.0
8965,0,20,176.0,78.0,16.0,95.0,40.1,61.0
8966,0,21,165.0,70.0,12.0,103.0,40.1,59.0
8967,0,33,183.0,80.0,20.0,99.0,40.6,102.0
8968,0,71,200.0,98.0,27.0,108.0,40.6,234.0
8969,0,74,193.0,95.0,8.0,79.0,39.5,35.0
8970,1,57,170.0,75.0,28.0,113.0,40.7,201.0
8971,0,26,192.0,93.0,13.0,92.0,40.1,52.0
8972,0,25,168.0,73.0,15.0,103.0,40.4,77.0
8973,1,38,166.0,63.0,13.0,90.0,39.9,59.0
8974,1,33,161.0,60.0,8.0,95.0,39.5,40.0
8975,1,31,175.0,65.0,15.0,95.0,39.8,74.0
8976,1,24,149.0,46.0,27.0,112.0,40.8,186.0
8977,0,23,181.0,81.0,11.0,93.0,40.0,41.0
8978,1,43,164.0,61.0,12.0,94.0,39.8,61.0
8979,1,66,168.0,65.0,22.0,107.0,40.4,150.0
8980,0,58,188.0,88.0,18.0,101.0,40.3,122.0
8981,1,24,148.0,52.0,13.0,79.0,39.8,43.0
8982,0,22,176.0,79.0,7.0,86.0,39.6,18.0
8983,1,35,157.0,60.0,30.0,97.0,41.1,159.0
8984,1,65,166.0,70.0,15.0,100.0,39.9,90.0
8985,1,25,171.0,72.0,24.0,96.0,40.7,116.0
8986,1,38,167.0,65.0,23.0,97.0,40.6,121.0
8987,0,35,177.0,79.0,10.0,87.0,40.0,33.0
8988,0,56,182.0,90.0,9.0,86.0,39.4,40.0
8989,0,64,204.0,105.0,19.0,105.0,40.5,152.0
8990,1,22,164.0,62.0,2.0,85.0,38.5,7.0
8991,0,27,185.0,88.0,14.0,103.0,40.0,78.0
8992,1,33,160.0,62.0,4.0,82.0,38.9,14.0
8993,1,42,157.0,59.0,24.0,97.0,40.6,130.0
8994,0,36,188.0,86.0,14.0,96.0,40.4,69.0
8995,1,23,168.0,66.0,7.0,91.0,39.6,30.0
8996,1,69,174.0,75.0,29.0,109.0,41.0,202.0
8997,0,23,190.0,91.0,20.0,100.0,40.6,100.0
8998,1,32,163.0,61.0,23.0,104.0,40.6,137.0
8999,1,60,168.0,64.0,6.0,84.0,39.4,26.0
9000,1,26,159.0,55.0,15.0,96.0,40.1,76.0
9001,1,34,179.0,74.0,25.0,101.0,40.9,138.0
9002,0,35,194.0,95.0,2.0,79.0,38.6,5.0
9003,0,63,179.0,80.0,25.0,108.0,40.8,197.0
9004,0,23,179.0,80.0,21.0,96.0,40.7,87.0
9005,1,27,173.0,68.0,26.0,97.0,40.8,131.0
9006,0,42,186.0,83.0,10.0,80.0,39.7,27.0
9007,1,71,166.0,66.0,29.0,108.0,40.9,204.0
9008,0,31,171.0,72.0,20.0,99.0,40.4,96.0
9009,0,41,177.0,79.0,5.0,91.0,39.4,21.0
9010,0,21,191.0,86.0,16.0,103.0,40.1,84.0
9011,1,62,167.0,64.0,3.0,86.0,38.8,14.0
9012,0,43,178.0,86.0,4.0,86.0,39.0,15.0
9013,0,34,164.0,71.0,17.0,90.0,40.2,61.0
9014,1,52,172.0,73.0,16.0,92.0,40.3,78.0
9015,0,35,193.0,93.0,10.0,83.0,39.7,30.0
9016,0,49,187.0,86.0,11.0,90.0,39.8,51.0
9017,0,34,183.0,81.0,3.0,84.0,38.5,9.0
9018,0,67,199.0,106.0,29.0,108.0,40.8,250.0
9019,1,37,171.0,66.0,25.0,106.0,40.7,155.0
9020,1,30,162.0,57.0,18.0,98.0,40.5,96.0
9021,1,29,153.0,58.0,14.0,101.0,40.1,79.0
9022,1,21,186.0,76.0,22.0,102.0,40.3,118.0
9023,0,48,191.0,88.0,8.0,84.0,39.6,30.0
9024,1,61,170.0,68.0,16.0,101.0,40.2,97.0
9025,1,27,159.0,54.0,10.0,97.0,40.0,52.0
9026,1,52,161.0,63.0,19.0,99.0,40.7,109.0
9027,1,66,162.0,64.0,29.0,110.0,40.8,208.0
9028,1,20,165.0,68.0,4.0,79.0,38.7,12.0
9029,1,35,158.0,58.0,11.0,79.0,39.7,37.0
9030,1,53,158.0,61.0,24.0,106.0,40.7,157.0
9031,0,55,200.0,100.0,23.0,109.0,40.6,186.0
9032,0,27,168.0,64.0,24.0,105.0,40.5,128.0
9033,1,64,152.0,52.0,2.0,92.0,38.1,11.0
9034,1,46,159.0,56.0,19.0,102.0,40.4,115.0
9035,0,39,181.0,82.0,5.0,80.0,39.2,13.0
9036,1,58,171.0,74.0,11.0,81.0,40.1,42.0
9037,0,32,190.0,96.0,17.0,88.0,40.0,63.0
9038,0,33,179.0,76.0,16.0,91.0,40.5,61.0
9039,1,33,171.0,64.0,3.0,81.0,38.7,10.0
9040,1,22,157.0,53.0,9.0,89.0,39.6,39.0
9041,1,28,159.0,61.0,29.0,109.0,40.3,187.0
9042,1,31,163.0,59.0,2.0,85.0,38.0,8.0
9043,1,79,160.0,62.0,18.0,97.0,40.2,109.0
9044,0,58,182.0,85.0,6.0,85.0,39.2,26.0
9045,1,72,171.0,68.0,4.0,82.0,38.4,17.0
9046,1,70,178.0,81.0,8.0,93.0,39.5,42.0
9047,1,63,145.0,52.0,22.0,94.0,40.8,123.0
9048,0,42,183.0,77.0,7.0,93.0,39.8,32.0
9049,0,20,183.0,83.0,25.0,104.0,41.0,132.0
9050,0,62,195.0,97.0,19.0,92.0,40.2,110.0
9051,1,20,166.0,61.0,10.0,99.0,39.6,52.0
9052,1,41,167.0,67.0,22.0,104.0,40.4,133.0
9053,0,24,180.0,81.0,23.0,112.0,40.9,152.0
9054,0,37,181.0,76.0,5.0,79.0,39.6,11.0
9055,1,57,170.0,71.0,27.0,103.0,41.1,166.0
9056,0,78,174.0,80.0,28.0,109.0,40.7,245.0
9057,0,56,194.0,97.0,8.0,91.0,39.9,43.0
9058,1,25,168.0,65.0,14.0,88.0,40.1,57.0
9059,1,52,154.0,55.0,1.0,67.0,38.0,2.0
9060,0,20,182.0,80.0,14.0,98.0,40.7,60.0
9061,0,59,189.0,95.0,22.0,110.0,40.5,183.0
9062,0,55,187.0,84.0,3.0,85.0,38.3,12.0
9063,0,51,192.0,96.0,2.0,77.0,37.8,6.0
9064,0,29,169.0,74.0,26.0,105.0,40.7,147.0
9065,0,65,194.0,98.0,18.0,97.0,40.4,121.0
9066,1,57,148.0,50.0,23.0,108.0,40.6,161.0
9067,1,28,176.0,69.0,3.0,79.0,38.9,9.0
9068,1,52,150.0,51.0,3.0,83.0,38.2,13.0
9069,0,25,176.0,75.0,21.0,102.0,40.4,106.0
9070,0,51,188.0,99.0,18.0,90.0,40.5,90.0
9071,0,77,205.0,104.0,10.0,91.0,40.0,65.0
9072,1,76,187.0,93.0,16.0,90.0,40.5,77.0
9073,1,24,141.0,43.0,11.0,100.0,40.3,62.0
9074,1,55,183.0,82.0,27.0,109.0,40.7,179.0
9075,1,42,176.0,71.0,16.0,91.0,40.2,74.0
9076,1,73,160.0,62.0,6.0,85.0,39.3,28.0
9077,0,60,187.0,87.0,13.0,82.0,40.2,52.0
9078,1,58,168.0,62.0,9.0,90.0,39.9,44.0
9079,1,35,180.0,78.0,12.0,98.0,40.2,62.0
9080,1,69,152.0,57.0,21.0,99.0,40.4,129.0
9081,0,52,191.0,91.0,22.0,100.0,40.8,140.0
9082,1,30,168.0,67.0,29.0,107.0,40.9,179.0
9083,0,46,179.0,79.0,17.0,106.0,40.4,115.0
9084,0,21,188.0,94.0,21.0,105.0,40.3,120.0
9085,1,75,158.0,59.0,29.0,107.0,40.8,205.0
9086,0,54,168.0,72.0,27.0,113.0,41.3,217.0
9087,1,20,143.0,48.0,27.0,107.0,40.6,169.0
9088,1,78,161.0,56.0,25.0,106.0,40.6,177.0
9089,0,32,188.0,93.0,15.0,103.0,40.1,89.0
9090,1,40,172.0,66.0,10.0,86.0,39.7,41.0
9091,0,73,168.0,77.0,18.0,97.0,40.3,120.0
9092,1,33,160.0,57.0,13.0,100.0,40.0,73.0
9093,0,33,172.0,79.0,4.0,85.0,38.7,12.0
9094,1,72,153.0,58.0,12.0,90.0,40.0,63.0
9095,0,26,187.0,84.0,17.0,104.0,40.3,95.0
9096,0,68,189.0,92.0,20.0,101.0,40.5,147.0
9097,0,35,180.0,86.0,17.0,101.0,40.4,95.0
9098,0,34,189.0,94.0,23.0,99.0,40.7,125.0
9099,0,34,184.0,81.0,9.0,86.0,39.8,29.0
9100,1,20,161.0,63.0,28.0,114.0,40.8,190.0
9101,1,56,146.0,49.0,6.0,91.0,39.4,31.0
9102,0,23,173.0,78.0,3.0,88.0,38.7,9.0
9103,0,20,194.0,91.0,21.0,97.0,40.8,92.0
9104,0,31,187.0,88.0,12.0,101.0,40.1,65.0
9105,1,68,166.0,64.0,3.0,77.0,38.3,11.0
9106,1,54,157.0,54.0,18.0,101.0,40.9,110.0
9107,0,37,182.0,83.0,26.0,109.0,40.4,178.0
9108,1,21,162.0,56.0,18.0,107.0,40.2,111.0
9109,1,39,158.0,59.0,24.0,97.0,40.7,129.0
9110,0,43,176.0,82.0,13.0,88.0,40.3,51.0
9111,1,30,147.0,53.0,28.0,117.0,40.6,208.0
9112,0,60,181.0,89.0,1.0,88.0,38.2,5.0
9113,0,56,187.0,90.0,25.0,99.0,40.5,160.0
9114,1,20,163.0,58.0,4.0,81.0,38.9,13.0
9115,0,34,171.0,71.0,5.0,83.0,39.3,13.0
9116,0,73,184.0,85.0,17.0,101.0,40.6,126.0
9117,1,73,162.0,63.0,28.0,107.0,40.7,196.0
9118,0,24,212.0,105.0,9.0,90.0,39.8,34.0
9119,1,75,175.0,73.0,21.0,105.0,40.4,140.0
9120,1,28,155.0,57.0,25.0,102.0,40.6,143.0
9121,1,28,166.0,62.0,27.0,100.0,40.6,147.0
9122,0,35,190.0,93.0,5.0,89.0,39.3,20.0
9123,0,53,186.0,91.0,11.0,82.0,40.1,41.0
9124,0,29,186.0,85.0,19.0,96.0,40.6,86.0
9125,0,65,176.0,83.0,26.0,109.0,41.0,213.0
9126,0,45,208.0,111.0,11.0,99.0,39.7,70.0
9127,1,45,173.0,70.0,12.0,90.0,39.8,55.0
9128,0,79,199.0,101.0,11.0,97.0,40.1,82.0
9129,1,21,158.0,58.0,4.0,69.0,38.7,8.0
9130,0,41,182.0,79.0,5.0,86.0,39.1,17.0
9131,0,28,167.0,65.0,12.0,90.0,40.2,38.0
9132,0,28,194.0,95.0,29.0,106.0,40.8,180.0
9133,0,51,179.0,76.0,17.0,105.0,40.4,115.0
9134,1,49,165.0,66.0,9.0,82.0,39.6,35.0
9135,1,34,154.0,50.0,26.0,107.0,41.1,168.0
9136,0,31,200.0,110.0,9.0,91.0,40.0,40.0
9137,1,27,157.0,52.0,26.0,105.0,40.9,159.0
9138,1,48,160.0,59.0,1.0,79.0,37.6,4.0
9139,0,23,190.0,90.0,25.0,99.0,40.7,120.0
9140,1,29,150.0,48.0,11.0,102.0,40.0,65.0
9141,1,29,162.0,59.0,4.0,82.0,39.2,14.0
9142,1,33,180.0,77.0,22.0,104.0,40.5,127.0
9143,0,57,191.0,90.0,16.0,104.0,40.3,115.0
9144,0,45,183.0,85.0,3.0,81.0,38.8,9.0
9145,0,70,169.0,77.0,3.0,80.0,38.7,12.0
9146,1,33,164.0,64.0,4.0,85.0,39.2,16.0
9147,0,32,195.0,102.0,15.0,100.0,40.4,85.0
9148,1,22,168.0,63.0,29.0,110.0,41.2,186.0
9149,0,44,179.0,82.0,6.0,87.0,39.3,23.0
9150,1,39,158.0,54.0,26.0,105.0,40.8,164.0
9151,0,23,200.0,98.0,14.0,90.0,40.3,51.0
9152,1,36,180.0,72.0,15.0,105.0,40.1,90.0
9153,0,39,199.0,98.0,3.0,76.0,38.7,7.0
9154,1,31,157.0,58.0,24.0,104.0,40.4,144.0
9155,1,43,169.0,66.0,4.0,76.0,39.1,12.0
9156,1,37,161.0,62.0,27.0,110.0,40.4,180.0
9157,1,26,170.0,63.0,11.0,91.0,40.1,49.0
9158,0,25,204.0,98.0,22.0,108.0,40.4,142.0
9159,1,65,151.0,51.0,9.0,79.0,39.8,36.0
9160,1,39,164.0,68.0,15.0,89.0,40.4,66.0
9161,1,68,150.0,53.0,8.0,76.0,39.8,30.0
9162,0,46,173.0,81.0,13.0,88.0,40.2,53.0
9163,1,34,161.0,67.0,27.0,109.0,41.3,174.0
9164,1,32,153.0,54.0,8.0,92.0,39.8,38.0
9165,0,20,163.0,69.0,2.0,78.0,38.3,2.0
9166,1,31,156.0,53.0,20.0,102.0,40.6,117.0
9167,0,51,190.0,94.0,8.0,86.0,39.0,34.0
9168,0,66,173.0,74.0,16.0,96.0,40.3,97.0
9169,1,23,169.0,64.0,30.0,116.0,40.5,212.0
9170,1,68,173.0,67.0,24.0,100.0,40.5,146.0
9171,1,39,159.0,59.0,5.0,88.0,39.3,22.0
9172,1,49,155.0,58.0,10.0,96.0,39.9,55.0
9173,1,45,171.0,66.0,6.0,82.0,39.2,23.0
9174,1,28,148.0,47.0,13.0,95.0,40.2,67.0
9175,1,32,176.0,69.0,15.0,102.0,40.3,85.0
9176,1,26,160.0,58.0,14.0,95.0,39.9,69.0
9177,0,38,198.0,96.0,27.0,95.0,40.6,137.0
9178,0,32,192.0,90.0,2.0,83.0,38.2,6.0
9179,1,75,164.0,61.0,4.0,89.0,38.9,21.0
9180,0,36,185.0,79.0,6.0,89.0,39.1,22.0
9181,1,63,161.0,64.0,4.0,88.0,39.0,19.0
9182,0,69,183.0,91.0,21.0,92.0,40.3,126.0
9183,0,30,186.0,87.0,28.0,118.0,40.5,223.0
9184,0,23,170.0,69.0,23.0,112.0,40.9,145.0
9185,0,32,184.0,93.0,11.0,84.0,39.7,34.0
9186,0,34,189.0,80.0,28.0,117.0,41.0,220.0
9187,0,25,180.0,83.0,17.0,95.0,41.0,71.0
9188,1,28,172.0,71.0,11.0,86.0,40.0,42.0
9189,1,77,155.0,62.0,4.0,85.0,38.9,19.0
9190,1,53,145.0,49.0,4.0,83.0,39.2,17.0
9191,0,55,194.0,100.0,11.0,92.0,39.4,61.0
9192,0,64,197.0,104.0,27.0,105.0,41.3,216.0
9193,1,30,173.0,68.0,24.0,105.0,40.8,143.0
9194,1,33,171.0,74.0,7.0,95.0,39.4,34.0
9195,0,36,182.0,80.0,15.0,94.0,40.1,67.0
9196,0,25,180.0,81.0,29.0,114.0,41.1,202.0
9197,1,22,148.0,48.0,29.0,106.0,40.9,179.0
9198,0,38,189.0,90.0,22.0,109.0,40.7,155.0
9199,1,21,158.0,58.0,11.0,88.0,40.0,45.0
9200,1,24,159.0,55.0,5.0,89.0,39.4,22.0
9201,1,31,160.0,60.0,12.0,95.0,40.2,60.0
9202,0,57,195.0,91.0,14.0,92.0,40.0,76.0
9203,1,25,159.0,57.0,17.0,101.0,40.4,95.0
9204,0,35,186.0,81.0,26.0,105.0,41.0,159.0
9205,0,23,189.0,81.0,23.0,101.0,40.5,113.0
9206,0,53,203.0,104.0,3.0,81.0,38.6,12.0
9207,0,78,179.0,93.0,1.0,79.0,37.6,5.0
9208,0,38,188.0,85.0,7.0,75.0,39.4,13.0
9209,0,60,178.0,78.0,4.0,86.0,39.4,18.0
9210,1,58,171.0,67.0,6.0,82.0,39.4,24.0
9211,1,54,151.0,57.0,25.0,115.0,40.4,190.0
9212,1,66,187.0,82.0,11.0,92.0,40.0,55.0
9213,1,25,175.0,72.0,14.0,97.0,39.8,69.0
9214,0,44,187.0,89.0,13.0,94.0,40.2,66.0
9215,0,68,164.0,69.0,26.0,106.0,40.7,197.0
9216,0,21,180.0,76.0,1.0,74.0,37.6,1.0
9217,1,33,160.0,56.0,20.0,95.0,40.3,102.0
9218,1,56,165.0,61.0,29.0,106.0,41.1,192.0
9219,0,79,205.0,105.0,6.0,86.0,39.5,35.0
9220,1,39,160.0,56.0,16.0,94.0,40.4,81.0
9221,0,21,182.0,75.0,30.0,113.0,41.0,195.0
9222,0,33,177.0,82.0,23.0,102.0,40.8,128.0
9223,0,69,168.0,68.0,5.0,80.0,39.2,18.0
9224,0,45,175.0,82.0,1.0,76.0,38.1,2.0
9225,0,50,184.0,82.0,26.0,107.0,40.6,186.0
9226,0,61,187.0,87.0,23.0,98.0,40.8,148.0
9227,1,20,166.0,64.0,2.0,74.0,38.2,5.0
9228,0,38,191.0,87.0,3.0,82.0,38.7,9.0
9229,0,60,187.0,90.0,9.0,86.0,39.8,42.0
9230,1,20,156.0,51.0,20.0,88.0,40.5,84.0
9231,0,50,175.0,82.0,15.0,103.0,40.6,98.0
9232,0,77,184.0,87.0,6.0,80.0,39.2,27.0
9233,1,58,156.0,62.0,13.0,94.0,40.2,69.0
9234,1,64,167.0,62.0,21.0,104.0,40.4,137.0
9235,0,56,174.0,78.0,4.0,83.0,38.5,15.0
9236,1,25,157.0,58.0,29.0,104.0,40.8,171.0
9237,1,49,168.0,68.0,20.0,99.0,40.6,113.0
9238,1,65,157.0,59.0,13.0,91.0,40.0,67.0
9239,0,36,191.0,89.0,5.0,83.0,39.3,15.0
9240,0,56,188.0,93.0,5.0,82.0,39.2,20.0
9241,0,57,198.0,100.0,24.0,108.0,40.8,193.0
9242,0,34,180.0,77.0,4.0,94.0,39.0,17.0
9243,0,37,185.0,81.0,1.0,84.0,38.0,3.0
9244,0,72,193.0,103.0,13.0,87.0,39.9,73.0
9245,1,46,155.0,57.0,26.0,112.0,40.9,185.0
9246,1,34,164.0,60.0,6.0,81.0,39.0,21.0
9247,1,74,160.0,58.0,22.0,99.0,40.4,137.0
9248,1,33,165.0,66.0,29.0,111.0,41.1,193.0
9249,1,27,160.0,58.0,22.0,104.0,40.4,130.0
9250,0,56,178.0,76.0,7.0,87.0,39.4,30.0
9251,0,27,181.0,79.0,17.0,94.0,40.3,68.0
9252,0,39,175.0,77.0,6.0,86.0,39.5,20.0
9253,0,32,188.0,86.0,24.0,101.0,40.7,131.0
9254,1,20,170.0,64.0,2.0,85.0,38.0,7.0
9255,1,50,175.0,75.0,25.0,116.0,40.7,184.0
9256,1,47,172.0,75.0,30.0,104.0,40.7,181.0
9257,1,20,157.0,54.0,29.0,101.0,41.0,160.0
9258,0,24,188.0,89.0,12.0,96.0,39.7,53.0
9259,0,68,199.0,104.0,22.0,108.0,40.5,190.0
9260,0,22,177.0,80.0,12.0,97.0,40.1,51.0
9261,1,33,154.0,59.0,28.0,105.0,40.6,171.0
9262,1,27,182.0,75.0,5.0,93.0,39.5,23.0
9263,1,76,171.0,69.0,10.0,89.0,39.9,50.0
9264,0,22,198.0,97.0,1.0,79.0,37.5,2.0
9265,0,20,206.0,105.0,11.0,94.0,40.0,47.0
9266,1,28,174.0,69.0,2.0,75.0,38.2,5.0
9267,0,42,198.0,104.0,26.0,103.0,41.3,172.0
9268,0,43,187.0,90.0,9.0,90.0,39.5,40.0
9269,0,41,184.0,91.0,27.0,111.0,41.2,203.0
9270,1,27,173.0,68.0,18.0,99.0,40.4,94.0
9271,0,22,172.0,74.0,8.0,85.0,39.5,18.0
9272,1,43,173.0,69.0,2.0,79.0,38.2,7.0
9273,1,26,146.0,46.0,16.0,99.0,40.4,89.0
9274,1,28,162.0,62.0,21.0,96.0,40.2,106.0
9275,0,65,193.0,91.0,8.0,87.0,40.0,40.0
9276,1,57,172.0,69.0,24.0,106.0,40.7,156.0
9277,1,24,175.0,72.0,4.0,87.0,38.7,15.0
9278,1,25,164.0,62.0,8.0,85.0,39.5,30.0
9279,1,66,171.0,70.0,13.0,96.0,40.3,73.0
9280,0,43,181.0,80.0,10.0,97.0,39.6,53.0
9281,0,57,183.0,89.0,14.0,95.0,40.2,82.0
9282,0,24,180.0,79.0,26.0,102.0,40.8,132.0
9283,0,65,196.0,98.0,21.0,103.0,40.2,160.0
9284,0,55,192.0,93.0,6.0,86.0,39.1,27.0
9285,0,77,190.0,100.0,16.0,96.0,40.3,115.0
9286,0,57,175.0,78.0,4.0,77.0,38.8,11.0
9287,1,53,168.0,65.0,21.0,102.0,40.5,127.0
9288,1,28,170.0,70.0,11.0,86.0,40.1,42.0
9289,0,29,182.0,81.0,18.0,99.0,40.7,88.0
9290,1,22,152.0,53.0,11.0,93.0,39.9,52.0
9291,1,24,175.0,72.0,18.0,109.0,40.3,112.0
9292,0,66,188.0,93.0,26.0,115.0,40.7,243.0
9293,0,23,189.0,89.0,8.0,82.0,39.7,18.0
9294,1,21,169.0,60.0,5.0,84.0,39.2,18.0
9295,0,59,181.0,85.0,6.0,93.0,39.6,33.0
9296,0,21,178.0,79.0,11.0,86.0,39.7,28.0
9297,0,75,178.0,83.0,26.0,119.0,40.7,265.0
9298,0,51,169.0,69.0,20.0,100.0,40.1,117.0
9299,0,71,175.0,75.0,16.0,91.0,40.1,90.0
9300,0,74,185.0,93.0,9.0,89.0,39.7,52.0
9301,0,31,203.0,105.0,29.0,113.0,40.8,221.0
9302,0,24,160.0,61.0,1.0,77.0,37.7,1.0
9303,1,24,135.0,45.0,6.0,83.0,39.2,23.0
9304,1,53,158.0,55.0,6.0,83.0,39.7,25.0
9305,0,35,171.0,67.0,7.0,94.0,39.4,29.0
9306,1,50,170.0,68.0,3.0,84.0,38.4,12.0
9307,1,40,156.0,53.0,22.0,106.0,40.8,142.0
9308,1,34,179.0,71.0,13.0,100.0,40.5,71.0
9309,1,20,149.0,52.0,16.0,91.0,40.4,72.0
9310,0,26,197.0,97.0,17.0,86.0,40.6,54.0
9311,0,35,185.0,87.0,11.0,85.0,40.0,35.0
9312,0,69,170.0,76.0,4.0,84.0,38.8,18.0
9313,0,29,187.0,84.0,16.0,93.0,40.5,65.0
9314,1,70,147.0,46.0,10.0,93.0,39.8,57.0
9315,0,69,197.0,98.0,18.0,93.0,40.7,113.0
9316,1,22,174.0,73.0,20.0,101.0,40.3,106.0
9317,0,39,190.0,96.0,30.0,109.0,40.6,217.0
9318,0,29,168.0,72.0,6.0,86.0,39.4,17.0
9319,0,67,195.0,94.0,28.0,100.0,40.8,201.0
9320,1,21,158.0,59.0,7.0,85.0,39.5,26.0
9321,0,43,167.0,71.0,16.0,100.0,40.3,88.0
9322,1,23,185.0,80.0,8.0,91.0,39.4,33.0
9323,0,29,197.0,94.0,29.0,111.0,40.8,203.0
9324,0,42,173.0,74.0,16.0,97.0,40.3,81.0
9325,1,38,159.0,64.0,21.0,104.0,40.3,127.0
9326,1,43,144.0,49.0,12.0,83.0,39.9,49.0
9327,1,63,168.0,67.0,2.0,86.0,37.8,9.0
9328,0,76,177.0,83.0,14.0,101.0,40.3,105.0
9329,1,77,154.0,61.0,8.0,88.0,39.4,40.0
9330,0,42,209.0,111.0,7.0,83.0,39.5,26.0
9331,0,37,190.0,88.0,13.0,97.0,39.8,67.0
9332,0,71,168.0,68.0,18.0,98.0,40.2,117.0
9333,0,23,193.0,83.0,7.0,83.0,39.2,16.0
9334,0,40,193.0,95.0,22.0,105.0,40.6,146.0
9335,0,27,178.0,84.0,1.0,82.0,37.6,2.0
9336,0,56,190.0,95.0,5.0,82.0,39.0,20.0
9337,1,53,158.0,60.0,14.0,87.0,40.2,64.0
9338,0,44,196.0,92.0,27.0,112.0,40.7,211.0
9339,0,20,192.0,90.0,17.0,104.0,40.6,92.0
9340,1,24,168.0,65.0,30.0,107.0,40.5,183.0
9341,1,20,176.0,69.0,26.0,113.0,40.8,172.0
9342,1,41,162.0,60.0,11.0,82.0,39.8,42.0
9343,1,20,167.0,63.0,27.0,113.0,40.7,181.0
9344,0,28,179.0,75.0,17.0,100.0,40.3,83.0
9345,0,31,184.0,87.0,3.0,89.0,38.5,11.0
9346,1,39,156.0,58.0,5.0,78.0,39.3,17.0
9347,0,31,192.0,94.0,26.0,106.0,40.9,165.0
9348,0,48,177.0,78.0,2.0,94.0,38.0,10.0
9349,1,62,148.0,54.0,20.0,97.0,40.1,117.0
9350,0,71,209.0,109.0,18.0,95.0,40.0,125.0
9351,0,47,195.0,99.0,11.0,88.0,39.8,50.0
9352,0,73,181.0,91.0,19.0,98.0,40.6,135.0
9353,0,69,174.0,83.0,24.0,108.0,40.8,198.0
9354,1,44,173.0,69.0,26.0,109.0,40.8,172.0
9355,0,44,189.0,88.0,4.0,85.0,39.0,15.0
9356,0,38,168.0,72.0,5.0,82.0,39.1,13.0
9357,1,45,184.0,85.0,22.0,94.0,40.4,106.0
9358,0,31,182.0,80.0,28.0,107.0,41.1,173.0
9359,0,33,182.0,85.0,29.0,107.0,40.8,185.0
9360,0,64,188.0,84.0,20.0,102.0,40.4,142.0
9361,0,58,172.0,75.0,27.0,107.0,40.7,199.0
9362,0,36,186.0,89.0,22.0,103.0,40.9,132.0
9363,1,59,157.0,60.0,5.0,84.0,38.8,22.0
9364,0,32,173.0,78.0,8.0,94.0,39.6,34.0
9365,1,61,149.0,52.0,4.0,85.0,38.8,18.0
9366,1,23,171.0,66.0,22.0,106.0,40.7,131.0
9367,0,20,183.0,85.0,13.0,89.0,40.3,40.0
9368,0,30,174.0,71.0,29.0,114.0,40.9,203.0
9369,1,72,166.0,60.0,20.0,100.0,40.8,125.0
9370,1,34,188.0,78.0,15.0,85.0,40.3,56.0
9371,0,37,197.0,92.0,1.0,87.0,37.5,4.0
9372,1,24,155.0,60.0,18.0,99.0,40.6,96.0
9373,1,35,183.0,73.0,17.0,97.0,40.5,87.0
9374,0,29,175.0,73.0,9.0,91.0,39.7,32.0
9375,0,30,183.0,83.0,8.0,93.0,39.7,33.0
9376,1,77,155.0,59.0,19.0,95.0,40.2,111.0
9377,1,58,179.0,79.0,11.0,88.0,39.8,49.0
9378,0,46,185.0,90.0,3.0,76.0,38.7,7.0
9379,1,24,147.0,50.0,24.0,106.0,40.5,149.0
9380,1,66,180.0,75.0,4.0,88.0,38.9,19.0
9381,1,77,162.0,58.0,4.0,91.0,39.0,22.0
9382,1,21,163.0,53.0,6.0,89.0,39.5,26.0
9383,0,66,184.0,89.0,9.0,85.0,39.3,43.0
9384,1,79,168.0,70.0,23.0,97.0,40.5,136.0
9385,0,27,196.0,100.0,22.0,101.0,40.5,121.0
9386,1,72,159.0,59.0,28.0,105.0,40.7,191.0
9387,1,22,156.0,57.0,6.0,89.0,39.1,25.0
9388,1,54,167.0,65.0,28.0,110.0,40.6,194.0
9389,1,73,156.0,57.0,3.0,80.0,38.6,13.0
9390,0,20,181.0,77.0,16.0,96.0,40.5,63.0
9391,1,65,175.0,78.0,25.0,107.0,40.5,166.0
9392,0,24,178.0,79.0,12.0,83.0,40.1,27.0
9393,1,60,161.0,63.0,3.0,89.0,38.3,14.0
9394,1,41,142.0,47.0,26.0,107.0,40.8,173.0
9395,0,67,186.0,93.0,9.0,86.0,39.7,45.0
9396,1,50,155.0,57.0,9.0,97.0,39.8,50.0
9397,0,64,195.0,101.0,30.0,109.0,41.0,256.0
9398,0,23,165.0,69.0,28.0,102.0,41.0,135.0
9399,1,78,170.0,67.0,25.0,108.0,40.5,178.0
9400,0,52,193.0,96.0,29.0,108.0,40.9,223.0
9401,0,42,184.0,83.0,30.0,110.0,41.1,217.0
9402,1,35,151.0,55.0,25.0,105.0,40.5,155.0
9403,1,27,170.0,70.0,14.0,93.0,40.0,64.0
9404,1,48,185.0,82.0,2.0,84.0,38.4,8.0
9405,0,35,182.0,85.0,22.0,104.0,40.5,133.0
9406,1,53,156.0,55.0,5.0,74.0,39.1,16.0
9407,1,48,166.0,65.0,12.0,97.0,40.2,65.0
9408,1,24,157.0,52.0,11.0,85.0,40.0,43.0
9409,0,52,186.0,84.0,24.0,105.0,40.6,168.0
9410,1,29,172.0,66.0,14.0,101.0,40.6,77.0
9411,0,34,178.0,81.0,21.0,100.0,40.2,111.0
9412,0,24,174.0,74.0,4.0,86.0,39.0,10.0
9413,1,37,148.0,51.0,29.0,108.0,40.6,192.0
9414,1,47,176.0,77.0,13.0,87.0,40.2,55.0
9415,0,44,175.0,80.0,5.0,91.0,39.2,22.0
9416,0,24,183.0,81.0,12.0,91.0,40.1,42.0
9417,1,37,152.0,52.0,7.0,89.0,39.2,32.0
9418,0,39,175.0,75.0,26.0,102.0,40.8,149.0
9419,0,47,188.0,84.0,26.0,105.0,40.8,175.0
9420,1,64,183.0,79.0,17.0,99.0,40.3,98.0
9421,0,22,188.0,93.0,29.0,107.0,40.6,175.0
9422,1,40,164.0,62.0,13.0,101.0,40.0,75.0
9423,1,58,160.0,62.0,7.0,87.0,39.3,32.0
9424,1,45,170.0,62.0,8.0,86.0,39.4,34.0
9425,0,22,184.0,79.0,15.0,94.0,40.3,57.0
9426,1,22,162.0,56.0,17.0,96.0,40.6,85.0
9427,1,23,169.0,62.0,15.0,87.0,40.1,60.0
9428,1,59,164.0,61.0,22.0,106.0,40.7,147.0
9429,0,63,176.0,79.0,12.0,90.0,39.8,62.0
9430,0,20,180.0,79.0,25.0,106.0,40.4,137.0
9431,1,29,169.0,64.0,21.0,95.0,40.3,103.0
9432,1,37,164.0,67.0,19.0,89.0,40.1,83.0
9433,1,52,161.0,65.0,28.0,103.0,40.5,172.0
9434,1,31,157.0,56.0,3.0,84.0,39.1,12.0
9435,1,32,159.0,59.0,23.0,108.0,40.6,148.0
9436,1,20,149.0,50.0,8.0,81.0,39.5,28.0
9437,1,46,187.0,82.0,24.0,98.0,40.7,127.0
9438,0,20,185.0,85.0,16.0,101.0,40.1,78.0
9439,1,45,156.0,57.0,27.0,104.0,40.6,169.0
9440,0,23,191.0,96.0,7.0,89.0,39.0,24.0
9441,1,27,165.0,61.0,14.0,92.0,40.4,64.0
9442,0,44,198.0,98.0,28.0,106.0,40.8,197.0
9443,1,35,161.0,57.0,12.0,94.0,39.9,60.0
9444,1,45,161.0,59.0,3.0,74.0,38.3,9.0
9445,1,55,179.0,74.0,16.0,105.0,40.5,101.0
9446,0,38,193.0,91.0,21.0,102.0,40.6,126.0
9447,1,32,158.0,57.0,19.0,101.0,40.4,108.0
9448,0,50,183.0,84.0,7.0,84.0,39.5,26.0
9449,0,56,194.0,97.0,11.0,84.0,40.0,47.0
9450,1,39,167.0,61.0,22.0,95.0,40.7,113.0
9451,1,20,174.0,67.0,3.0,79.0,39.1,9.0
9452,1,35,165.0,61.0,20.0,99.0,40.3,110.0
9453,0,31,193.0,98.0,2.0,87.0,38.5,7.0
9454,0,21,173.0,78.0,28.0,108.0,40.7,163.0
9455,1,50,158.0,58.0,17.0,95.0,40.1,91.0
9456,0,30,183.0,86.0,12.0,89.0,40.3,43.0
9457,0,54,183.0,90.0,6.0,88.0,39.5,28.0
9458,0,57,190.0,98.0,29.0,116.0,41.1,266.0
9459,1,39,156.0,52.0,14.0,83.0,40.1,56.0
9460,0,47,204.0,98.0,18.0,96.0,40.6,102.0
9461,0,33,177.0,80.0,25.0,102.0,40.5,138.0
9462,1,21,170.0,70.0,15.0,96.0,40.2,72.0
9463,1,33,153.0,54.0,12.0,93.0,39.8,59.0
9464,1,33,165.0,64.0,23.0,96.0,40.4,117.0
9465,0,47,192.0,101.0,18.0,99.0,40.6,112.0
9466,0,42,193.0,96.0,10.0,82.0,39.4,33.0
9467,1,40,183.0,78.0,20.0,92.0,40.6,92.0
9468,1,31,166.0,69.0,8.0,78.0,39.8,24.0
9469,1,54,172.0,70.0,28.0,101.0,41.0,166.0
9470,0,27,184.0,83.0,26.0,102.0,41.1,138.0
9471,0,44,186.0,86.0,27.0,97.0,40.5,147.0
9472,1,47,181.0,81.0,27.0,104.0,40.8,161.0
9473,1,74,156.0,60.0,10.0,88.0,39.6,50.0
9474,0,40,178.0,80.0,17.0,96.0,40.4,84.0
9475,1,74,168.0,66.0,4.0,79.0,38.9,16.0
9476,0,64,188.0,87.0,10.0,90.0,40.2,54.0
9477,1,21,171.0,65.0,2.0,88.0,38.3,8.0
9478,1,71,162.0,61.0,21.0,102.0,40.6,135.0
9479,1,69,169.0,72.0,20.0,104.0,40.4,129.0
9480,1,71,169.0,74.0,13.0,98.0,40.1,76.0
9481,0,33,189.0,92.0,18.0,105.0,40.3,112.0
9482,1,39,162.0,68.0,17.0,102.0,40.2,98.0
9483,0,31,176.0,75.0,20.0,97.0,40.5,91.0
9484,1,25,167.0,64.0,23.0,95.0,41.0,111.0
9485,0,64,209.0,107.0,23.0,111.0,40.7,206.0
9486,1,32,182.0,84.0,7.0,95.0,39.4,33.0
9487,0,48,174.0,78.0,22.0,103.0,40.6,140.0
9488,1,20,171.0,71.0,3.0,79.0,38.5,9.0
9489,1,62,177.0,76.0,2.0,80.0,37.8,7.0
9490,0,20,172.0,76.0,6.0,83.0,39.4,12.0
9491,0,30,184.0,81.0,14.0,95.0,40.2,61.0
9492,1,56,152.0,53.0,18.0,96.0,40.5,102.0
9493,0,45,188.0,89.0,7.0,85.0,39.0,26.0
9494,1,49,172.0,66.0,20.0,111.0,40.1,139.0
9495,1,27,170.0,66.0,9.0,94.0,39.8,43.0
9496,1,26,162.0,62.0,26.0,101.0,41.0,144.0
9497,1,52,159.0,65.0,7.0,93.0,39.1,36.0
9498,0,61,194.0,91.0,26.0,102.0,41.3,185.0
9499,0,24,184.0,78.0,21.0,95.0,40.5,84.0
9500,1,42,169.0,64.0,7.0,88.0,39.4,31.0
9501,0,46,181.0,87.0,20.0,103.0,40.8,129.0
9502,0,45,207.0,114.0,16.0,105.0,40.3,117.0
9503,0,34,194.0,98.0,7.0,84.0,39.2,23.0
9504,0,71,197.0,92.0,15.0,91.0,40.0,89.0
9505,1,41,173.0,68.0,12.0,91.0,40.1,56.0
9506,1,50,172.0,71.0,15.0,84.0,40.3,60.0
9507,0,24,192.0,92.0,27.0,105.0,40.7,157.0
9508,1,38,168.0,68.0,19.0,98.0,40.7,101.0
9509,0,22,182.0,82.0,26.0,103.0,40.8,135.0
9510,0,23,185.0,88.0,8.0,91.0,39.6,29.0
9511,0,52,179.0,79.0,18.0,106.0,40.3,127.0
9512,0,22,196.0,97.0,14.0,94.0,40.0,58.0
9513,0,40,203.0,104.0,18.0,108.0,40.5,131.0
9514,0,48,183.0,91.0,24.0,102.0,40.4,156.0
9515,0,43,197.0,97.0,3.0,83.0,38.9,11.0
9516,0,46,185.0,90.0,17.0,95.0,40.1,90.0
9517,0,44,158.0,65.0,3.0,94.0,38.4,14.0
9518,1,51,169.0,69.0,12.0,96.0,40.1,64.0
9519,1,27,179.0,79.0,19.0,96.0,40.5,91.0
9520,0,27,174.0,81.0,8.0,77.0,39.7,12.0
9521,0,72,193.0,102.0,15.0,88.0,40.5,87.0
9522,0,52,188.0,93.0,14.0,98.0,40.2,86.0
9523,1,20,172.0,65.0,8.0,97.0,39.6,40.0
9524,0,76,182.0,91.0,6.0,90.0,39.5,36.0
9525,1,77,150.0,55.0,5.0,80.0,39.0,21.0
9526,1,26,182.0,80.0,21.0,96.0,40.5,100.0
9527,1,73,165.0,66.0,10.0,92.0,40.0,53.0
9528,1,45,174.0,69.0,21.0,108.0,40.4,137.0
9529,1,42,162.0,66.0,21.0,96.0,40.4,110.0
9530,0,42,178.0,81.0,27.0,106.0,40.8,178.0
9531,1,73,140.0,44.0,12.0,95.0,40.3,72.0
9532,0,31,170.0,67.0,5.0,90.0,39.1,17.0
9533,0,21,187.0,83.0,3.0,87.0,38.6,8.0
9534,1,53,164.0,63.0,26.0,107.0,40.8,172.0
9535,0,59,192.0,97.0,28.0,112.0,41.3,242.0
9536,1,69,170.0,72.0,16.0,88.0,40.1,76.0
9537,1,31,170.0,68.0,19.0,105.0,40.6,113.0
9538,0,39,182.0,89.0,15.0,90.0,40.5,63.0
9539,1,59,163.0,63.0,20.0,95.0,40.6,109.0
9540,0,54,195.0,95.0,10.0,88.0,39.8,48.0
9541,1,59,135.0,38.0,17.0,98.0,40.4,104.0
9542,0,20,189.0,92.0,28.0,108.0,40.9,170.0
9543,0,32,170.0,73.0,19.0,99.0,40.5,93.0
9544,0,37,193.0,95.0,8.0,84.0,39.8,27.0
9545,0,25,188.0,95.0,12.0,99.0,40.0,60.0
9546,1,28,167.0,65.0,5.0,79.0,39.1,16.0
9547,1,43,152.0,56.0,25.0,105.0,40.6,158.0
9548,0,46,185.0,90.0,17.0,94.0,40.4,88.0
9549,0,25,204.0,105.0,10.0,83.0,39.4,28.0
9550,1,21,168.0,65.0,29.0,100.0,41.1,153.0
9551,0,34,181.0,79.0,19.0,100.0,40.3,100.0
9552,0,57,199.0,105.0,15.0,90.0,40.1,81.0
9553,0,58,187.0,94.0,9.0,88.0,39.7,44.0
9554,1,44,163.0,65.0,23.0,99.0,40.6,129.0
9555,1,24,154.0,56.0,26.0,106.0,40.9,159.0
9556,1,25,185.0,85.0,20.0,104.0,40.6,110.0
9557,0,60,180.0,83.0,17.0,95.0,40.2,99.0
9558,0,21,180.0,77.0,14.0,92.0,40.2,47.0
9559,1,54,183.0,74.0,29.0,107.0,40.9,188.0
9560,0,49,173.0,76.0,25.0,109.0,40.8,182.0
9561,0,43,185.0,94.0,16.0,103.0,40.3,103.0
9562,1,54,162.0,59.0,24.0,114.0,40.8,179.0
9563,0,23,189.0,91.0,23.0,107.0,40.8,139.0
9564,1,65,168.0,62.0,4.0,84.0,39.1,18.0
9565,1,40,159.0,58.0,18.0,106.0,40.1,115.0
9566,1,21,167.0,67.0,18.0,100.0,40.2,95.0
9567,0,62,180.0,87.0,1.0,80.0,37.8,4.0
9568,1,47,176.0,75.0,6.0,83.0,39.8,23.0
9569,1,36,168.0,69.0,26.0,104.0,41.1,154.0
9570,1,50,187.0,81.0,4.0,82.0,39.2,15.0
9571,0,56,170.0,78.0,15.0,99.0,40.1,92.0
9572,1,45,164.0,58.0,16.0,103.0,40.3,98.0
9573,1,59,171.0,71.0,5.0,94.0,39.2,26.0
9574,0,47,200.0,103.0,3.0,72.0,39.1,7.0
9575,1,79,160.0,59.0,21.0,100.0,40.4,134.0
9576,1,24,188.0,83.0,6.0,80.0,39.3,18.0
9577,1,50,168.0,67.0,5.0,81.0,39.2,19.0
9578,0,23,193.0,95.0,5.0,85.0,38.8,14.0
9579,0,20,166.0,73.0,6.0,94.0,39.1,21.0
9580,1,29,160.0,55.0,5.0,85.0,39.3,20.0
9581,0,34,170.0,68.0,23.0,103.0,40.5,126.0
9582,1,29,173.0,71.0,17.0,89.0,40.4,71.0
9583,1,73,149.0,55.0,30.0,107.0,41.2,213.0
9584,1,21,173.0,70.0,4.0,87.0,38.9,15.0
9585,0,49,189.0,86.0,29.0,109.0,40.8,217.0
9586,0,46,179.0,84.0,6.0,82.0,39.2,19.0
9587,1,31,164.0,66.0,12.0,88.0,39.8,50.0
9588,0,69,176.0,78.0,18.0,100.0,40.3,125.0
9589,0,24,182.0,78.0,28.0,105.0,40.8,154.0
9590,0,34,195.0,92.0,10.0,91.0,39.9,42.0
9591,0,32,182.0,78.0,2.0,72.0,37.6,2.0
9592,0,44,183.0,86.0,26.0,103.0,40.8,165.0
9593,0,28,176.0,71.0,2.0,82.0,38.5,4.0
9594,1,78,189.0,84.0,10.0,85.0,40.0,44.0
9595,0,21,190.0,93.0,6.0,80.0,39.3,11.0
9596,0,24,195.0,98.0,20.0,96.0,40.6,92.0
9597,1,34,164.0,62.0,26.0,109.0,40.7,170.0
9598,0,54,181.0,78.0,29.0,108.0,40.9,215.0
9599,0,43,191.0,96.0,21.0,115.0,40.4,175.0
9600,0,46,183.0,89.0,14.0,95.0,39.9,74.0
9601,0,33,186.0,91.0,24.0,96.0,40.6,117.0
9602,0,35,171.0,77.0,30.0,108.0,40.9,194.0
9603,1,26,167.0,58.0,15.0,95.0,40.2,74.0
9604,0,33,190.0,95.0,15.0,89.0,40.2,58.0
9605,1,36,154.0,59.0,5.0,87.0,39.3,21.0
9606,1,22,168.0,65.0,13.0,97.0,40.1,65.0
9607,1,54,184.0,79.0,23.0,92.0,40.9,111.0
9608,1,21,179.0,71.0,24.0,104.0,40.7,135.0
9609,0,31,192.0,93.0,28.0,108.0,40.7,185.0
9610,0,36,188.0,94.0,16.0,99.0,40.6,88.0
9611,1,33,167.0,67.0,17.0,99.0,40.0,91.0
9612,1,31,179.0,77.0,9.0,92.0,40.1,40.0
9613,0,70,199.0,103.0,21.0,106.0,40.7,177.0
9614,1,36,166.0,64.0,27.0,105.0,41.0,165.0
9615,0,36,186.0,86.0,8.0,84.0,39.7,25.0
9616,0,21,183.0,88.0,7.0,94.0,39.4,27.0
9617,0,63,204.0,112.0,29.0,110.0,40.4,257.0
9618,0,55,172.0,73.0,17.0,89.0,40.3,76.0
9619,0,70,186.0,92.0,18.0,100.0,40.5,131.0
9620,1,32,173.0,67.0,14.0,96.0,39.9,70.0
9621,0,67,171.0,76.0,14.0,93.0,40.1,80.0
9622,1,43,178.0,76.0,11.0,93.0,39.3,53.0
9623,0,45,194.0,97.0,12.0,99.0,39.9,72.0
9624,1,36,169.0,65.0,14.0,92.0,39.7,66.0
9625,0,69,193.0,95.0,16.0,94.0,40.5,102.0
9626,0,77,184.0,88.0,26.0,111.0,40.5,239.0
9627,1,65,149.0,50.0,25.0,105.0,40.4,170.0
9628,1,32,146.0,43.0,3.0,88.0,38.5,14.0
9629,0,45,186.0,95.0,7.0,84.0,39.6,26.0
9630,0,24,182.0,86.0,18.0,91.0,40.2,64.0
9631,1,25,165.0,66.0,24.0,104.0,40.6,139.0
9632,1,42,163.0,60.0,10.0,90.0,40.0,47.0
9633,1,23,160.0,59.0,5.0,88.0,39.4,21.0
9634,1,47,154.0,53.0,25.0,103.0,40.6,156.0
9635,1,36,144.0,49.0,11.0,91.0,40.2,53.0
9636,1,49,152.0,51.0,3.0,77.0,38.7,11.0
9637,0,69,188.0,91.0,25.0,105.0,40.6,199.0
9638,1,32,166.0,61.0,28.0,107.0,40.8,176.0
9639,1,28,169.0,64.0,13.0,94.0,39.8,62.0
9640,0,40,183.0,84.0,5.0,79.0,39.1,12.0
9641,1,23,154.0,52.0,19.0,103.0,40.6,111.0
9642,0,31,186.0,90.0,16.0,95.0,40.0,74.0
9643,0,40,173.0,71.0,16.0,93.0,40.4,69.0
9644,1,72,166.0,67.0,6.0,91.0,39.4,31.0
9645,1,47,161.0,57.0,10.0,86.0,39.8,44.0
9646,1,43,176.0,75.0,6.0,81.0,39.2,21.0
9647,1,29,163.0,59.0,26.0,111.0,40.9,174.0
9648,1,21,164.0,62.0,22.0,98.0,40.6,113.0
9649,0,21,166.0,69.0,27.0,101.0,40.8,123.0
9650,0,46,171.0,73.0,26.0,101.0,40.7,152.0
9651,0,78,188.0,95.0,4.0,90.0,39.0,25.0
9652,1,24,157.0,56.0,11.0,95.0,40.0,54.0
9653,0,48,178.0,80.0,6.0,76.0,39.5,14.0
9654,0,23,191.0,86.0,29.0,115.0,40.9,207.0
9655,1,38,164.0,61.0,20.0,94.0,40.6,100.0
9656,0,66,181.0,86.0,18.0,100.0,40.4,125.0
9657,0,25,185.0,90.0,15.0,96.0,40.5,67.0
9658,0,70,193.0,97.0,25.0,109.0,40.9,218.0
9659,1,29,159.0,59.0,21.0,100.0,40.5,116.0
9660,0,27,181.0,86.0,30.0,112.0,40.8,206.0
9661,1,43,178.0,78.0,16.0,96.0,40.3,81.0
9662,1,35,172.0,65.0,19.0,97.0,40.7,99.0
9663,1,28,161.0,56.0,2.0,85.0,38.2,8.0
9664,0,30,177.0,77.0,19.0,100.0,40.9,95.0
9665,0,61,185.0,85.0,2.0,73.0,38.2,5.0
9666,0,78,189.0,95.0,18.0,97.0,40.0,131.0
9667,0,33,187.0,87.0,26.0,106.0,40.7,163.0
9668,0,29,186.0,79.0,9.0,84.0,39.6,23.0
9669,0,40,209.0,116.0,4.0,86.0,39.1,17.0
9670,1,49,173.0,67.0,10.0,85.0,39.5,42.0
9671,0,76,190.0,94.0,8.0,95.0,39.4,55.0
9672,1,21,172.0,63.0,9.0,91.0,39.7,39.0
9673,1,72,170.0,67.0,4.0,80.0,38.5,16.0
9674,1,39,177.0,72.0,21.0,92.0,40.2,98.0
9675,0,50,184.0,94.0,11.0,85.0,40.0,45.0
9676,0,63,167.0,67.0,24.0,100.0,40.7,153.0
9677,1,30,173.0,65.0,22.0,107.0,40.4,136.0
9678,1,32,153.0,56.0,7.0,82.0,39.8,26.0
9679,0,63,172.0,79.0,15.0,101.0,40.5,102.0
9680,0,24,191.0,91.0,26.0,107.0,40.6,158.0
9681,0,74,201.0,107.0,14.0,96.0,40.1,101.0
9682,1,66,163.0,60.0,29.0,100.0,40.8,179.0
9683,1,37,161.0,56.0,8.0,90.0,39.5,37.0
9684,0,46,189.0,87.0,26.0,107.0,40.9,184.0
9685,0,33,185.0,91.0,12.0,94.0,40.1,55.0
9686,1,27,160.0,56.0,25.0,104.0,40.7,149.0
9687,0,28,184.0,88.0,1.0,86.0,37.7,3.0
9688,1,43,173.0,67.0,11.0,95.0,39.7,56.0
9689,1,65,187.0,82.0,8.0,90.0,39.2,38.0
9690,0,78,196.0,101.0,3.0,88.0,38.6,18.0
9691,1,33,140.0,48.0,24.0,114.0,40.5,174.0
9692,0,59,181.0,88.0,24.0,96.0,40.7,145.0
9693,0,51,192.0,102.0,7.0,94.0,39.4,40.0
9694,1,20,171.0,66.0,25.0,104.0,40.4,142.0
9695,1,31,150.0,56.0,28.0,105.0,40.9,172.0
9696,0,27,180.0,80.0,28.0,111.0,41.2,185.0
9697,1,22,165.0,60.0,24.0,105.0,40.9,142.0
9698,0,67,179.0,82.0,22.0,104.0,40.5,165.0
9699,0,76,177.0,84.0,7.0,84.0,39.1,35.0
9700,0,52,176.0,77.0,26.0,112.0,40.8,205.0
9701,0,48,173.0,78.0,15.0,101.0,40.1,91.0
9702,1,25,153.0,58.0,20.0,102.0,40.4,113.0
9703,1,26,164.0,62.0,15.0,95.0,39.8,73.0
9704,1,39,174.0,72.0,20.0,93.0,40.6,95.0
9705,1,51,165.0,70.0,25.0,102.0,40.7,149.0
9706,0,31,184.0,90.0,16.0,98.0,40.3,81.0
9707,0,28,189.0,94.0,17.0,103.0,40.6,98.0
9708,0,26,180.0,88.0,4.0,91.0,38.8,15.0
9709,0,43,194.0,98.0,27.0,104.0,41.0,181.0
9710,1,23,140.0,50.0,21.0,93.0,41.0,100.0
9711,1,54,161.0,57.0,7.0,94.0,39.2,37.0
9712,1,62,163.0,62.0,3.0,84.0,38.3,13.0
9713,1,61,166.0,66.0,18.0,95.0,40.3,98.0
9714,1,43,168.0,61.0,8.0,89.0,39.7,36.0
9715,1,28,146.0,50.0,25.0,97.0,41.0,133.0
9716,0,42,181.0,78.0,7.0,77.0,39.7,15.0
9717,1,53,156.0,57.0,16.0,94.0,40.1,85.0
9718,1,20,169.0,64.0,20.0,99.0,40.8,104.0
9719,1,53,159.0,61.0,14.0,109.0,39.8,96.0
9720,1,27,167.0,63.0,15.0,104.0,40.2,88.0
9721,0,20,191.0,91.0,9.0,100.0,39.7,44.0
9722,1,28,166.0,68.0,28.0,111.0,40.8,183.0
9723,0,62,183.0,94.0,5.0,84.0,39.2,23.0
9724,0,46,189.0,98.0,14.0,100.0,40.3,87.0
9725,0,58,176.0,81.0,23.0,98.0,40.4,142.0
9726,1,71,161.0,65.0,10.0,93.0,39.9,54.0
9727,1,22,161.0,64.0,8.0,93.0,39.7,37.0
9728,0,37,169.0,69.0,23.0,93.0,40.6,95.0
9729,1,59,174.0,74.0,15.0,94.0,40.3,78.0
9730,0,29,179.0,84.0,13.0,82.0,39.8,31.0
9731,1,52,152.0,51.0,13.0,94.0,40.2,70.0
9732,0,31,172.0,74.0,4.0,89.0,39.3,13.0
9733,0,25,189.0,86.0,22.0,101.0,40.6,113.0
9734,0,32,180.0,86.0,23.0,97.0,40.5,112.0
9735,1,51,164.0,60.0,19.0,92.0,40.3,96.0
9736,0,78,199.0,99.0,9.0,89.0,39.5,55.0
9737,0,21,186.0,89.0,4.0,86.0,38.6,11.0
9738,1,60,152.0,58.0,14.0,86.0,40.2,64.0
9739,0,50,176.0,86.0,24.0,112.0,40.7,192.0
9740,1,46,171.0,65.0,5.0,95.0,39.1,26.0
9741,0,31,195.0,100.0,9.0,91.0,39.7,38.0
9742,1,23,155.0,52.0,16.0,94.0,40.1,78.0
9743,1,41,181.0,70.0,2.0,76.0,38.7,6.0
9744,1,63,146.0,45.0,14.0,101.0,40.1,90.0
9745,1,51,156.0,55.0,19.0,108.0,40.3,129.0
9746,0,61,186.0,83.0,3.0,83.0,38.8,12.0
9747,1,44,164.0,63.0,24.0,105.0,40.7,150.0
9748,0,35,170.0,77.0,3.0,83.0,39.0,8.0
9749,1,25,151.0,57.0,15.0,95.0,40.2,74.0
9750,0,43,193.0,98.0,27.0,116.0,40.9,230.0
9751,0,37,180.0,80.0,17.0,102.0,40.4,97.0
9752,1,64,148.0,51.0,16.0,94.0,40.0,90.0
9753,0,60,175.0,83.0,5.0,87.0,39.4,23.0
9754,1,66,153.0,54.0,19.0,90.0,40.2,98.0
9755,1,30,177.0,74.0,13.0,104.0,39.7,75.0
9756,0,26,186.0,81.0,12.0,88.0,40.3,37.0
9757,0,38,170.0,77.0,19.0,112.0,40.3,137.0
9758,1,33,175.0,75.0,1.0,85.0,38.0,4.0
9759,1,31,158.0,60.0,10.0,101.0,39.5,56.0
9760,1,20,150.0,49.0,6.0,89.0,39.2,26.0
9761,0,46,180.0,83.0,6.0,86.0,39.6,23.0
9762,1,28,162.0,67.0,26.0,109.0,40.8,165.0
9763,1,30,151.0,54.0,9.0,93.0,39.7,44.0
9764,0,34,195.0,90.0,20.0,100.0,40.6,110.0
9765,0,67,184.0,88.0,26.0,106.0,41.0,207.0
9766,0,50,182.0,88.0,29.0,111.0,40.5,229.0
9767,1,60,152.0,52.0,27.0,115.0,40.7,210.0
9768,1,49,166.0,60.0,12.0,95.0,39.8,64.0
9769,0,28,185.0,80.0,12.0,91.0,40.2,44.0
9770,1,54,158.0,63.0,23.0,101.0,40.7,138.0
9771,0,23,186.0,86.0,24.0,97.0,41.0,106.0
9772,0,45,173.0,84.0,6.0,95.0,39.1,31.0
9773,1,63,171.0,72.0,17.0,87.0,40.3,77.0
9774,1,23,178.0,70.0,20.0,101.0,40.6,107.0
9775,1,20,151.0,46.0,25.0,98.0,40.8,133.0
9776,1,31,180.0,75.0,27.0,104.0,40.9,155.0
9777,1,37,162.0,60.0,19.0,98.0,40.3,103.0
9778,1,71,154.0,59.0,9.0,85.0,39.8,42.0
9779,1,75,179.0,83.0,26.0,109.0,40.8,181.0
9780,1,20,165.0,58.0,1.0,83.0,37.8,4.0
9781,0,59,182.0,83.0,7.0,89.0,39.4,34.0
9782,1,56,166.0,67.0,20.0,101.0,40.8,120.0
9783,0,27,202.0,104.0,17.0,92.0,40.3,72.0
9784,1,62,181.0,76.0,4.0,87.0,39.0,18.0
9785,1,42,145.0,49.0,7.0,90.0,39.6,34.0
9786,1,27,159.0,58.0,2.0,81.0,37.8,7.0
9787,0,23,193.0,96.0,9.0,88.0,39.7,30.0
9788,1,30,166.0,63.0,19.0,95.0,40.1,94.0
9789,0,66,184.0,86.0,25.0,106.0,40.4,196.0
9790,1,40,147.0,44.0,23.0,91.0,40.7,114.0
9791,0,34,184.0,85.0,18.0,105.0,40.2,111.0
9792,0,70,170.0,76.0,12.0,101.0,40.2,85.0
9793,1,62,171.0,78.0,22.0,103.0,40.5,135.0
9794,1,33,159.0,60.0,25.0,104.0,40.8,150.0
9795,0,49,181.0,87.0,16.0,104.0,40.3,108.0
9796,0,21,183.0,77.0,13.0,92.0,40.2,44.0
9797,1,43,158.0,60.0,18.0,101.0,40.4,105.0
9798,0,27,183.0,84.0,27.0,118.0,40.8,209.0
9799,0,72,211.0,121.0,27.0,108.0,40.7,248.0
9800,0,31,196.0,93.0,2.0,83.0,38.6,6.0
9801,0,38,176.0,79.0,3.0,92.0,38.5,13.0
9802,1,32,170.0,68.0,6.0,81.0,39.5,20.0
9803,1,41,170.0,65.0,3.0,88.0,38.5,13.0
9804,0,41,175.0,83.0,30.0,108.0,41.0,207.0
9805,1,71,161.0,64.0,19.0,93.0,40.5,103.0
9806,1,63,173.0,67.0,24.0,110.0,40.6,170.0
9807,1,42,165.0,65.0,3.0,79.0,38.6,10.0
9808,1,24,144.0,49.0,28.0,110.0,40.4,186.0
9809,0,49,190.0,90.0,7.0,84.0,39.7,27.0
9810,1,27,181.0,73.0,20.0,94.0,40.5,93.0
9811,0,24,181.0,78.0,16.0,91.0,39.7,54.0
9812,0,34,186.0,79.0,10.0,84.0,40.2,28.0
9813,1,62,171.0,75.0,26.0,106.0,41.2,170.0
9814,1,28,160.0,65.0,24.0,104.0,40.6,140.0
9815,1,60,164.0,66.0,3.0,85.0,38.5,13.0
9816,0,74,178.0,87.0,4.0,74.0,38.9,14.0
9817,1,55,162.0,64.0,26.0,107.0,40.8,173.0
9818,1,29,161.0,62.0,8.0,94.0,39.4,39.0
9819,0,58,186.0,85.0,12.0,95.0,40.1,69.0
9820,1,55,155.0,52.0,18.0,100.0,40.5,109.0
9821,0,35,184.0,88.0,28.0,108.0,40.9,188.0
9822,0,47,185.0,86.0,22.0,98.0,40.6,126.0
9823,0,23,177.0,84.0,28.0,117.0,40.9,207.0
9824,0,27,172.0,73.0,25.0,103.0,40.6,131.0
9825,0,54,178.0,85.0,3.0,74.0,38.3,7.0
9826,0,48,179.0,78.0,10.0,85.0,40.1,36.0
9827,1,49,156.0,56.0,29.0,115.0,40.9,218.0
9828,1,39,160.0,60.0,16.0,96.0,40.3,84.0
9829,0,41,181.0,81.0,12.0,86.0,40.0,42.0
9830,1,36,154.0,51.0,14.0,91.0,40.2,67.0
9831,1,42,157.0,55.0,27.0,113.0,40.9,194.0
9832,0,24,177.0,81.0,9.0,85.0,39.8,23.0
9833,0,36,184.0,82.0,13.0,89.0,40.0,49.0
9834,1,74,165.0,68.0,29.0,106.0,41.0,198.0
9835,0,38,175.0,77.0,15.0,103.0,40.4,88.0
9836,0,75,171.0,73.0,22.0,97.0,40.6,146.0
9837,1,33,170.0,61.0,3.0,83.0,38.7,11.0
9838,0,43,177.0,80.0,27.0,103.0,40.9,166.0
9839,0,63,175.0,78.0,26.0,105.0,41.0,192.0
9840,1,33,143.0,46.0,6.0,84.0,39.1,24.0
9841,0,76,189.0,93.0,28.0,111.0,41.0,259.0
9842,1,40,178.0,73.0,15.0,95.0,40.5,75.0
9843,0,31,175.0,79.0,10.0,96.0,39.7,45.0
9844,0,44,175.0,73.0,24.0,104.0,40.1,149.0
9845,0,42,186.0,89.0,10.0,92.0,39.9,47.0
9846,1,30,153.0,53.0,25.0,114.0,40.7,178.0
9847,1,33,153.0,51.0,14.0,102.0,40.2,83.0
9848,0,45,179.0,85.0,11.0,88.0,40.2,45.0
9849,1,67,156.0,54.0,5.0,89.0,39.1,25.0
9850,1,44,191.0,89.0,28.0,99.0,40.7,147.0
9851,1,41,164.0,63.0,6.0,86.0,39.2,25.0
9852,0,47,184.0,82.0,9.0,89.0,39.7,39.0
9853,1,67,167.0,70.0,14.0,93.0,39.9,74.0
9854,1,74,151.0,58.0,23.0,97.0,40.7,138.0
9855,1,27,156.0,54.0,13.0,98.0,40.2,69.0
9856,1,69,151.0,54.0,21.0,97.0,40.1,125.0
9857,1,78,167.0,67.0,27.0,108.0,40.6,192.0
9858,1,45,166.0,63.0,28.0,121.0,41.1,224.0
9859,0,27,192.0,91.0,8.0,88.0,39.4,27.0
9860,1,32,165.0,61.0,3.0,79.0,38.6,10.0
9861,0,61,186.0,86.0,6.0,82.0,39.2,24.0
9862,1,60,159.0,55.0,30.0,117.0,40.9,238.0
9863,0,34,179.0,82.0,29.0,111.0,40.8,202.0
9864,0,59,179.0,85.0,7.0,85.0,39.3,30.0
9865,1,72,163.0,62.0,13.0,86.0,40.0,62.0
9866,0,57,184.0,78.0,3.0,71.0,39.0,6.0
9867,1,24,183.0,70.0,14.0,96.0,39.9,68.0
9868,1,75,158.0,56.0,10.0,91.0,40.0,54.0
9869,0,57,186.0,87.0,25.0,107.0,40.6,190.0
9870,0,36,184.0,86.0,2.0,73.0,37.8,3.0
9871,1,71,155.0,56.0,10.0,90.0,39.8,52.0
9872,1,59,177.0,78.0,19.0,97.0,40.1,104.0
9873,0,50,189.0,93.0,3.0,86.0,38.8,13.0
9874,1,22,152.0,58.0,9.0,90.0,39.8,39.0
9875,0,66,189.0,92.0,26.0,102.0,40.7,192.0
9876,1,27,170.0,63.0,16.0,106.0,40.2,97.0
9877,1,61,185.0,88.0,22.0,98.0,40.8,120.0
9878,1,25,160.0,55.0,21.0,93.0,40.5,100.0
9879,0,54,197.0,97.0,16.0,100.0,40.4,106.0
9880,0,20,192.0,91.0,12.0,97.0,40.1,53.0
9881,1,69,152.0,52.0,2.0,88.0,38.4,10.0
9882,1,77,166.0,66.0,21.0,107.0,40.7,147.0
9883,1,73,167.0,67.0,2.0,86.0,38.4,9.0
9884,1,41,158.0,57.0,2.0,86.0,38.3,9.0
9885,1,54,150.0,51.0,29.0,108.0,40.7,201.0
9886,0,63,183.0,80.0,28.0,111.0,41.2,233.0
9887,0,61,178.0,80.0,28.0,111.0,41.0,231.0
9888,0,67,179.0,83.0,10.0,89.0,39.9,53.0
9889,1,27,163.0,59.0,1.0,88.0,38.0,4.0
9890,0,21,174.0,75.0,29.0,111.0,41.3,180.0
9891,0,37,179.0,77.0,7.0,81.0,39.5,17.0
9892,1,29,172.0,67.0,19.0,95.0,40.3,93.0
9893,1,62,178.0,74.0,5.0,96.0,38.6,27.0
9894,1,59,149.0,54.0,26.0,104.0,40.8,170.0
9895,1,59,161.0,58.0,24.0,104.0,40.9,156.0
9896,0,37,192.0,89.0,17.0,105.0,40.3,108.0
9897,1,42,167.0,62.0,11.0,77.0,39.7,36.0
9898,1,45,167.0,70.0,6.0,86.0,39.3,25.0
9899,0,35,203.0,109.0,12.0,94.0,40.1,61.0
9900,0,20,209.0,109.0,23.0,99.0,40.6,117.0
9901,1,23,179.0,71.0,18.0,102.0,40.6,98.0
9902,1,32,156.0,56.0,9.0,88.0,39.5,39.0
9903,1,25,184.0,71.0,5.0,89.0,39.0,21.0
9904,1,28,159.0,55.0,24.0,106.0,41.0,149.0
9905,1,59,168.0,64.0,14.0,94.0,40.2,75.0
9906,0,21,193.0,88.0,15.0,102.0,39.8,77.0
9907,0,72,179.0,82.0,25.0,99.0,40.7,175.0
9908,0,65,186.0,93.0,13.0,97.0,39.9,86.0
9909,1,68,164.0,65.0,11.0,97.0,39.7,64.0
9910,0,41,179.0,81.0,3.0,84.0,38.6,10.0
9911,0,41,186.0,89.0,27.0,108.0,41.0,189.0
9912,0,46,193.0,98.0,1.0,79.0,37.8,3.0
9913,1,52,157.0,59.0,6.0,78.0,39.4,21.0
9914,1,27,159.0,61.0,17.0,96.0,40.5,85.0
9915,1,53,175.0,75.0,13.0,90.0,40.2,60.0
9916,1,52,171.0,70.0,28.0,115.0,40.6,206.0
9917,0,51,176.0,78.0,20.0,104.0,40.6,133.0
9918,0,36,181.0,79.0,5.0,87.0,39.4,17.0
9919,0,38,200.0,104.0,13.0,86.0,40.1,50.0
9920,1,35,170.0,65.0,16.0,97.0,40.2,83.0
9921,1,78,152.0,54.0,2.0,89.0,38.0,11.0
9922,1,57,163.0,61.0,22.0,101.0,40.8,134.0
9923,1,62,177.0,76.0,7.0,93.0,39.3,36.0
9924,0,73,183.0,85.0,23.0,106.0,40.4,188.0
9925,1,32,169.0,66.0,24.0,109.0,40.8,154.0
9926,0,42,183.0,90.0,12.0,95.0,39.7,61.0
9927,0,22,194.0,92.0,6.0,92.0,39.0,23.0
9928,1,46,155.0,60.0,10.0,98.0,39.8,56.0
9929,1,55,163.0,62.0,19.0,98.0,40.7,109.0
9930,0,79,192.0,98.0,7.0,79.0,39.3,33.0
9931,1,24,157.0,51.0,9.0,89.0,39.8,39.0
9932,1,56,165.0,66.0,2.0,80.0,38.2,8.0
9933,0,35,176.0,73.0,25.0,99.0,40.8,126.0
9934,1,46,167.0,70.0,8.0,85.0,39.5,32.0
9935,1,24,180.0,69.0,23.0,96.0,40.6,112.0
9936,0,37,167.0,73.0,25.0,103.0,40.9,143.0
9937,0,31,174.0,76.0,14.0,89.0,40.2,47.0
9938,0,36,186.0,85.0,20.0,98.0,40.3,104.0
9939,0,43,205.0,103.0,16.0,101.0,40.4,102.0
9940,0,26,183.0,79.0,13.0,99.0,40.1,61.0
9941,1,37,168.0,67.0,2.0,88.0,38.2,9.0
9942,1,71,163.0,65.0,16.0,96.0,40.2,92.0
9943,0,73,188.0,85.0,28.0,105.0,41.0,225.0
9944,0,33,183.0,87.0,23.0,100.0,41.3,124.0
9945,1,38,176.0,76.0,17.0,99.0,40.1,91.0
9946,1,28,163.0,58.0,27.0,99.0,41.1,146.0
9947,0,28,181.0,83.0,3.0,86.0,38.6,9.0
9948,0,47,184.0,88.0,6.0,81.0,39.4,19.0
9949,1,47,172.0,70.0,19.0,99.0,40.4,106.0
9950,1,28,169.0,69.0,27.0,102.0,40.7,151.0
9951,1,24,144.0,46.0,8.0,90.0,39.4,36.0
9952,0,20,176.0,72.0,22.0,102.0,40.6,104.0
9953,1,52,168.0,66.0,16.0,101.0,40.5,95.0
9954,0,25,197.0,99.0,13.0,91.0,40.1,51.0
9955,0,27,171.0,77.0,2.0,77.0,38.0,3.0
9956,0,39,190.0,90.0,7.0,89.0,39.5,29.0
9957,0,24,183.0,83.0,13.0,90.0,40.2,44.0
9958,0,20,176.0,81.0,27.0,104.0,40.7,141.0
9959,1,29,167.0,69.0,9.0,88.0,39.7,37.0
9960,0,78,194.0,95.0,10.0,87.0,39.7,58.0
9961,0,34,198.0,97.0,18.0,101.0,40.5,104.0
9962,0,73,185.0,93.0,27.0,105.0,40.9,221.0
9963,0,36,193.0,97.0,15.0,104.0,40.6,95.0
9964,0,31,192.0,89.0,6.0,79.0,39.0,13.0
9965,0,56,184.0,88.0,7.0,89.0,39.4,34.0
9966,1,21,172.0,64.0,15.0,94.0,40.1,70.0
9967,0,32,177.0,82.0,27.0,106.0,40.6,165.0
9968,1,24,160.0,55.0,9.0,97.0,39.7,46.0
9969,0,70,189.0,89.0,6.0,91.0,39.2,35.0
9970,0,70,182.0,85.0,19.0,101.0,40.3,138.0
9971,1,68,172.0,76.0,24.0,109.0,40.6,166.0
9972,1,61,156.0,55.0,8.0,91.0,39.7,41.0
9973,0,35,180.0,84.0,23.0,106.0,40.6,145.0
9974,1,46,169.0,68.0,20.0,111.0,40.6,137.0
9975,1,24,169.0,67.0,22.0,95.0,40.4,105.0
9976,0,74,185.0,83.0,10.0,93.0,40.4,62.0
9977,1,29,163.0,60.0,19.0,109.0,40.1,123.0
9978,0,22,189.0,91.0,12.0,96.0,40.0,52.0
9979,1,62,166.0,68.0,15.0,96.0,40.3,83.0
9980,0,48,190.0,97.0,28.0,100.0,40.9,177.0
9981,1,37,171.0,67.0,21.0,101.0,40.7,119.0
9982,1,55,170.0,64.0,11.0,94.0,40.1,58.0
9983,1,76,155.0,63.0,13.0,94.0,39.9,73.0
9984,0,65,182.0,83.0,14.0,91.0,40.3,77.0
9985,0,23,179.0,80.0,22.0,100.0,40.7,104.0
9986,0,30,175.0,74.0,27.0,111.0,40.9,179.0
9987,0,24,179.0,76.0,17.0,100.0,40.4,80.0
9988,0,59,195.0,90.0,25.0,93.0,40.8,141.0
9989,0,24,193.0,88.0,16.0,94.0,40.1,65.0
9990,1,25,160.0,56.0,15.0,92.0,40.1,69.0
9991,1,76,181.0,76.0,22.0,96.0,40.7,125.0
9992,0,30,167.0,70.0,27.0,107.0,40.9,160.0
9993,0,57,186.0,90.0,3.0,82.0,38.1,12.0
9994,0,26,185.0,85.0,7.0,86.0,39.5,20.0
9995,1,67,176.0,68.0,20.0,92.0,40.2,104.0
9996,0,22,170.0,75.0,29.0,116.0,40.7,203.0
9997,0,67,184.0,91.0,23.0,106.0,41.1,184.0
9998,0,20,182.0,74.0,12.0,80.0,39.9,17.0
9999,1,47,157.0,59.0,3.0,89.0,38.5,14.0
10000,1,28,165.0,66.0,21.0,111.0,40.7,138.0
10001,0,47,190.0,86.0,6.0,90.0,39.2,27.0
10002,1,42,175.0,67.0,6.0,83.0,39.1,23.0
10003,1,51,161.0,59.0,25.0,101.0,40.6,150.0
10004,0,77,193.0,97.0,13.0,87.0,39.9,75.0
10005,1,30,164.0,62.0,2.0,81.0,38.1,7.0
10006,1,75,166.0,72.0,28.0,105.0,40.7,187.0
10007,1,29,167.0,64.0,5.0,86.0,39.1,20.0
10008,1,65,162.0,66.0,24.0,95.0,40.9,133.0
10009,1,38,150.0,55.0,4.0,87.0,39.1,17.0
10010,1,32,170.0,70.0,10.0,98.0,39.7,52.0
10011,0,48,178.0,78.0,1.0,77.0,37.8,2.0
10012,1,27,155.0,55.0,6.0,88.0,39.2,26.0
10013,1,53,164.0,62.0,27.0,110.0,40.8,188.0
10014,1,45,158.0,66.0,29.0,105.0,40.7,181.0
10015,1,51,151.0,51.0,10.0,94.0,39.6,54.0
10016,1,51,169.0,70.0,9.0,98.0,39.8,50.0
10017,1,64,153.0,54.0,16.0,95.0,40.1,91.0
10018,1,74,150.0,56.0,9.0,90.0,39.6,48.0
10019,1,27,155.0,52.0,18.0,98.0,40.2,97.0
10020,1,23,166.0,62.0,14.0,99.0,40.6,74.0
10021,1,70,166.0,68.0,15.0,92.0,40.2,79.0
10022,0,40,183.0,82.0,27.0,103.0,40.8,164.0
10023,1,24,152.0,55.0,10.0,94.0,40.0,48.0
10024,0,38,189.0,91.0,15.0,101.0,40.0,88.0
10025,1,69,152.0,55.0,14.0,95.0,40.4,80.0
10026,1,68,168.0,70.0,23.0,108.0,40.6,159.0
10027,0,37,195.0,99.0,6.0,82.0,39.1,19.0
10028,0,36,183.0,84.0,13.0,89.0,40.1,49.0
10029,0,32,168.0,72.0,29.0,102.0,40.8,154.0
10030,1,33,162.0,57.0,16.0,88.0,40.3,69.0
10031,1,22,163.0,66.0,19.0,99.0,40.5,99.0
10032,1,29,164.0,62.0,27.0,107.0,40.9,168.0
10033,0,28,181.0,80.0,19.0,105.0,40.2,109.0
10034,0,25,190.0,91.0,24.0,116.0,40.5,180.0
10035,1,20,172.0,67.0,3.0,88.0,39.0,12.0
10036,1,72,165.0,69.0,4.0,86.0,38.7,19.0
10037,1,45,170.0,70.0,20.0,100.0,40.7,113.0
10038,0,22,174.0,74.0,15.0,99.0,40.1,66.0
10039,0,51,193.0,100.0,4.0,85.0,38.8,17.0
10040,0,48,177.0,85.0,1.0,80.0,38.1,3.0
10041,0,31,190.0,96.0,25.0,99.0,40.9,133.0
10042,0,53,188.0,86.0,7.0,96.0,39.6,40.0
10043,1,67,170.0,66.0,26.0,108.0,40.8,181.0
10044,1,44,173.0,71.0,25.0,103.0,40.5,148.0
10045,0,28,178.0,82.0,30.0,111.0,41.0,201.0
10046,0,35,181.0,82.0,23.0,105.0,40.5,141.0
10047,0,71,187.0,97.0,13.0,90.0,40.3,77.0
10048,1,66,160.0,55.0,10.0,81.0,39.9,42.0
10049,1,23,173.0,68.0,18.0,97.0,40.1,89.0
10050,1,24,172.0,64.0,30.0,104.0,40.7,174.0
10051,0,22,179.0,77.0,19.0,98.0,40.4,82.0
10052,1,37,151.0,50.0,18.0,98.0,40.3,100.0
10053,0,32,174.0,77.0,3.0,79.0,38.6,6.0
10054,0,31,191.0,90.0,25.0,106.0,40.9,156.0
10055,0,73,198.0,101.0,18.0,97.0,40.7,129.0
10056,0,23,173.0,74.0,24.0,93.0,40.6,85.0
10057,0,79,184.0,87.0,24.0,104.0,40.6,197.0
10058,0,21,187.0,85.0,9.0,94.0,39.5,35.0
10059,1,20,170.0,64.0,23.0,96.0,40.5,112.0
10060,1,25,165.0,68.0,1.0,78.0,37.5,3.0
10061,0,56,174.0,74.0,16.0,102.0,40.1,104.0
10062,0,29,175.0,76.0,22.0,109.0,40.4,139.0
10063,1,23,153.0,55.0,26.0,98.0,40.8,137.0
10064,0,37,177.0,82.0,3.0,75.0,38.5,5.0
10065,1,26,170.0,70.0,3.0,82.0,38.5,10.0
10066,1,73,162.0,61.0,27.0,99.0,40.7,166.0
10067,0,48,169.0,77.0,27.0,109.0,40.6,196.0
10068,0,42,177.0,77.0,7.0,87.0,39.5,25.0
10069,0,33,201.0,103.0,23.0,98.0,40.7,125.0
10070,0,71,168.0,74.0,18.0,102.0,40.3,130.0
10071,1,40,159.0,60.0,9.0,86.0,39.6,38.0
10072,1,73,153.0,58.0,5.0,78.0,38.9,20.0
10073,0,23,198.0,100.0,12.0,90.0,40.4,44.0
10074,1,55,163.0,63.0,24.0,96.0,40.7,132.0
10075,1,32,169.0,66.0,16.0,85.0,40.6,62.0
10076,0,33,191.0,96.0,6.0,91.0,39.1,25.0
10077,0,66,178.0,82.0,27.0,105.0,41.1,206.0
10078,0,36,175.0,76.0,22.0,99.0,40.7,113.0
10079,0,28,178.0,77.0,22.0,99.0,40.4,105.0
10080,1,27,166.0,66.0,27.0,106.0,40.5,163.0
10081,1,64,165.0,67.0,29.0,110.0,40.7,206.0
10082,1,28,153.0,53.0,13.0,97.0,39.9,68.0
10083,1,49,166.0,68.0,5.0,90.0,38.9,23.0
10084,1,38,153.0,56.0,8.0,86.0,39.4,34.0
10085,0,60,179.0,82.0,5.0,95.0,39.1,29.0
10086,1,42,168.0,68.0,17.0,91.0,40.4,79.0
10087,0,21,199.0,97.0,2.0,76.0,38.3,3.0
10088,1,75,161.0,69.0,19.0,93.0,40.3,103.0
10089,1,27,157.0,57.0,8.0,101.0,39.6,45.0
10090,0,29,184.0,89.0,12.0,87.0,40.5,39.0
10091,1,64,157.0,60.0,13.0,94.0,40.1,71.0
10092,0,26,180.0,84.0,15.0,92.0,40.3,57.0
10093,0,32,167.0,72.0,9.0,86.0,39.5,26.0
10094,0,20,187.0,88.0,6.0,87.0,39.1,17.0
10095,1,79,153.0,53.0,5.0,87.0,39.2,25.0
10096,1,73,152.0,52.0,19.0,98.0,40.4,117.0
10097,1,49,179.0,75.0,17.0,98.0,40.6,92.0
10098,0,35,170.0,73.0,2.0,90.0,38.1,7.0
10099,0,36,162.0,69.0,12.0,90.0,40.2,44.0
10100,0,63,193.0,104.0,14.0,94.0,40.2,88.0
10101,1,47,157.0,56.0,24.0,102.0,40.7,146.0
10102,0,23,187.0,87.0,27.0,102.0,40.3,140.0
10103,0,36,166.0,66.0,16.0,101.0,40.2,84.0
10104,0,45,182.0,84.0,28.0,113.0,41.0,220.0
10105,1,26,155.0,52.0,23.0,109.0,40.4,150.0
10106,1,43,181.0,80.0,10.0,91.0,39.9,45.0
10107,1,24,169.0,68.0,22.0,105.0,40.5,128.0
10108,1,78,185.0,85.0,5.0,81.0,38.9,20.0
10109,1,23,178.0,70.0,3.0,84.0,38.3,11.0
10110,1,23,168.0,69.0,3.0,83.0,38.1,10.0
10111,0,37,187.0,86.0,23.0,100.0,40.5,128.0
10112,0,46,182.0,89.0,15.0,98.0,40.6,86.0
10113,0,38,203.0,111.0,16.0,100.0,40.2,98.0
10114,0,53,173.0,77.0,11.0,90.0,39.7,51.0
10115,0,24,196.0,96.0,30.0,114.0,41.0,218.0
10116,0,34,195.0,101.0,13.0,88.0,39.6,51.0
10117,0,79,191.0,91.0,8.0,90.0,39.6,49.0
10118,0,23,162.0,65.0,29.0,107.0,40.9,159.0
10119,1,31,145.0,46.0,28.0,104.0,40.7,172.0
10120,1,36,161.0,56.0,17.0,91.0,40.4,80.0
10121,1,26,165.0,60.0,17.0,95.0,40.4,84.0
10122,1,31,161.0,63.0,8.0,82.0,39.5,29.0
10123,0,21,185.0,88.0,12.0,97.0,39.9,52.0
10124,1,21,156.0,54.0,26.0,93.0,40.9,122.0
10125,1,60,155.0,56.0,25.0,110.0,40.8,179.0
10126,1,29,171.0,65.0,24.0,99.0,40.5,128.0
10127,0,23,184.0,81.0,21.0,104.0,40.2,113.0
10128,1,42,166.0,68.0,21.0,103.0,40.8,125.0
10129,1,62,137.0,47.0,28.0,110.0,40.8,205.0
10130,0,48,206.0,111.0,13.0,86.0,40.1,59.0
10131,1,27,172.0,69.0,24.0,104.0,41.0,138.0
10132,0,27,171.0,72.0,29.0,111.0,41.1,186.0
10133,1,78,166.0,65.0,12.0,94.0,39.9,68.0
10134,0,24,179.0,81.0,19.0,97.0,40.3,83.0
10135,0,45,191.0,95.0,28.0,105.0,41.0,193.0
10136,1,22,161.0,61.0,27.0,106.0,40.8,162.0
10137,1,27,169.0,69.0,2.0,80.0,38.6,6.0
10138,1,51,166.0,71.0,27.0,110.0,40.9,184.0
10139,0,74,186.0,93.0,9.0,85.0,39.6,47.0
10140,1,37,153.0,56.0,18.0,104.0,40.5,110.0
10141,1,66,171.0,76.0,11.0,93.0,39.7,57.0
10142,1,41,169.0,65.0,22.0,100.0,40.8,124.0
10143,0,62,185.0,91.0,24.0,97.0,40.6,154.0
10144,0,28,195.0,94.0,4.0,83.0,38.8,11.0
10145,1,42,160.0,60.0,29.0,109.0,40.9,194.0
10146,0,22,188.0,80.0,11.0,86.0,40.1,28.0
10147,0,67,167.0,70.0,29.0,109.0,41.2,232.0
10148,1,27,175.0,73.0,13.0,93.0,40.0,59.0
10149,0,40,186.0,93.0,9.0,85.0,39.6,32.0
10150,1,28,148.0,48.0,6.0,91.0,39.4,28.0
10151,0,54,166.0,73.0,17.0,100.0,40.2,104.0
10152,0,28,197.0,98.0,13.0,94.0,40.6,58.0
10153,0,33,169.0,71.0,24.0,110.0,40.7,157.0
10154,0,49,196.0,100.0,22.0,99.0,40.6,138.0
10155,0,29,190.0,88.0,10.0,86.0,39.8,31.0
10156,1,38,156.0,56.0,19.0,93.0,40.3,94.0
10157,0,26,174.0,73.0,27.0,108.0,40.5,161.0
10158,0,35,201.0,104.0,22.0,107.0,40.6,152.0
10159,0,41,188.0,92.0,27.0,103.0,41.3,171.0
10160,0,27,183.0,79.0,13.0,99.0,40.2,62.0
10161,0,56,186.0,96.0,6.0,86.0,39.6,27.0
10162,1,52,161.0,62.0,2.0,81.0,37.7,8.0
10163,0,76,176.0,80.0,18.0,99.0,40.6,129.0
10164,1,77,157.0,59.0,23.0,107.0,40.5,164.0
10165,0,24,199.0,106.0,8.0,96.0,39.7,38.0
10166,0,65,197.0,102.0,13.0,83.0,40.1,61.0
10167,1,31,168.0,65.0,10.0,88.0,40.0,42.0
10168,0,62,192.0,89.0,5.0,85.0,39.1,23.0
10169,0,56,184.0,83.0,6.0,94.0,38.8,33.0
10170,0,29,210.0,111.0,6.0,84.0,39.2,20.0
10171,1,40,162.0,66.0,22.0,101.0,40.9,126.0
10172,0,34,180.0,78.0,17.0,100.0,40.4,89.0
10173,1,30,161.0,64.0,26.0,99.0,40.7,139.0
10174,0,38,181.0,82.0,24.0,101.0,40.9,136.0
10175,0,28,194.0,97.0,20.0,103.0,41.0,116.0
10176,1,66,172.0,68.0,21.0,104.0,40.3,136.0
10177,1,35,165.0,60.0,13.0,93.0,40.0,63.0
10178,1,28,161.0,60.0,29.0,110.0,41.2,190.0
10179,0,56,191.0,96.0,6.0,96.0,39.3,36.0
10180,1,63,176.0,70.0,5.0,85.0,39.0,22.0
10181,0,21,189.0,88.0,15.0,99.0,40.2,70.0
10182,1,20,168.0,64.0,12.0,96.0,39.8,58.0
10183,1,26,161.0,57.0,3.0,92.0,38.3,14.0
10184,0,51,178.0,85.0,11.0,90.0,40.0,52.0
10185,0,33,170.0,76.0,20.0,100.0,40.4,103.0
10186,0,61,189.0,93.0,9.0,87.0,39.6,44.0
10187,0,40,175.0,77.0,5.0,79.0,39.3,12.0
10188,1,26,159.0,61.0,7.0,88.0,39.5,29.0
10189,0,31,174.0,74.0,25.0,100.0,40.6,125.0
10190,1,56,151.0,53.0,24.0,101.0,40.4,148.0
10191,0,74,189.0,96.0,27.0,110.0,41.1,245.0
10192,0,65,182.0,86.0,18.0,100.0,40.5,124.0
10193,1,23,148.0,52.0,21.0,107.0,40.4,131.0
10194,0,28,181.0,82.0,16.0,103.0,40.3,88.0
10195,0,71,193.0,93.0,13.0,95.0,39.9,86.0
10196,0,70,203.0,107.0,3.0,83.0,38.6,15.0
10197,0,51,181.0,82.0,9.0,79.0,39.8,27.0
10198,0,47,191.0,89.0,9.0,88.0,39.8,39.0
10199,1,79,166.0,71.0,5.0,98.0,38.9,30.0
10200,1,27,164.0,65.0,20.0,104.0,40.6,117.0
10201,1,22,149.0,49.0,16.0,93.0,40.2,76.0
10202,1,52,156.0,58.0,4.0,89.0,39.1,19.0
10203,0,34,177.0,78.0,22.0,98.0,40.9,109.0
10204,1,44,177.0,78.0,26.0,105.0,41.2,157.0
10205,1,78,160.0,62.0,15.0,91.0,39.9,81.0
10206,1,54,154.0,58.0,7.0,82.0,39.4,28.0
10207,1,32,154.0,57.0,10.0,96.0,39.7,52.0
10208,1,64,181.0,76.0,13.0,90.0,40.0,63.0
10209,0,73,190.0,94.0,7.0,92.0,39.3,44.0
10210,0,32,171.0,78.0,29.0,112.0,40.9,201.0
10211,1,32,180.0,76.0,18.0,106.0,40.4,108.0
10212,0,64,188.0,97.0,13.0,88.0,39.6,69.0
10213,0,50,209.0,108.0,19.0,95.0,40.2,112.0
10214,0,37,183.0,89.0,8.0,79.0,39.4,20.0
10215,1,58,167.0,64.0,26.0,105.0,40.5,169.0
10216,1,31,204.0,101.0,6.0,84.0,39.3,20.0
10217,0,28,196.0,95.0,2.0,89.0,38.6,7.0
10218,1,46,177.0,77.0,21.0,102.0,40.6,121.0
10219,0,32,187.0,87.0,2.0,83.0,38.2,6.0
10220,0,36,204.0,106.0,20.0,96.0,40.5,107.0
10221,1,72,171.0,75.0,3.0,95.0,38.3,17.0
10222,0,79,177.0,89.0,29.0,99.0,41.0,217.0
10223,1,44,169.0,69.0,18.0,97.0,40.7,96.0
10224,1,30,154.0,56.0,11.0,90.0,40.1,50.0
10225,1,49,158.0,55.0,19.0,96.0,40.6,104.0
10226,1,23,176.0,68.0,18.0,107.0,40.4,109.0
10227,1,23,174.0,71.0,7.0,91.0,39.1,30.0
10228,0,34,185.0,84.0,20.0,93.0,40.4,86.0
10229,1,45,158.0,57.0,7.0,91.0,39.3,34.0
10230,1,25,166.0,59.0,14.0,88.0,40.2,58.0
10231,1,45,148.0,52.0,21.0,98.0,40.2,119.0
10232,1,59,165.0,64.0,26.0,101.0,40.7,158.0
10233,1,47,171.0,69.0,19.0,100.0,40.4,108.0
10234,1,62,176.0,76.0,19.0,98.0,40.5,107.0
10235,1,20,166.0,62.0,24.0,96.0,40.8,117.0
10236,1,32,151.0,54.0,20.0,100.0,40.6,113.0
10237,1,31,165.0,65.0,22.0,90.0,40.6,97.0
10238,1,35,181.0,71.0,5.0,90.0,39.1,22.0
10239,0,51,198.0,92.0,19.0,102.0,40.5,126.0
10240,1,71,174.0,77.0,8.0,88.0,39.9,38.0
10241,1,30,176.0,72.0,17.0,104.0,40.2,98.0
10242,1,37,176.0,70.0,25.0,108.0,41.0,159.0
10243,1,51,183.0,83.0,23.0,90.0,40.4,104.0
10244,1,65,152.0,52.0,25.0,107.0,40.4,175.0
10245,1,28,165.0,59.0,12.0,91.0,39.8,54.0
10246,0,31,177.0,79.0,24.0,96.0,41.2,108.0
10247,0,22,160.0,64.0,21.0,102.0,40.5,98.0
10248,0,38,194.0,99.0,13.0,93.0,40.1,63.0
10249,0,28,180.0,77.0,2.0,82.0,38.0,4.0
10250,1,44,164.0,60.0,19.0,104.0,40.6,118.0
10251,0,74,187.0,88.0,9.0,88.0,39.4,50.0
10252,1,43,173.0,67.0,5.0,82.0,39.2,19.0
10253,1,25,167.0,64.0,20.0,100.0,40.4,108.0
10254,1,59,164.0,63.0,20.0,109.0,40.5,139.0
10255,0,54,186.0,89.0,27.0,112.0,40.8,223.0
10256,1,45,179.0,72.0,16.0,89.0,40.4,71.0
10257,1,76,158.0,57.0,24.0,106.0,40.3,168.0
10258,1,72,183.0,82.0,10.0,89.0,40.1,48.0
10259,1,21,169.0,64.0,12.0,90.0,39.9,51.0
10260,1,52,178.0,73.0,20.0,103.0,40.3,121.0
10261,1,43,156.0,56.0,6.0,85.0,39.2,25.0
10262,0,23,177.0,79.0,29.0,106.0,40.9,163.0
10263,0,37,189.0,92.0,16.0,98.0,40.4,86.0
10264,1,22,149.0,48.0,27.0,111.0,40.9,181.0
10265,0,40,187.0,88.0,14.0,87.0,40.0,53.0
10266,1,70,158.0,65.0,28.0,98.0,40.9,166.0
10267,1,41,177.0,74.0,3.0,77.0,38.5,9.0
10268,0,52,183.0,84.0,18.0,100.0,40.4,112.0
10269,1,40,164.0,67.0,19.0,102.0,40.6,110.0
10270,1,45,171.0,65.0,22.0,103.0,41.0,133.0
10271,1,51,180.0,83.0,15.0,87.0,40.5,63.0
10272,1,77,173.0,76.0,22.0,102.0,40.6,140.0
10273,0,46,186.0,93.0,21.0,96.0,41.1,116.0
10274,0,50,185.0,93.0,26.0,100.0,40.5,165.0
10275,0,49,178.0,85.0,15.0,91.0,40.1,71.0
10276,1,40,152.0,52.0,22.0,99.0,40.8,125.0
10277,0,52,189.0,92.0,23.0,97.0,40.7,137.0
10278,0,45,184.0,85.0,14.0,90.0,40.0,62.0
10279,0,31,186.0,91.0,19.0,103.0,40.2,111.0
10280,1,54,174.0,75.0,9.0,87.0,39.6,39.0
10281,0,58,187.0,90.0,29.0,107.0,41.0,223.0
10282,1,78,183.0,79.0,20.0,104.0,40.4,131.0
10283,0,75,178.0,79.0,2.0,76.0,38.2,7.0
10284,0,44,177.0,77.0,16.0,91.0,40.5,69.0
10285,1,53,173.0,74.0,28.0,104.0,40.8,173.0
10286,1,43,156.0,65.0,27.0,102.0,40.6,159.0
10287,0,53,183.0,81.0,20.0,107.0,40.7,145.0
10288,1,43,169.0,66.0,5.0,91.0,39.1,24.0
10289,0,68,191.0,98.0,18.0,97.0,40.6,123.0
10290,1,27,169.0,66.0,9.0,87.0,40.0,36.0
10291,0,26,194.0,96.0,12.0,90.0,40.2,45.0
10292,1,38,173.0,66.0,10.0,93.0,39.7,48.0
10293,0,63,188.0,95.0,24.0,105.0,40.6,186.0
10294,0,23,174.0,70.0,25.0,102.0,40.9,121.0
10295,0,33,187.0,86.0,30.0,106.0,40.5,188.0
10296,0,26,186.0,81.0,5.0,72.0,39.3,3.0
10297,0,62,197.0,99.0,6.0,92.0,38.9,35.0
10298,1,69,167.0,70.0,4.0,77.0,38.9,14.0
10299,0,67,161.0,67.0,10.0,78.0,39.6,33.0
10300,0,29,175.0,73.0,27.0,98.0,40.9,124.0
10301,0,37,172.0,74.0,9.0,94.0,39.3,39.0
10302,0,36,194.0,100.0,6.0,79.0,39.3,16.0
10303,1,22,150.0,52.0,22.0,102.0,40.7,125.0
10304,0,60,189.0,91.0,22.0,100.0,40.6,149.0
10305,0,41,181.0,82.0,26.0,106.0,40.8,171.0
10306,1,51,169.0,70.0,28.0,106.0,40.7,179.0
10307,1,43,146.0,54.0,24.0,91.0,40.5,117.0
10308,1,29,170.0,67.0,13.0,91.0,40.1,58.0
10309,1,31,157.0,57.0,10.0,95.0,40.0,50.0
10310,0,37,183.0,88.0,24.0,104.0,40.4,149.0
10311,0,64,195.0,96.0,16.0,92.0,40.3,94.0
10312,1,38,168.0,65.0,2.0,87.0,38.2,8.0
10313,0,20,180.0,84.0,27.0,107.0,40.3,155.0
10314,1,54,158.0,60.0,14.0,95.0,40.1,76.0
10315,0,48,178.0,78.0,26.0,107.0,40.9,181.0
10316,0,22,180.0,82.0,14.0,97.0,40.0,60.0
10317,1,43,138.0,46.0,19.0,97.0,40.4,107.0
10318,1,24,159.0,62.0,24.0,109.0,40.7,152.0
10319,0,22,195.0,95.0,29.0,108.0,41.0,181.0
10320,1,21,184.0,72.0,18.0,98.0,40.2,90.0
10321,1,61,180.0,74.0,8.0,86.0,39.5,35.0
10322,1,27,153.0,55.0,15.0,93.0,39.9,72.0
10323,1,51,181.0,72.0,8.0,88.0,39.5,36.0
10324,1,47,169.0,69.0,28.0,113.0,40.5,198.0
10325,0,33,184.0,86.0,8.0,86.0,39.9,26.0
10326,0,25,200.0,100.0,1.0,89.0,37.7,4.0
10327,1,22,152.0,55.0,22.0,98.0,40.5,115.0
10328,1,22,170.0,62.0,21.0,105.0,40.4,124.0
10329,0,70,178.0,80.0,14.0,83.0,40.2,62.0
10330,0,71,210.0,121.0,6.0,94.0,39.1,42.0
10331,1,43,180.0,80.0,21.0,99.0,40.6,113.0
10332,1,28,155.0,52.0,26.0,102.0,40.7,151.0
10333,1,59,164.0,61.0,20.0,100.0,40.3,120.0
10334,0,72,190.0,98.0,13.0,103.0,40.1,103.0
10335,0,21,195.0,91.0,10.0,97.0,39.7,44.0
10336,1,23,165.0,59.0,28.0,113.0,40.5,190.0
10337,0,23,173.0,77.0,16.0,102.0,40.1,80.0
10338,1,29,164.0,64.0,16.0,96.0,40.2,80.0
10339,0,74,186.0,93.0,11.0,95.0,39.7,74.0
10340,1,38,163.0,62.0,16.0,93.0,39.8,78.0
10341,1,47,183.0,79.0,1.0,84.0,37.8,4.0
10342,1,42,164.0,58.0,14.0,98.0,40.3,78.0
10343,1,24,166.0,61.0,21.0,103.0,40.7,120.0
10344,1,38,163.0,59.0,6.0,76.0,39.5,19.0
10345,0,36,202.0,105.0,26.0,103.0,40.7,166.0
10346,1,36,158.0,57.0,6.0,91.0,39.0,28.0
10347,0,33,189.0,91.0,25.0,99.0,40.8,133.0
10348,1,74,140.0,46.0,5.0,87.0,39.3,26.0
10349,1,64,174.0,74.0,7.0,88.0,38.9,33.0
10350,1,65,148.0,50.0,2.0,83.0,38.1,9.0
10351,1,52,161.0,64.0,11.0,99.0,40.1,63.0
10352,1,23,168.0,68.0,7.0,81.0,39.4,23.0
10353,1,46,165.0,69.0,3.0,74.0,38.5,9.0
10354,1,54,168.0,63.0,17.0,92.0,40.3,86.0
10355,0,22,177.0,77.0,7.0,87.0,39.3,19.0
10356,1,45,174.0,71.0,28.0,110.0,40.7,188.0
10357,1,46,163.0,62.0,12.0,96.0,40.1,64.0
10358,0,56,177.0,84.0,12.0,90.0,40.1,59.0
10359,0,57,179.0,87.0,29.0,105.0,41.1,211.0
10360,0,22,190.0,88.0,16.0,85.0,40.4,42.0
10361,1,28,163.0,59.0,28.0,101.0,40.7,157.0
10362,0,28,189.0,96.0,1.0,76.0,38.0,2.0
10363,1,68,152.0,54.0,26.0,105.0,40.8,177.0
10364,0,29,179.0,80.0,28.0,108.0,41.0,175.0
10365,0,38,162.0,64.0,20.0,98.0,40.3,96.0
10366,1,70,163.0,64.0,24.0,105.0,40.7,161.0
10367,1,74,156.0,57.0,26.0,102.0,40.8,170.0
10368,0,25,188.0,90.0,25.0,107.0,40.8,153.0
10369,1,77,169.0,65.0,29.0,106.0,40.9,201.0
10370,1,65,161.0,66.0,15.0,87.0,40.7,70.0
10371,0,21,188.0,89.0,21.0,102.0,40.4,108.0
10372,0,21,189.0,82.0,28.0,111.0,40.6,178.0
10373,0,29,188.0,89.0,23.0,113.0,40.4,165.0
10374,1,64,148.0,50.0,28.0,112.0,40.8,211.0
10375,1,32,172.0,71.0,15.0,86.0,40.3,59.0
10376,1,66,185.0,86.0,17.0,92.0,40.3,84.0
10377,1,27,170.0,66.0,5.0,82.0,39.1,17.0
10378,1,74,144.0,51.0,5.0,90.0,38.7,27.0
10379,0,20,163.0,70.0,16.0,102.0,40.2,75.0
10380,1,55,151.0,58.0,2.0,79.0,38.0,7.0
10381,1,64,165.0,68.0,4.0,86.0,38.7,18.0
10382,1,59,186.0,85.0,16.0,89.0,40.4,72.0
10383,1,20,173.0,67.0,29.0,111.0,40.6,186.0
10384,1,22,171.0,69.0,21.0,95.0,40.1,99.0
10385,1,49,152.0,50.0,5.0,93.0,39.4,26.0
10386,0,37,190.0,93.0,15.0,91.0,40.0,65.0
10387,0,20,174.0,74.0,27.0,108.0,40.6,153.0
10388,1,26,161.0,61.0,15.0,93.0,40.2,70.0
10389,1,29,164.0,60.0,23.0,101.0,40.9,129.0
10390,0,33,183.0,84.0,6.0,85.0,39.5,18.0
10391,0,50,185.0,88.0,11.0,85.0,40.1,44.0
10392,0,40,184.0,79.0,21.0,103.0,40.8,126.0
10393,1,50,172.0,69.0,10.0,96.0,39.9,53.0
10394,0,50,188.0,86.0,14.0,94.0,40.2,74.0
10395,0,20,184.0,83.0,3.0,74.0,38.9,2.0
10396,1,63,173.0,66.0,8.0,83.0,39.4,34.0
10397,1,34,173.0,71.0,14.0,96.0,40.2,70.0
10398,0,79,181.0,90.0,27.0,114.0,40.7,264.0
10399,1,25,177.0,76.0,13.0,87.0,40.0,50.0
10400,0,33,165.0,72.0,5.0,82.0,39.1,12.0
10401,0,44,179.0,81.0,27.0,110.0,40.5,197.0
10402,1,31,163.0,59.0,16.0,90.0,40.5,72.0
10403,0,51,184.0,85.0,8.0,87.0,39.7,34.0
10404,1,54,169.0,72.0,20.0,107.0,40.9,131.0
10405,1,28,154.0,52.0,20.0,92.0,40.7,95.0
10406,0,34,185.0,80.0,12.0,92.0,40.2,49.0
10407,0,20,182.0,80.0,3.0,85.0,39.0,7.0
10408,1,32,174.0,74.0,25.0,105.0,40.8,147.0
10409,1,29,160.0,60.0,2.0,80.0,38.2,7.0
10410,1,66,175.0,77.0,10.0,90.0,39.9,49.0
10411,0,28,186.0,89.0,13.0,90.0,39.7,48.0
10412,1,20,151.0,54.0,19.0,97.0,40.1,97.0
10413,1,25,148.0,44.0,29.0,110.0,40.7,195.0
10414,1,29,171.0,72.0,17.0,91.0,40.4,74.0
10415,0,28,172.0,78.0,27.0,103.0,40.8,146.0
10416,0,39,182.0,84.0,21.0,103.0,40.8,127.0
10417,1,41,166.0,62.0,25.0,107.0,40.8,161.0
10418,1,72,170.0,73.0,5.0,90.0,39.1,25.0
10419,1,50,158.0,55.0,24.0,105.0,40.7,155.0
10420,1,79,166.0,66.0,13.0,98.0,40.0,79.0
10421,1,69,178.0,78.0,12.0,91.0,40.1,60.0
10422,1,21,167.0,64.0,13.0,90.0,40.1,55.0
10423,0,41,180.0,87.0,15.0,96.0,39.9,77.0
10424,0,47,202.0,100.0,14.0,105.0,39.8,99.0
10425,1,42,145.0,44.0,9.0,89.0,39.4,43.0
10426,1,33,169.0,70.0,13.0,89.0,39.8,55.0
10427,0,72,194.0,98.0,29.0,111.0,40.8,266.0
10428,1,55,164.0,62.0,5.0,86.0,39.4,22.0
10429,1,39,149.0,51.0,26.0,100.0,40.4,151.0
10430,1,27,161.0,59.0,16.0,89.0,40.7,69.0
10431,0,49,189.0,94.0,28.0,97.0,40.9,164.0
10432,0,64,175.0,80.0,20.0,98.0,40.6,128.0
10433,0,44,198.0,97.0,29.0,109.0,40.7,217.0
10434,1,27,163.0,67.0,22.0,93.0,40.3,102.0
10435,1,30,163.0,58.0,19.0,92.0,40.3,89.0
10436,1,27,153.0,56.0,13.0,84.0,40.1,50.0
10437,1,66,186.0,81.0,10.0,87.0,39.7,45.0
10438,1,76,160.0,58.0,5.0,82.0,39.0,22.0
10439,0,29,195.0,96.0,19.0,95.0,40.3,88.0
10440,1,20,180.0,71.0,22.0,104.0,40.4,124.0
10441,1,22,150.0,53.0,21.0,101.0,40.7,117.0
10442,1,33,167.0,65.0,16.0,92.0,40.1,74.0
10443,1,37,163.0,61.0,30.0,106.0,40.7,188.0
10444,1,60,183.0,73.0,12.0,93.0,39.8,61.0
10445,0,21,178.0,75.0,16.0,94.0,40.3,58.0
10446,0,25,180.0,79.0,4.0,92.0,38.8,14.0
10447,0,64,175.0,83.0,4.0,83.0,38.9,17.0
10448,0,76,197.0,97.0,27.0,109.0,41.1,244.0
10449,1,35,150.0,53.0,19.0,101.0,40.8,110.0
10450,1,40,180.0,76.0,4.0,80.0,38.7,13.0
10451,1,53,161.0,63.0,11.0,84.0,40.2,46.0
10452,1,20,158.0,54.0,10.0,99.0,39.8,53.0
10453,0,23,185.0,82.0,21.0,102.0,40.8,107.0
10454,0,37,185.0,85.0,10.0,90.0,39.6,40.0
10455,1,32,147.0,51.0,4.0,83.0,39.1,15.0
10456,1,20,175.0,74.0,24.0,108.0,40.8,144.0
10457,0,38,171.0,70.0,9.0,97.0,39.5,43.0
10458,0,79,169.0,78.0,8.0,93.0,39.5,51.0
10459,0,35,192.0,103.0,14.0,91.0,40.2,63.0
10460,0,21,181.0,81.0,24.0,107.0,40.5,137.0
10461,0,69,195.0,98.0,16.0,101.0,40.1,120.0
10462,1,46,168.0,64.0,2.0,85.0,37.7,8.0
10463,1,52,154.0,61.0,18.0,89.0,40.3,85.0
10464,0,42,192.0,89.0,15.0,85.0,40.3,54.0
10465,1,62,172.0,75.0,9.0,87.0,39.3,40.0
10466,0,69,185.0,93.0,22.0,99.0,40.7,156.0
10467,1,27,168.0,64.0,2.0,76.0,38.2,6.0
10468,0,46,177.0,83.0,20.0,98.0,41.0,112.0
10469,1,61,174.0,73.0,25.0,117.0,40.6,193.0
10470,0,53,170.0,73.0,16.0,96.0,40.0,87.0
10471,0,20,174.0,72.0,17.0,99.0,40.2,73.0
10472,0,41,174.0,83.0,6.0,84.0,39.6,20.0
10473,1,54,148.0,56.0,3.0,82.0,38.5,12.0
10474,1,52,168.0,67.0,22.0,109.0,40.7,149.0
10475,0,28,172.0,74.0,24.0,104.0,40.9,131.0
10476,0,20,180.0,81.0,26.0,110.0,40.8,159.0
10477,1,31,161.0,62.0,9.0,93.0,39.4,43.0
10478,0,20,191.0,89.0,8.0,87.0,39.3,23.0
10479,1,44,175.0,69.0,2.0,79.0,38.1,7.0
10480,1,52,162.0,67.0,1.0,82.0,38.1,4.0
10481,1,34,144.0,50.0,7.0,83.0,39.3,27.0
10482,0,27,184.0,87.0,8.0,93.0,39.9,32.0
10483,1,44,152.0,56.0,23.0,111.0,40.7,161.0
10484,1,59,150.0,48.0,23.0,100.0,40.5,143.0
10485,0,33,185.0,91.0,17.0,91.0,40.1,70.0
10486,0,24,174.0,75.0,20.0,99.0,40.3,91.0
10487,1,30,148.0,46.0,29.0,111.0,40.8,200.0
10488,0,58,178.0,80.0,23.0,97.0,40.8,138.0
10489,0,36,187.0,88.0,25.0,106.0,40.9,161.0
10490,1,79,165.0,59.0,14.0,100.0,39.8,90.0
10491,0,38,185.0,83.0,26.0,106.0,40.7,167.0
10492,1,72,170.0,75.0,18.0,96.0,40.5,101.0
10493,1,49,173.0,69.0,23.0,113.0,40.5,164.0
10494,0,20,179.0,78.0,4.0,85.0,38.6,9.0
10495,0,32,187.0,90.0,7.0,90.0,39.4,27.0
10496,1,41,171.0,69.0,21.0,105.0,40.1,129.0
10497,0,26,194.0,89.0,29.0,110.0,40.6,191.0
10498,0,46,189.0,97.0,23.0,111.0,40.5,181.0
10499,1,62,171.0,75.0,12.0,92.0,39.8,60.0
10500,1,73,150.0,50.0,27.0,111.0,41.0,205.0
10501,1,30,162.0,58.0,23.0,106.0,40.6,142.0
10502,1,48,150.0,53.0,17.0,93.0,40.4,88.0
10503,1,42,169.0,72.0,10.0,90.0,39.8,45.0
10504,1,26,155.0,53.0,19.0,102.0,40.2,109.0
10505,1,22,158.0,56.0,26.0,107.0,40.9,161.0
10506,0,54,180.0,87.0,13.0,100.0,40.0,83.0
10507,1,51,158.0,61.0,22.0,102.0,40.5,134.0
10508,1,45,160.0,58.0,13.0,96.0,40.1,70.0
10509,1,49,169.0,67.0,22.0,99.0,40.3,124.0
10510,0,49,200.0,96.0,26.0,97.0,40.5,153.0
10511,0,60,178.0,83.0,25.0,104.0,41.1,180.0
10512,0,68,169.0,73.0,20.0,100.0,40.3,135.0
10513,0,21,186.0,89.0,26.0,106.0,40.7,149.0
10514,0,77,205.0,109.0,12.0,81.0,40.0,61.0
10515,1,47,175.0,69.0,29.0,117.0,41.1,218.0
10516,1,58,147.0,49.0,27.0,106.0,40.8,184.0
10517,0,20,170.0,75.0,27.0,103.0,40.9,134.0
10518,1,22,167.0,60.0,20.0,98.0,40.4,103.0
10519,0,65,162.0,66.0,19.0,105.0,40.4,137.0
10520,0,52,196.0,102.0,5.0,83.0,38.8,20.0
10521,0,54,170.0,72.0,4.0,88.0,38.5,17.0
10522,1,55,171.0,67.0,20.0,95.0,40.3,107.0
10523,1,35,170.0,63.0,16.0,98.0,40.5,86.0
10524,1,72,150.0,55.0,17.0,100.0,40.3,108.0
10525,0,72,178.0,79.0,19.0,108.0,40.1,158.0
10526,1,22,157.0,59.0,27.0,113.0,40.9,183.0
10527,1,48,149.0,51.0,27.0,110.0,40.7,190.0
10528,1,42,164.0,61.0,14.0,88.0,40.2,62.0
10529,1,60,169.0,70.0,6.0,89.0,39.3,28.0
10530,1,50,163.0,60.0,19.0,100.0,40.7,112.0
10531,1,39,168.0,64.0,6.0,80.0,39.5,21.0
10532,0,37,196.0,104.0,15.0,101.0,40.2,91.0
10533,0,54,167.0,69.0,8.0,87.0,39.8,32.0
10534,0,37,158.0,63.0,20.0,103.0,40.5,110.0
10535,1,40,160.0,56.0,15.0,96.0,39.7,80.0
10536,0,54,182.0,90.0,17.0,106.0,39.8,125.0
10537,0,21,169.0,69.0,25.0,102.0,40.5,118.0
10538,0,22,182.0,85.0,15.0,87.0,40.5,43.0
10539,0,23,175.0,75.0,15.0,97.0,40.3,63.0
10540,1,36,161.0,58.0,17.0,90.0,40.2,78.0
10541,1,43,188.0,83.0,25.0,113.0,40.7,171.0
10542,1,27,166.0,58.0,15.0,101.0,40.1,84.0
10543,0,75,198.0,97.0,1.0,80.0,37.6,5.0
10544,1,22,166.0,59.0,7.0,82.0,39.7,24.0
10545,1,20,173.0,69.0,1.0,84.0,37.9,4.0
10546,0,73,167.0,69.0,29.0,109.0,40.8,240.0
10547,0,20,182.0,90.0,20.0,100.0,40.6,96.0
10548,0,21,162.0,67.0,12.0,94.0,40.1,42.0
10549,1,26,169.0,64.0,4.0,84.0,38.8,15.0
10550,1,76,169.0,70.0,16.0,99.0,40.0,97.0
10551,0,65,191.0,91.0,29.0,105.0,41.0,225.0
10552,1,33,150.0,56.0,26.0,102.0,40.8,152.0
10553,1,40,158.0,59.0,10.0,89.0,40.0,45.0
10554,0,52,197.0,100.0,26.0,96.0,40.5,155.0
10555,0,78,172.0,80.0,3.0,86.0,38.8,16.0
10556,1,48,154.0,55.0,19.0,91.0,40.3,94.0
10557,1,20,168.0,69.0,30.0,113.0,40.8,198.0
10558,0,21,197.0,100.0,21.0,97.0,40.5,97.0
10559,1,24,167.0,67.0,30.0,105.0,40.9,176.0
10560,1,25,173.0,66.0,8.0,79.0,39.6,25.0
10561,0,21,193.0,94.0,10.0,90.0,39.9,34.0
10562,1,59,183.0,84.0,12.0,86.0,40.2,50.0
10563,1,24,193.0,83.0,5.0,82.0,38.7,16.0
10564,1,30,162.0,61.0,20.0,102.0,40.5,114.0
10565,0,26,191.0,91.0,16.0,99.0,40.0,80.0
10566,0,23,182.0,79.0,18.0,93.0,40.4,66.0
10567,0,29,204.0,104.0,22.0,101.0,40.8,126.0
10568,1,32,161.0,63.0,17.0,99.0,40.3,92.0
10569,0,20,189.0,85.0,8.0,82.0,39.8,16.0
10570,0,28,180.0,86.0,16.0,98.0,40.2,77.0
10571,0,24,163.0,60.0,20.0,96.0,40.3,75.0
10572,0,40,192.0,96.0,24.0,100.0,40.8,142.0
10573,1,33,159.0,54.0,16.0,94.0,40.1,80.0
10574,0,25,196.0,92.0,3.0,83.0,38.5,8.0
10575,1,52,177.0,74.0,15.0,85.0,40.1,62.0
10576,0,27,179.0,75.0,20.0,101.0,41.0,100.0
10577,1,60,190.0,87.0,3.0,84.0,38.9,12.0
10578,0,25,175.0,78.0,8.0,92.0,39.5,29.0
10579,1,20,163.0,61.0,6.0,83.0,39.6,21.0
10580,1,21,169.0,63.0,11.0,91.0,40.0,48.0
10581,1,32,167.0,63.0,5.0,91.0,39.2,23.0
10582,1,32,174.0,68.0,29.0,114.0,40.8,201.0
10583,0,34,195.0,95.0,21.0,101.0,40.5,121.0
10584,1,75,171.0,68.0,16.0,102.0,40.3,103.0
10585,1,56,157.0,62.0,6.0,91.0,39.6,30.0
10586,0,21,183.0,85.0,23.0,106.0,40.4,130.0
10587,0,27,197.0,92.0,3.0,85.0,38.6,9.0
10588,0,23,191.0,82.0,4.0,76.0,38.9,5.0
10589,0,49,169.0,80.0,3.0,82.0,38.4,10.0
10590,0,76,190.0,95.0,22.0,104.0,40.4,181.0
10591,0,39,165.0,69.0,15.0,99.0,40.3,77.0
10592,1,36,170.0,69.0,8.0,88.0,39.6,34.0
10593,0,32,205.0,101.0,28.0,110.0,40.8,200.0
10594,1,70,161.0,62.0,6.0,90.0,39.2,31.0
10595,0,39,179.0,79.0,1.0,76.0,37.4,2.0
10596,0,31,164.0,68.0,3.0,78.0,38.8,5.0
10597,1,22,168.0,61.0,6.0,85.0,39.3,23.0
10598,0,22,174.0,75.0,13.0,86.0,40.2,32.0
10599,0,24,185.0,91.0,29.0,97.0,40.8,133.0
10600,0,22,188.0,87.0,9.0,86.0,39.9,25.0
10601,1,36,164.0,57.0,2.0,79.0,37.9,7.0
10602,0,69,188.0,92.0,17.0,91.0,40.2,100.0
10603,1,53,182.0,75.0,19.0,102.0,40.3,113.0
10604,1,37,173.0,74.0,15.0,83.0,40.3,55.0
10605,1,65,163.0,65.0,4.0,84.0,39.3,17.0
10606,0,51,184.0,94.0,19.0,111.0,40.5,153.0
10607,1,21,180.0,75.0,20.0,100.0,40.6,103.0
10608,1,32,166.0,62.0,5.0,89.0,39.5,22.0
10609,0,78,176.0,79.0,8.0,91.0,39.5,48.0
10610,0,21,176.0,72.0,12.0,86.0,40.0,28.0
10611,0,21,159.0,64.0,16.0,87.0,40.3,38.0
10612,1,68,181.0,73.0,3.0,89.0,38.9,15.0
10613,1,57,155.0,55.0,19.0,99.0,40.3,113.0
10614,1,57,160.0,59.0,18.0,98.0,40.6,104.0
10615,0,33,180.0,82.0,3.0,83.0,39.0,8.0
10616,1,58,169.0,68.0,22.0,101.0,40.6,132.0
10617,1,43,174.0,73.0,10.0,90.0,39.9,45.0
10618,0,48,198.0,103.0,15.0,90.0,40.2,74.0
10619,0,52,187.0,84.0,24.0,112.0,40.4,193.0
10620,0,30,192.0,92.0,1.0,72.0,37.7,1.0
10621,0,28,184.0,88.0,20.0,107.0,40.5,124.0
10622,0,74,186.0,86.0,22.0,110.0,40.5,195.0
10623,0,41,194.0,94.0,17.0,93.0,40.6,83.0
10624,0,44,178.0,87.0,2.0,84.0,38.2,7.0
10625,1,51,164.0,67.0,11.0,91.0,40.0,53.0
10626,0,20,180.0,77.0,16.0,95.0,40.2,61.0
10627,0,68,196.0,98.0,22.0,101.0,40.1,164.0
10628,0,29,170.0,71.0,13.0,91.0,40.3,45.0
10629,0,26,173.0,72.0,11.0,89.0,40.2,34.0
10630,0,24,163.0,66.0,19.0,118.0,40.5,137.0
10631,1,32,157.0,55.0,19.0,113.0,40.7,133.0
10632,1,68,161.0,54.0,5.0,86.0,38.7,24.0
10633,1,54,170.0,70.0,6.0,84.0,39.2,25.0
10634,0,61,194.0,95.0,15.0,99.0,40.0,101.0
10635,1,47,159.0,59.0,28.0,105.0,41.0,178.0
10636,0,50,191.0,95.0,11.0,93.0,40.1,58.0
10637,0,22,155.0,60.0,6.0,92.0,39.3,18.0
10638,0,37,193.0,96.0,28.0,104.0,40.9,178.0
10639,1,28,165.0,59.0,11.0,91.0,39.8,50.0
10640,1,67,159.0,57.0,9.0,88.0,40.1,44.0
10641,0,38,176.0,83.0,26.0,107.0,40.6,171.0
10642,1,20,147.0,48.0,21.0,100.0,40.5,116.0
10643,1,37,171.0,67.0,7.0,90.0,39.3,31.0
10644,0,27,178.0,81.0,11.0,96.0,40.0,48.0
10645,0,75,188.0,98.0,7.0,95.0,39.2,48.0
10646,1,55,166.0,58.0,10.0,90.0,39.7,49.0
10647,0,43,197.0,99.0,11.0,96.0,40.0,61.0
10648,0,55,183.0,83.0,4.0,92.0,38.7,21.0
10649,1,25,148.0,49.0,19.0,105.0,40.5,116.0
10650,1,31,169.0,69.0,1.0,74.0,37.6,3.0
10651,0,44,184.0,89.0,14.0,96.0,40.2,75.0
10652,1,62,178.0,77.0,16.0,91.0,40.7,78.0
10653,1,20,160.0,60.0,24.0,100.0,40.7,128.0
10654,0,60,181.0,79.0,9.0,92.0,39.4,48.0
10655,1,30,154.0,52.0,22.0,97.0,40.7,117.0
10656,0,20,208.0,105.0,14.0,86.0,40.2,42.0
10657,1,72,168.0,70.0,12.0,85.0,39.8,54.0
10658,1,79,145.0,46.0,3.0,83.0,38.5,14.0
10659,0,39,189.0,95.0,14.0,84.0,40.3,48.0
10660,0,21,180.0,74.0,7.0,83.0,39.5,14.0
10661,0,28,200.0,106.0,6.0,94.0,39.5,28.0
10662,0,33,174.0,74.0,24.0,111.0,40.9,162.0
10663,1,22,157.0,59.0,24.0,101.0,41.1,132.0
10664,1,29,168.0,66.0,8.0,93.0,39.8,37.0
10665,1,40,173.0,68.0,21.0,89.0,40.4,93.0
10666,1,77,166.0,63.0,19.0,107.0,40.5,134.0
10667,0,23,194.0,87.0,18.0,100.0,40.5,88.0
10668,0,68,192.0,97.0,24.0,98.0,40.5,168.0
10669,0,50,187.0,93.0,28.0,106.0,40.9,203.0
10670,1,74,163.0,64.0,29.0,106.0,40.8,200.0
10671,0,32,196.0,95.0,19.0,98.0,40.4,99.0
10672,1,20,172.0,70.0,21.0,112.0,40.9,136.0
10673,0,38,182.0,77.0,21.0,102.0,40.5,120.0
10674,1,25,161.0,59.0,30.0,103.0,40.8,173.0
10675,0,25,181.0,81.0,23.0,101.0,40.8,115.0
10676,0,56,192.0,90.0,3.0,85.0,38.7,13.0
10677,1,50,182.0,75.0,22.0,111.0,40.6,151.0
10678,0,54,177.0,80.0,10.0,90.0,39.9,47.0
10679,1,45,165.0,63.0,9.0,93.0,39.8,45.0
10680,1,37,174.0,75.0,19.0,106.0,40.4,115.0
10681,1,21,175.0,68.0,5.0,85.0,39.0,18.0
10682,0,20,192.0,90.0,14.0,92.0,40.2,51.0
10683,0,73,182.0,82.0,27.0,107.0,41.3,223.0
10684,1,38,168.0,73.0,11.0,90.0,39.8,49.0
10685,0,28,191.0,87.0,6.0,82.0,39.3,15.0
10686,1,40,166.0,72.0,10.0,92.0,39.8,47.0
10687,1,20,160.0,63.0,18.0,106.0,40.4,107.0
10688,1,47,164.0,64.0,18.0,110.0,40.2,123.0
10689,1,40,154.0,56.0,20.0,103.0,40.2,121.0
10690,1,20,151.0,54.0,18.0,92.0,40.2,82.0
10691,1,47,171.0,67.0,10.0,96.0,40.1,53.0
10692,0,45,181.0,82.0,14.0,86.0,40.1,52.0
10693,1,49,164.0,62.0,2.0,84.0,38.5,8.0
10694,1,72,175.0,74.0,27.0,101.0,41.3,167.0
10695,1,43,160.0,59.0,6.0,75.0,39.3,19.0
10696,0,68,185.0,85.0,26.0,102.0,40.5,190.0
10697,1,33,151.0,50.0,15.0,95.0,40.0,78.0
10698,1,64,168.0,65.0,20.0,105.0,40.4,132.0
10699,1,50,169.0,74.0,8.0,90.0,39.6,37.0
10700,0,62,166.0,77.0,5.0,82.0,38.8,19.0
10701,0,31,183.0,90.0,8.0,89.0,39.5,30.0
10702,0,41,172.0,74.0,25.0,109.0,40.5,171.0
10703,0,74,202.0,113.0,7.0,86.0,39.3,41.0
10704,1,57,164.0,64.0,27.0,108.0,41.1,184.0
10705,0,20,182.0,82.0,20.0,92.0,40.2,69.0
10706,1,28,166.0,59.0,14.0,94.0,40.1,68.0
10707,0,36,199.0,102.0,5.0,91.0,39.4,22.0
10708,1,26,159.0,53.0,19.0,92.0,40.5,89.0
10709,0,37,196.0,91.0,10.0,92.0,40.0,45.0
10710,1,46,170.0,71.0,27.0,114.0,40.7,193.0
10711,0,43,186.0,88.0,16.0,94.0,39.9,80.0
10712,0,28,180.0,79.0,9.0,93.0,39.6,35.0
10713,1,70,172.0,72.0,15.0,99.0,40.3,89.0
10714,1,24,175.0,73.0,11.0,87.0,39.8,42.0
10715,1,36,172.0,73.0,10.0,92.0,39.9,46.0
10716,0,36,173.0,72.0,23.0,111.0,40.8,158.0
10717,1,64,164.0,68.0,29.0,109.0,40.9,202.0
10718,0,72,188.0,88.0,20.0,96.0,40.7,134.0
10719,0,60,171.0,71.0,20.0,96.0,40.7,115.0
10720,0,22,177.0,74.0,25.0,108.0,40.8,144.0
10721,1,45,166.0,63.0,8.0,80.0,39.6,29.0
10722,0,52,180.0,76.0,14.0,97.0,40.4,78.0
10723,0,50,198.0,105.0,1.0,78.0,37.6,3.0
10724,0,65,175.0,76.0,6.0,94.0,39.2,35.0
10725,1,35,163.0,56.0,24.0,108.0,40.8,156.0
10726,1,40,151.0,56.0,10.0,81.0,39.5,37.0
10727,0,21,196.0,98.0,22.0,100.0,40.8,111.0
10728,1,60,158.0,63.0,25.0,100.0,40.7,150.0
10729,1,59,161.0,64.0,4.0,79.0,39.0,15.0
10730,1,78,157.0,63.0,17.0,97.0,40.2,102.0
10731,0,41,178.0,83.0,25.0,115.0,40.5,199.0
10732,0,21,175.0,71.0,3.0,88.0,38.7,8.0
10733,0,20,179.0,80.0,6.0,84.0,39.0,13.0
10734,1,57,156.0,60.0,14.0,95.0,40.4,76.0
10735,0,29,173.0,76.0,10.0,96.0,39.9,43.0
10736,1,45,163.0,61.0,20.0,98.0,40.4,111.0
10737,1,45,169.0,66.0,19.0,97.0,40.5,102.0
10738,1,29,177.0,68.0,26.0,101.0,40.8,143.0
10739,1,23,154.0,54.0,28.0,105.0,41.0,168.0
10740,1,40,179.0,79.0,15.0,94.0,40.3,72.0
10741,0,28,179.0,87.0,7.0,89.0,39.5,24.0
10742,1,76,169.0,68.0,23.0,92.0,40.3,123.0
10743,1,39,169.0,71.0,21.0,101.0,40.6,118.0
10744,1,24,161.0,60.0,12.0,103.0,39.8,69.0
10745,0,26,193.0,87.0,5.0,87.0,39.2,15.0
10746,1,26,163.0,66.0,8.0,86.0,39.4,31.0
10747,1,27,154.0,56.0,10.0,84.0,39.5,38.0
10748,0,35,198.0,103.0,5.0,90.0,39.0,22.0
10749,0,63,180.0,82.0,10.0,90.0,39.7,52.0
10750,1,31,162.0,68.0,5.0,84.0,39.3,19.0
10751,1,47,151.0,55.0,20.0,101.0,40.7,120.0
10752,0,21,185.0,79.0,9.0,86.0,39.8,23.0
10753,1,62,167.0,65.0,22.0,103.0,40.9,139.0
10754,0,59,178.0,82.0,18.0,99.0,40.6,115.0
10755,0,57,209.0,120.0,26.0,105.0,41.0,208.0
10756,1,76,160.0,60.0,16.0,110.0,40.5,118.0
10757,0,71,193.0,90.0,20.0,100.0,40.6,146.0
10758,0,37,173.0,81.0,3.0,82.0,38.8,8.0
10759,1,27,163.0,60.0,17.0,92.0,40.5,78.0
10760,1,55,166.0,67.0,21.0,97.0,40.7,116.0
10761,1,47,157.0,66.0,22.0,96.0,40.4,117.0
10762,0,54,196.0,101.0,19.0,98.0,40.5,121.0
10763,0,26,186.0,82.0,21.0,106.0,40.6,123.0
10764,1,75,158.0,60.0,16.0,101.0,40.3,103.0
10765,0,37,170.0,69.0,5.0,91.0,39.1,19.0
10766,0,55,194.0,99.0,16.0,92.0,40.4,88.0
10767,1,49,175.0,70.0,17.0,101.0,40.5,99.0
10768,1,68,154.0,57.0,22.0,92.0,40.9,118.0
10769,0,24,191.0,95.0,6.0,88.0,39.3,20.0
10770,1,65,160.0,60.0,25.0,112.0,40.6,186.0
10771,0,39,182.0,91.0,23.0,108.0,40.7,160.0
10772,0,20,176.0,75.0,6.0,83.0,39.1,12.0
10773,0,31,164.0,66.0,27.0,118.0,40.8,204.0
10774,0,42,177.0,79.0,2.0,84.0,38.4,6.0
10775,1,27,150.0,56.0,22.0,92.0,40.5,103.0
10776,1,54,169.0,62.0,22.0,103.0,40.5,137.0
10777,1,50,153.0,56.0,26.0,108.0,40.7,176.0
10778,1,50,148.0,55.0,4.0,92.0,38.7,20.0
10779,1,64,170.0,69.0,10.0,92.0,39.7,51.0
10780,1,31,170.0,67.0,22.0,108.0,40.6,139.0
10781,1,72,189.0,85.0,20.0,95.0,40.7,108.0
10782,0,79,189.0,92.0,17.0,104.0,40.2,141.0
10783,0,20,190.0,86.0,22.0,103.0,40.7,114.0
10784,1,22,164.0,64.0,18.0,91.0,40.5,78.0
10785,0,69,193.0,98.0,6.0,82.0,39.1,28.0
10786,1,30,170.0,65.0,5.0,75.0,39.3,14.0
10787,0,34,192.0,87.0,24.0,105.0,41.2,148.0
10788,0,32,178.0,77.0,29.0,112.0,40.5,201.0
10789,1,35,178.0,71.0,8.0,85.0,39.8,31.0
10790,1,26,172.0,68.0,7.0,82.0,38.9,24.0
10791,0,59,181.0,89.0,17.0,86.0,40.2,78.0
10792,1,31,133.0,45.0,3.0,84.0,38.0,12.0
10793,1,71,171.0,67.0,27.0,112.0,40.5,201.0
10794,0,70,198.0,106.0,16.0,94.0,40.3,107.0
10795,0,20,199.0,99.0,20.0,107.0,40.2,121.0
10796,1,40,154.0,61.0,19.0,96.0,40.7,100.0
10797,0,51,181.0,82.0,28.0,118.0,40.7,248.0
10798,0,73,184.0,88.0,25.0,106.0,40.7,206.0
10799,1,71,165.0,67.0,19.0,91.0,40.3,99.0
10800,0,40,181.0,79.0,12.0,89.0,39.7,47.0
10801,0,53,171.0,77.0,8.0,94.0,39.5,42.0
10802,1,31,172.0,65.0,4.0,85.0,38.9,15.0
10803,1,56,168.0,66.0,3.0,85.0,38.7,13.0
10804,1,28,158.0,55.0,19.0,101.0,40.5,108.0
10805,1,48,156.0,58.0,3.0,84.0,38.8,12.0
10806,1,24,173.0,66.0,7.0,82.0,39.3,24.0
10807,1,20,179.0,76.0,26.0,108.0,41.2,155.0
10808,0,51,184.0,93.0,3.0,84.0,38.5,12.0
10809,0,48,190.0,99.0,20.0,99.0,40.4,124.0
10810,0,32,175.0,75.0,19.0,99.0,40.3,94.0
10811,0,22,182.0,86.0,4.0,88.0,38.9,12.0
10812,1,67,175.0,71.0,3.0,95.0,38.5,16.0
10813,0,35,167.0,67.0,10.0,97.0,39.7,46.0
10814,1,31,162.0,59.0,14.0,101.0,40.0,79.0
10815,0,26,192.0,90.0,11.0,89.0,40.0,38.0
10816,1,66,191.0,84.0,11.0,98.0,40.4,62.0
10817,1,27,157.0,56.0,17.0,101.0,40.1,96.0
10818,1,65,151.0,52.0,21.0,105.0,40.9,142.0
10819,0,36,185.0,91.0,2.0,91.0,38.1,9.0
10820,0,44,183.0,88.0,8.0,88.0,39.5,33.0
10821,1,48,159.0,60.0,17.0,99.0,40.6,97.0
10822,1,48,158.0,54.0,4.0,91.0,38.9,20.0
10823,0,37,171.0,78.0,14.0,92.0,40.3,58.0
10824,0,43,197.0,96.0,13.0,94.0,40.2,67.0
10825,1,24,165.0,59.0,18.0,91.0,40.2,80.0
10826,1,39,181.0,75.0,18.0,95.0,40.4,89.0
10827,1,34,162.0,57.0,22.0,96.0,41.0,114.0
10828,0,29,192.0,98.0,12.0,93.0,40.2,52.0
10829,1,32,164.0,63.0,20.0,99.0,40.5,108.0
10830,0,33,176.0,70.0,3.0,89.0,38.3,10.0
10831,0,23,166.0,71.0,21.0,105.0,40.2,111.0
10832,0,43,170.0,79.0,6.0,90.0,39.3,25.0
10833,1,22,170.0,65.0,12.0,91.0,40.0,52.0
10834,1,46,156.0,57.0,5.0,89.0,39.1,23.0
10835,0,65,187.0,89.0,18.0,101.0,40.0,128.0
10836,1,48,167.0,68.0,18.0,98.0,40.3,99.0
10837,1,42,156.0,60.0,22.0,102.0,40.4,131.0
10838,0,25,177.0,75.0,10.0,96.0,39.7,41.0
10839,1,23,177.0,65.0,5.0,89.0,38.7,21.0
10840,0,59,177.0,81.0,9.0,87.0,39.6,41.0
10841,0,48,197.0,107.0,24.0,103.0,40.6,168.0
10842,0,31,184.0,90.0,25.0,106.0,41.0,156.0
10843,1,68,172.0,74.0,8.0,93.0,39.7,42.0
10844,1,72,173.0,68.0,28.0,107.0,40.9,193.0
10845,0,29,173.0,71.0,4.0,81.0,39.1,8.0
10846,0,32,180.0,75.0,9.0,87.0,39.9,28.0
10847,0,53,189.0,95.0,22.0,100.0,40.6,143.0
10848,0,45,193.0,92.0,17.0,97.0,40.3,95.0
10849,0,63,174.0,76.0,11.0,90.0,40.0,56.0
10850,1,63,123.0,40.0,9.0,97.0,39.9,55.0
10851,1,21,167.0,67.0,21.0,103.0,40.4,117.0
10852,0,42,174.0,81.0,9.0,93.0,39.7,42.0
10853,1,49,180.0,80.0,2.0,83.0,38.5,8.0
10854,0,21,188.0,94.0,14.0,93.0,40.3,55.0
10855,1,43,167.0,70.0,26.0,113.0,40.5,182.0
10856,1,20,158.0,57.0,15.0,95.0,40.5,73.0
10857,0,28,179.0,77.0,7.0,87.0,39.3,21.0
10858,1,20,160.0,56.0,6.0,90.0,39.2,26.0
10859,0,25,188.0,82.0,6.0,94.0,39.3,24.0
10860,1,27,171.0,62.0,5.0,87.0,39.2,20.0
10861,0,55,179.0,81.0,21.0,105.0,40.7,148.0
10862,0,65,163.0,69.0,10.0,91.0,39.9,52.0
10863,0,32,194.0,93.0,26.0,102.0,40.7,150.0
10864,0,63,199.0,105.0,2.0,74.0,38.5,7.0
10865,1,45,163.0,58.0,18.0,107.0,40.4,118.0
10866,1,65,156.0,54.0,18.0,96.0,40.2,104.0
10867,0,23,185.0,85.0,14.0,97.0,40.5,62.0
10868,1,76,160.0,59.0,12.0,85.0,40.0,57.0
10869,1,61,176.0,70.0,20.0,104.0,40.5,127.0
10870,0,67,169.0,77.0,26.0,108.0,40.7,208.0
10871,0,62,193.0,97.0,14.0,94.0,40.3,85.0
10872,1,60,164.0,66.0,27.0,110.0,40.8,190.0
10873,0,29,180.0,82.0,19.0,103.0,40.5,105.0
10874,1,30,160.0,60.0,15.0,97.0,40.7,78.0
10875,1,42,157.0,56.0,3.0,88.0,38.7,14.0
10876,1,40,177.0,74.0,29.0,97.0,41.0,150.0
10877,0,51,166.0,64.0,8.0,83.0,39.3,26.0
10878,1,32,181.0,78.0,12.0,92.0,39.9,53.0
10879,1,23,167.0,63.0,11.0,89.0,40.0,46.0
10880,1,35,160.0,63.0,9.0,90.0,39.6,40.0
10881,0,20,172.0,72.0,9.0,88.0,39.8,24.0
10882,0,41,188.0,90.0,16.0,91.0,40.4,72.0
10883,1,28,162.0,66.0,4.0,83.0,38.9,14.0
10884,0,62,180.0,82.0,20.0,104.0,40.6,145.0
10885,0,68,185.0,90.0,12.0,87.0,40.3,62.0
10886,0,49,176.0,77.0,14.0,97.0,39.9,77.0
10887,0,21,183.0,83.0,28.0,105.0,40.8,153.0
10888,1,71,151.0,56.0,18.0,106.0,40.4,125.0
10889,1,78,170.0,67.0,9.0,94.0,40.0,51.0
10890,1,44,180.0,77.0,8.0,91.0,39.0,37.0
10891,0,27,187.0,82.0,25.0,101.0,40.8,128.0
10892,1,24,169.0,65.0,30.0,112.0,41.3,199.0
10893,1,45,161.0,60.0,4.0,84.0,38.7,16.0
10894,0,21,182.0,84.0,10.0,99.0,39.7,46.0
10895,1,51,168.0,63.0,20.0,103.0,40.7,123.0
10896,1,64,153.0,53.0,24.0,108.0,40.4,170.0
10897,1,32,149.0,51.0,5.0,85.0,39.1,20.0
10898,0,22,183.0,83.0,19.0,109.0,40.3,116.0
10899,0,24,176.0,81.0,7.0,92.0,39.7,25.0
10900,0,39,189.0,89.0,22.0,101.0,40.3,129.0
10901,1,39,163.0,58.0,8.0,87.0,39.2,35.0
10902,0,63,184.0,84.0,27.0,111.0,40.6,227.0
10903,0,35,174.0,78.0,7.0,98.0,39.4,35.0
10904,1,73,176.0,78.0,17.0,99.0,40.4,101.0
10905,0,51,182.0,88.0,8.0,85.0,39.6,32.0
10906,1,22,186.0,77.0,16.0,96.0,40.2,75.0
10907,1,41,162.0,60.0,30.0,104.0,41.3,184.0
10908,1,41,159.0,60.0,13.0,95.0,40.1,67.0
10909,1,20,158.0,55.0,20.0,105.0,40.5,119.0
10910,0,42,196.0,98.0,26.0,102.0,40.9,165.0
10911,1,46,154.0,55.0,16.0,90.0,40.5,77.0
10912,0,66,188.0,93.0,1.0,85.0,37.7,5.0
10913,1,50,159.0,60.0,7.0,91.0,39.4,34.0
10914,0,76,170.0,77.0,22.0,113.0,40.5,202.0
10915,1,57,167.0,68.0,18.0,114.0,40.4,133.0
10916,1,24,152.0,52.0,10.0,83.0,40.1,37.0
10917,0,36,184.0,93.0,11.0,93.0,39.8,51.0
10918,0,41,194.0,96.0,16.0,94.0,40.3,81.0
10919,0,29,177.0,82.0,30.0,109.0,40.5,193.0
10920,0,34,177.0,78.0,29.0,115.0,40.7,217.0
10921,1,27,165.0,65.0,6.0,85.0,39.2,23.0
10922,1,79,174.0,74.0,21.0,100.0,40.9,130.0
10923,0,70,186.0,90.0,6.0,84.0,39.3,29.0
10924,1,27,158.0,61.0,7.0,82.0,39.3,25.0
10925,0,42,188.0,95.0,10.0,94.0,39.8,51.0
10926,0,30,185.0,87.0,10.0,87.0,39.7,33.0
10927,0,26,179.0,84.0,1.0,84.0,37.7,3.0
10928,1,46,164.0,60.0,8.0,87.0,39.5,35.0
10929,1,26,165.0,62.0,20.0,102.0,40.4,113.0
10930,1,31,175.0,66.0,1.0,79.0,37.4,3.0
10931,1,29,165.0,64.0,8.0,97.0,39.9,41.0
10932,0,43,171.0,79.0,30.0,115.0,40.8,239.0
10933,1,29,140.0,40.0,16.0,101.0,40.0,94.0
10934,0,76,189.0,99.0,18.0,93.0,40.0,120.0
10935,0,49,187.0,88.0,13.0,92.0,40.2,65.0
10936,0,58,176.0,77.0,11.0,90.0,40.0,53.0
10937,1,26,185.0,79.0,4.0,76.0,38.8,10.0
10938,0,43,193.0,92.0,13.0,104.0,40.0,85.0
10939,0,38,186.0,88.0,27.0,102.0,40.9,160.0
10940,0,43,186.0,84.0,4.0,85.0,39.0,14.0
10941,1,46,173.0,75.0,11.0,94.0,40.0,55.0
10942,0,61,171.0,72.0,11.0,87.0,40.2,49.0
10943,0,24,194.0,87.0,12.0,89.0,40.2,39.0
10944,0,23,194.0,97.0,9.0,82.0,39.4,22.0
10945,0,39,181.0,80.0,12.0,93.0,39.7,54.0
10946,0,29,176.0,75.0,10.0,83.0,39.7,24.0
10947,0,35,186.0,88.0,20.0,97.0,40.4,101.0
10948,1,49,165.0,68.0,22.0,105.0,40.4,138.0
10949,0,53,194.0,94.0,11.0,94.0,40.0,61.0
10950,1,61,156.0,59.0,9.0,101.0,39.7,56.0
10951,0,21,180.0,81.0,20.0,97.0,40.4,84.0
10952,0,35,169.0,76.0,12.0,90.0,40.0,45.0
10953,0,38,174.0,74.0,28.0,102.0,40.9,158.0
10954,0,32,190.0,85.0,8.0,92.0,39.3,33.0
10955,1,22,168.0,61.0,27.0,105.0,40.6,159.0
10956,0,40,202.0,103.0,10.0,94.0,40.2,52.0
10957,1,22,165.0,57.0,29.0,107.0,40.5,179.0
10958,1,29,158.0,51.0,21.0,96.0,40.5,109.0
10959,1,37,175.0,65.0,29.0,108.0,40.9,186.0
10960,1,45,156.0,56.0,25.0,105.0,40.7,159.0
10961,1,24,179.0,68.0,16.0,101.0,40.1,87.0
10962,0,76,187.0,94.0,7.0,98.0,39.1,51.0
10963,0,20,184.0,86.0,11.0,91.0,39.8,37.0
10964,1,43,174.0,71.0,27.0,118.0,40.6,203.0
10965,1,37,149.0,51.0,6.0,93.0,39.3,30.0
10966,1,26,169.0,68.0,9.0,85.0,39.5,34.0
10967,0,22,193.0,85.0,28.0,116.0,41.0,202.0
10968,1,46,167.0,70.0,22.0,106.0,40.5,139.0
10969,0,23,179.0,74.0,15.0,89.0,40.0,44.0
10970,0,48,193.0,93.0,8.0,87.0,39.5,34.0
10971,1,25,162.0,62.0,19.0,99.0,40.6,101.0
10972,0,41,194.0,96.0,22.0,105.0,40.6,148.0
10973,1,28,171.0,68.0,17.0,107.0,40.1,104.0
10974,1,26,184.0,82.0,20.0,101.0,40.4,105.0
10975,1,43,171.0,69.0,12.0,89.0,39.8,53.0
10976,1,57,161.0,65.0,9.0,88.0,39.6,42.0
10977,1,35,156.0,55.0,8.0,94.0,39.4,40.0
10978,0,21,176.0,75.0,22.0,107.0,40.8,123.0
10979,1,37,161.0,57.0,3.0,78.0,38.7,10.0
10980,0,35,196.0,96.0,28.0,112.0,41.0,209.0
10981,0,46,195.0,93.0,17.0,103.0,40.4,112.0
10982,1,75,159.0,57.0,6.0,86.0,39.6,29.0
10983,1,29,164.0,60.0,19.0,96.0,40.5,96.0
10984,1,54,157.0,61.0,30.0,108.0,40.5,204.0
10985,0,43,178.0,78.0,16.0,94.0,40.1,76.0
10986,0,79,179.0,91.0,27.0,107.0,40.4,236.0
10987,0,79,169.0,76.0,23.0,95.0,40.6,152.0
10988,1,40,172.0,69.0,5.0,89.0,39.0,22.0
10989,0,67,184.0,85.0,23.0,105.0,40.6,178.0
10990,1,43,159.0,58.0,16.0,90.0,40.1,75.0
10991,0,43,198.0,101.0,17.0,100.0,40.5,105.0
10992,1,41,172.0,61.0,28.0,102.0,40.9,166.0
10993,0,24,189.0,82.0,15.0,97.0,40.0,66.0
10994,0,28,191.0,89.0,22.0,106.0,40.3,134.0
10995,0,36,183.0,88.0,6.0,88.0,38.8,22.0
10996,1,68,158.0,60.0,1.0,84.0,37.5,4.0
10997,1,70,163.0,62.0,23.0,93.0,40.2,125.0
10998,0,20,177.0,77.0,10.0,98.0,39.8,42.0
10999,0,51,195.0,89.0,12.0,94.0,39.8,65.0
11000,0,38,185.0,91.0,5.0,82.0,39.2,15.0
11001,0,35,186.0,90.0,14.0,100.0,40.0,78.0
11002,1,44,167.0,67.0,13.0,94.0,39.9,65.0
11003,0,46,187.0,89.0,14.0,87.0,40.2,57.0
11004,1,20,175.0,69.0,22.0,98.0,40.5,110.0
11005,1,38,168.0,61.0,22.0,104.0,40.7,134.0
11006,0,56,196.0,94.0,5.0,86.0,39.0,23.0
11007,1,41,159.0,57.0,17.0,101.0,40.3,100.0
11008,1,52,172.0,70.0,25.0,111.0,40.8,174.0
11009,1,25,154.0,53.0,12.0,95.0,40.1,60.0
11010,1,54,174.0,68.0,9.0,95.0,39.4,48.0
11011,0,56,169.0,79.0,26.0,102.0,40.4,172.0
11012,0,26,191.0,93.0,25.0,105.0,40.9,148.0
11013,0,57,181.0,84.0,4.0,88.0,38.9,19.0
11014,1,46,168.0,67.0,26.0,97.0,40.9,140.0
11015,1,23,172.0,64.0,28.0,117.0,40.8,200.0
11016,0,38,197.0,104.0,16.0,97.0,40.1,89.0
11017,0,45,179.0,82.0,26.0,107.0,40.6,180.0
11018,1,47,172.0,69.0,21.0,97.0,40.6,113.0
11019,1,31,156.0,61.0,20.0,96.0,40.4,102.0
11020,0,50,172.0,83.0,26.0,105.0,40.7,179.0
11021,1,26,148.0,52.0,2.0,86.0,38.0,8.0
11022,1,34,157.0,61.0,27.0,106.0,41.1,168.0
11023,1,23,169.0,65.0,24.0,98.0,40.6,123.0
11024,1,76,172.0,68.0,12.0,96.0,40.2,70.0
11025,1,22,153.0,55.0,21.0,107.0,41.1,130.0
11026,1,23,167.0,67.0,14.0,96.0,39.9,68.0
11027,1,20,142.0,45.0,25.0,96.0,40.6,128.0
11028,0,45,182.0,87.0,15.0,90.0,40.0,67.0
11029,1,56,168.0,71.0,27.0,108.0,41.0,180.0
11030,1,55,174.0,68.0,2.0,76.0,38.0,7.0
11031,1,40,167.0,63.0,19.0,97.0,40.5,101.0
11032,1,28,176.0,72.0,27.0,112.0,40.7,178.0
11033,1,51,158.0,61.0,11.0,89.0,40.4,52.0
11034,0,23,180.0,73.0,26.0,105.0,41.1,139.0
11035,0,36,178.0,82.0,26.0,102.0,40.7,149.0
11036,0,45,186.0,92.0,4.0,75.0,39.0,9.0
11037,1,78,169.0,68.0,18.0,95.0,40.2,103.0
11038,1,21,158.0,59.0,19.0,95.0,40.6,92.0
11039,0,42,175.0,72.0,28.0,107.0,41.1,183.0
11040,0,30,193.0,101.0,10.0,91.0,39.8,42.0
11041,1,20,166.0,66.0,9.0,96.0,39.5,43.0
11042,0,78,195.0,97.0,25.0,103.0,40.5,205.0
11043,0,26,175.0,79.0,20.0,103.0,40.4,106.0
11044,1,61,180.0,77.0,24.0,99.0,40.3,137.0
11045,1,22,177.0,70.0,22.0,109.0,40.6,136.0
11046,1,31,153.0,52.0,6.0,91.0,39.2,28.0
11047,1,56,161.0,60.0,29.0,104.0,40.8,186.0
11048,1,44,184.0,86.0,24.0,106.0,40.6,145.0
11049,0,47,178.0,77.0,19.0,93.0,40.4,91.0
11050,1,77,169.0,67.0,28.0,109.0,40.7,202.0
11051,0,78,193.0,96.0,15.0,83.0,40.5,78.0
11052,1,71,172.0,69.0,21.0,108.0,40.3,146.0
11053,0,25,183.0,85.0,3.0,83.0,38.5,7.0
11054,0,45,196.0,102.0,29.0,118.0,41.0,261.0
11055,0,38,195.0,100.0,21.0,105.0,40.7,140.0
11056,0,34,173.0,73.0,18.0,108.0,40.4,114.0
11057,0,51,182.0,85.0,16.0,93.0,40.5,82.0
11058,1,73,159.0,59.0,10.0,94.0,39.9,57.0
11059,0,54,184.0,84.0,13.0,89.0,40.2,61.0
11060,1,22,173.0,70.0,15.0,96.0,40.2,72.0
11061,1,31,150.0,51.0,1.0,86.0,37.9,4.0
11062,0,59,202.0,100.0,3.0,87.0,38.5,15.0
11063,1,35,172.0,64.0,25.0,107.0,40.4,158.0
11064,1,70,148.0,57.0,3.0,91.0,38.9,16.0
11065,0,54,181.0,82.0,30.0,110.0,40.7,234.0
11066,0,25,196.0,99.0,9.0,97.0,39.3,43.0
11067,0,20,176.0,79.0,26.0,103.0,40.8,131.0
11068,0,38,182.0,81.0,19.0,99.0,40.1,101.0
11069,0,20,170.0,72.0,29.0,113.0,40.9,185.0
11070,1,35,178.0,72.0,13.0,91.0,40.1,58.0
11071,1,28,168.0,70.0,17.0,96.0,40.4,84.0
11072,0,30,173.0,79.0,3.0,81.0,38.6,7.0
11073,0,46,189.0,90.0,18.0,101.0,40.5,112.0
11074,1,36,160.0,63.0,3.0,78.0,38.3,10.0
11075,1,40,165.0,64.0,2.0,79.0,38.3,7.0
11076,1,35,174.0,71.0,15.0,87.0,40.4,61.0
11077,0,44,175.0,73.0,14.0,95.0,40.4,68.0
11078,0,58,203.0,101.0,15.0,101.0,40.1,106.0
11079,1,55,157.0,54.0,28.0,111.0,40.7,202.0
11080,0,32,204.0,108.0,17.0,96.0,40.1,88.0
11081,0,43,183.0,88.0,12.0,95.0,40.0,62.0
11082,1,49,158.0,58.0,23.0,99.0,40.8,133.0
11083,1,36,152.0,53.0,6.0,83.0,39.2,23.0
11084,1,60,165.0,60.0,4.0,86.0,38.6,18.0
11085,1,55,155.0,56.0,15.0,93.0,40.0,79.0
11086,1,23,158.0,54.0,9.0,92.0,39.4,42.0
11087,0,62,207.0,105.0,9.0,88.0,39.7,48.0
11088,1,26,158.0,60.0,17.0,91.0,40.4,76.0
11089,0,25,166.0,68.0,23.0,106.0,40.5,126.0
11090,1,24,163.0,58.0,25.0,103.0,40.9,144.0
11091,0,39,191.0,90.0,14.0,88.0,40.2,55.0
11092,1,21,162.0,55.0,8.0,85.0,39.5,31.0
11093,1,28,158.0,60.0,27.0,113.0,40.8,186.0
11094,1,24,171.0,71.0,5.0,87.0,39.2,19.0
11095,1,24,170.0,64.0,2.0,79.0,38.1,6.0
11096,1,78,175.0,73.0,21.0,107.0,40.6,146.0
11097,1,29,168.0,68.0,18.0,95.0,40.2,87.0
11098,0,74,190.0,94.0,7.0,84.0,39.2,36.0
11099,0,33,194.0,101.0,7.0,76.0,39.8,14.0
11100,1,68,151.0,58.0,2.0,75.0,38.0,7.0
11101,1,66,166.0,65.0,14.0,100.0,40.5,85.0
11102,1,24,148.0,48.0,8.0,90.0,39.2,36.0
11103,1,35,155.0,60.0,26.0,108.0,40.8,168.0
11104,0,64,184.0,92.0,18.0,102.0,40.4,131.0
11105,1,45,160.0,64.0,21.0,102.0,40.7,125.0
11106,1,26,176.0,69.0,28.0,108.0,40.8,173.0
11107,1,70,174.0,76.0,6.0,88.0,38.7,28.0
11108,0,52,180.0,84.0,4.0,84.0,38.9,15.0
11109,0,32,176.0,80.0,16.0,101.0,40.3,85.0
11110,0,51,190.0,96.0,5.0,77.0,39.0,15.0
11111,0,34,178.0,77.0,14.0,96.0,40.5,65.0
11112,0,58,179.0,78.0,21.0,99.0,40.7,131.0
11113,0,39,174.0,76.0,12.0,85.0,40.0,38.0
11114,0,27,185.0,87.0,7.0,89.0,39.6,24.0
11115,0,74,186.0,88.0,20.0,95.0,40.4,132.0
11116,1,33,182.0,75.0,25.0,101.0,40.5,137.0
11117,0,54,169.0,78.0,14.0,92.0,40.1,70.0
11118,0,60,177.0,81.0,25.0,104.0,40.6,179.0
11119,0,31,190.0,93.0,3.0,93.0,38.8,13.0
11120,1,56,174.0,76.0,11.0,90.0,39.7,52.0
11121,1,22,149.0,52.0,22.0,103.0,41.0,128.0
11122,0,76,183.0,85.0,11.0,87.0,40.0,60.0
11123,1,32,168.0,62.0,28.0,106.0,40.8,173.0
11124,1,35,155.0,55.0,11.0,87.0,39.7,47.0
11125,0,22,222.0,128.0,6.0,84.0,39.3,20.0
11126,0,21,177.0,82.0,25.0,108.0,40.9,147.0
11127,1,74,162.0,63.0,3.0,84.0,39.2,14.0
11128,1,28,178.0,77.0,22.0,103.0,40.6,123.0
11129,1,43,154.0,50.0,26.0,101.0,41.0,156.0
11130,1,67,155.0,58.0,9.0,92.0,39.4,48.0
11131,0,26,181.0,81.0,4.0,79.0,39.1,7.0
11132,1,61,151.0,55.0,11.0,90.0,39.3,56.0
11133,1,52,153.0,55.0,30.0,108.0,40.7,205.0
11134,1,63,161.0,61.0,6.0,90.0,39.4,30.0
11135,0,57,164.0,65.0,10.0,95.0,40.2,53.0
11136,1,21,164.0,62.0,5.0,81.0,39.4,17.0
11137,1,20,162.0,58.0,4.0,76.0,39.2,11.0
11138,1,40,178.0,74.0,21.0,102.0,40.7,120.0
11139,0,44,181.0,78.0,13.0,102.0,40.1,78.0
11140,0,20,182.0,84.0,12.0,99.0,39.9,54.0
11141,1,33,151.0,44.0,16.0,89.0,40.0,74.0
11142,0,28,180.0,80.0,12.0,96.0,40.4,53.0
11143,0,36,180.0,86.0,13.0,94.0,39.9,60.0
11144,0,38,195.0,97.0,10.0,89.0,39.8,42.0
11145,0,63,184.0,92.0,14.0,94.0,40.2,84.0
11146,0,27,179.0,73.0,3.0,85.0,38.8,8.0
11147,0,23,192.0,91.0,14.0,84.0,40.2,36.0
11148,1,51,154.0,56.0,15.0,96.0,40.6,83.0
11149,0,47,165.0,72.0,20.0,96.0,40.3,103.0
11150,0,28,163.0,71.0,20.0,95.0,40.6,81.0
11151,1,24,163.0,61.0,22.0,95.0,40.2,107.0
11152,1,65,137.0,41.0,3.0,83.0,38.7,14.0
11153,0,25,179.0,78.0,6.0,97.0,39.3,26.0
11154,1,24,157.0,50.0,14.0,95.0,40.3,70.0
11155,1,27,153.0,53.0,24.0,109.0,41.0,157.0
11156,1,55,160.0,64.0,30.0,105.0,40.8,193.0
11157,1,27,180.0,72.0,6.0,87.0,39.2,23.0
11158,1,23,172.0,65.0,26.0,107.0,40.7,158.0
11159,0,23,194.0,92.0,9.0,95.0,39.6,38.0
11160,1,43,162.0,60.0,30.0,99.0,40.8,169.0
11161,0,42,177.0,81.0,8.0,85.0,39.6,27.0
11162,0,60,207.0,114.0,1.0,87.0,37.7,5.0
11163,0,45,177.0,85.0,7.0,89.0,39.5,30.0
11164,0,33,187.0,80.0,21.0,91.0,40.6,81.0
11165,0,35,185.0,86.0,24.0,109.0,40.5,163.0
11166,0,67,155.0,64.0,6.0,88.0,38.9,28.0
11167,0,26,188.0,89.0,22.0,108.0,40.6,138.0
11168,0,28,179.0,83.0,2.0,79.0,38.1,4.0
11169,0,41,172.0,78.0,4.0,83.0,39.1,12.0
11170,0,26,187.0,91.0,7.0,92.0,39.5,27.0
11171,0,31,189.0,84.0,19.0,98.0,40.6,93.0
11172,0,34,167.0,71.0,8.0,85.0,39.5,23.0
11173,1,47,176.0,67.0,4.0,87.0,38.6,17.0
11174,1,37,163.0,59.0,8.0,92.0,39.7,38.0
11175,0,21,205.0,108.0,2.0,84.0,37.9,6.0
11176,1,67,163.0,67.0,15.0,99.0,40.4,90.0
11177,0,32,194.0,94.0,9.0,83.0,39.6,26.0
11178,0,22,197.0,96.0,26.0,102.0,41.0,139.0
11179,0,24,178.0,82.0,12.0,94.0,40.1,47.0
11180,0,28,184.0,79.0,1.0,86.0,37.6,3.0
11181,1,67,173.0,70.0,8.0,96.0,39.2,45.0
11182,0,60,180.0,79.0,4.0,87.0,38.9,18.0
11183,1,45,154.0,60.0,10.0,92.0,39.7,49.0
11184,0,38,164.0,67.0,11.0,83.0,39.6,29.0
11185,1,32,170.0,70.0,18.0,96.0,40.3,90.0
11186,1,27,144.0,48.0,3.0,86.0,38.8,12.0
11187,1,40,172.0,70.0,11.0,94.0,39.7,54.0
11188,0,50,197.0,96.0,9.0,88.0,39.6,41.0
11189,1,63,169.0,68.0,3.0,87.0,38.5,14.0
11190,0,26,198.0,95.0,5.0,88.0,39.3,17.0
11191,0,77,176.0,82.0,23.0,99.0,40.6,167.0
11192,0,29,180.0,78.0,18.0,97.0,40.2,82.0
11193,1,60,171.0,71.0,30.0,115.0,40.9,225.0
11194,1,25,162.0,59.0,23.0,97.0,40.5,118.0
11195,0,60,170.0,71.0,30.0,108.0,40.8,226.0
11196,0,44,186.0,92.0,7.0,96.0,39.8,38.0
11197,0,48,188.0,92.0,4.0,85.0,39.1,16.0
11198,1,75,165.0,62.0,26.0,108.0,41.1,186.0
11199,1,74,171.0,71.0,22.0,102.0,40.8,140.0
11200,0,34,178.0,80.0,26.0,107.0,40.7,165.0
11201,1,25,168.0,66.0,9.0,91.0,39.7,39.0
11202,0,25,196.0,98.0,11.0,87.0,39.9,36.0
11203,1,48,161.0,63.0,22.0,102.0,40.7,132.0
11204,1,43,148.0,52.0,29.0,108.0,40.5,195.0
11205,0,29,188.0,84.0,16.0,95.0,40.4,70.0
11206,0,66,182.0,86.0,27.0,113.0,40.8,241.0
11207,0,39,197.0,106.0,8.0,95.0,39.3,43.0
11208,1,52,158.0,61.0,14.0,99.0,40.2,81.0
11209,1,26,168.0,66.0,16.0,102.0,40.2,89.0
11210,0,33,187.0,93.0,2.0,85.0,38.0,6.0
11211,0,60,187.0,92.0,25.0,112.0,40.8,215.0
11212,1,29,160.0,60.0,18.0,102.0,40.4,103.0
11213,1,77,170.0,65.0,3.0,89.0,39.0,15.0
11214,0,67,172.0,75.0,7.0,83.0,39.4,29.0
11215,1,37,154.0,61.0,5.0,82.0,39.5,19.0
11216,1,67,174.0,74.0,14.0,98.0,40.1,81.0
11217,0,51,164.0,71.0,6.0,81.0,39.4,18.0
11218,1,28,164.0,67.0,17.0,97.0,40.2,86.0
11219,1,28,177.0,70.0,14.0,93.0,40.0,64.0
11220,0,70,187.0,89.0,28.0,112.0,40.8,252.0
11221,0,76,184.0,90.0,17.0,101.0,40.1,130.0
11222,0,29,183.0,78.0,22.0,93.0,40.6,87.0
11223,0,46,194.0,88.0,1.0,80.0,37.6,3.0
11224,0,79,170.0,75.0,18.0,95.0,40.6,119.0
11225,1,48,176.0,74.0,18.0,94.0,40.4,90.0
11226,0,35,192.0,94.0,4.0,84.0,38.8,13.0
11227,1,30,175.0,67.0,2.0,85.0,38.1,8.0
11228,0,53,175.0,73.0,14.0,94.0,40.0,72.0
11229,0,50,164.0,68.0,28.0,108.0,40.9,196.0
11230,1,48,151.0,56.0,8.0,88.0,39.2,37.0
11231,0,37,192.0,95.0,29.0,119.0,40.7,250.0
11232,0,33,171.0,69.0,28.0,114.0,40.7,199.0
11233,0,34,206.0,103.0,22.0,100.0,40.8,127.0
11234,1,74,151.0,50.0,25.0,109.0,40.2,185.0
11235,1,65,158.0,58.0,22.0,92.0,40.8,117.0
11236,0,25,177.0,80.0,22.0,93.0,40.4,83.0
11237,0,36,173.0,75.0,16.0,94.0,40.4,70.0
11238,1,29,161.0,65.0,28.0,110.0,41.1,182.0
11239,0,41,172.0,75.0,8.0,88.0,39.7,30.0
11240,1,76,155.0,59.0,6.0,73.0,39.2,21.0
11241,0,24,196.0,97.0,4.0,83.0,39.3,10.0
11242,1,31,171.0,68.0,28.0,107.0,40.7,173.0
11243,1,26,160.0,54.0,26.0,113.0,40.9,180.0
11244,0,71,190.0,88.0,5.0,75.0,38.9,17.0
11245,1,26,184.0,79.0,15.0,104.0,40.6,84.0
11246,1,33,166.0,62.0,20.0,99.0,40.0,109.0
11247,0,70,194.0,97.0,3.0,87.0,38.7,16.0
11248,1,23,147.0,51.0,21.0,113.0,40.5,145.0
11249,1,77,160.0,61.0,5.0,85.0,39.0,24.0
11250,0,45,192.0,93.0,18.0,109.0,40.5,134.0
11251,0,39,189.0,90.0,27.0,101.0,40.8,159.0
11252,0,30,170.0,72.0,5.0,86.0,39.0,14.0
11253,0,26,204.0,107.0,30.0,106.0,40.6,191.0
11254,1,40,173.0,68.0,11.0,93.0,40.1,53.0
11255,1,34,160.0,60.0,4.0,78.0,39.0,13.0
11256,1,38,170.0,65.0,3.0,85.0,39.1,12.0
11257,0,30,194.0,95.0,11.0,101.0,39.6,61.0
11258,0,32,162.0,65.0,6.0,91.0,39.3,21.0
11259,1,35,167.0,69.0,11.0,96.0,39.8,56.0
11260,0,73,172.0,86.0,29.0,105.0,41.1,233.0
11261,0,65,179.0,82.0,2.0,77.0,37.9,7.0
11262,0,57,180.0,86.0,30.0,117.0,41.3,272.0
11263,0,69,184.0,83.0,5.0,91.0,39.1,28.0
11264,1,51,159.0,58.0,26.0,112.0,40.8,187.0
11265,0,76,192.0,95.0,17.0,101.0,40.3,132.0
11266,0,32,182.0,86.0,29.0,110.0,40.8,198.0
11267,1,70,156.0,56.0,23.0,113.0,40.8,176.0
11268,1,24,157.0,55.0,13.0,93.0,39.9,62.0
11269,0,32,179.0,78.0,12.0,88.0,39.7,40.0
11270,0,32,196.0,96.0,28.0,110.0,40.9,197.0
11271,0,48,188.0,86.0,11.0,91.0,39.6,52.0
11272,1,63,152.0,52.0,17.0,103.0,40.1,111.0
11273,0,56,175.0,82.0,11.0,88.0,39.9,50.0
11274,1,22,158.0,58.0,9.0,101.0,39.5,50.0
11275,1,64,162.0,58.0,1.0,86.0,38.0,5.0
11276,1,62,161.0,65.0,11.0,88.0,39.5,52.0
11277,0,31,188.0,86.0,8.0,91.0,39.6,31.0
11278,1,28,159.0,56.0,11.0,93.0,40.0,53.0
11279,1,65,148.0,48.0,26.0,106.0,40.6,181.0
11280,1,44,172.0,67.0,17.0,86.0,40.5,71.0
11281,0,49,193.0,87.0,9.0,85.0,39.8,35.0
11282,1,50,176.0,70.0,6.0,91.0,39.3,29.0
11283,0,28,175.0,74.0,23.0,107.0,40.7,136.0
11284,0,38,171.0,72.0,30.0,111.0,40.9,209.0
11285,0,45,182.0,78.0,8.0,92.0,39.7,36.0
11286,0,36,169.0,70.0,10.0,86.0,39.7,30.0
11287,1,76,151.0,55.0,27.0,112.0,40.5,207.0
11288,0,32,191.0,92.0,16.0,94.0,40.5,73.0
11289,0,54,197.0,99.0,18.0,112.0,40.6,152.0
11290,1,64,164.0,57.0,15.0,92.0,39.7,80.0
11291,0,56,179.0,83.0,29.0,110.0,40.9,229.0
11292,1,42,148.0,48.0,15.0,94.0,40.5,79.0
11293,0,70,191.0,98.0,4.0,83.0,39.1,19.0
11294,1,31,169.0,66.0,23.0,94.0,40.9,111.0
11295,1,24,171.0,66.0,24.0,105.0,40.6,141.0
11296,0,36,181.0,84.0,17.0,93.0,40.6,75.0
11297,0,20,167.0,65.0,12.0,91.0,40.3,35.0
11298,0,30,190.0,88.0,17.0,98.0,40.6,84.0
11299,1,22,176.0,66.0,12.0,89.0,40.3,49.0
11300,0,33,170.0,70.0,30.0,116.0,41.0,223.0
11301,0,26,177.0,71.0,4.0,82.0,39.2,8.0
11302,1,30,148.0,47.0,29.0,105.0,40.5,181.0
11303,1,32,145.0,48.0,2.0,84.0,38.0,8.0
11304,0,65,179.0,84.0,9.0,85.0,39.4,41.0
11305,1,32,150.0,57.0,19.0,96.0,40.3,98.0
11306,0,29,186.0,91.0,8.0,84.0,39.6,23.0
11307,0,36,205.0,112.0,22.0,107.0,40.9,157.0
11308,1,47,167.0,63.0,21.0,101.0,40.6,124.0
11309,1,40,163.0,60.0,28.0,109.0,40.7,186.0
11310,0,55,186.0,89.0,10.0,83.0,39.5,39.0
11311,0,22,185.0,80.0,27.0,112.0,40.7,176.0
11312,1,73,167.0,71.0,27.0,98.0,40.7,160.0
11313,1,72,146.0,53.0,12.0,94.0,40.1,69.0
11314,0,35,198.0,95.0,13.0,99.0,40.3,71.0
11315,0,51,173.0,73.0,21.0,112.0,40.6,163.0
11316,0,60,178.0,78.0,26.0,103.0,40.5,180.0
11317,0,54,164.0,67.0,18.0,93.0,40.8,88.0
11318,1,43,164.0,63.0,23.0,106.0,40.9,146.0
11319,0,33,180.0,79.0,23.0,106.0,40.9,141.0
11320,0,26,195.0,97.0,7.0,84.0,39.4,20.0
11321,1,28,161.0,57.0,6.0,83.0,39.5,22.0
11322,0,27,184.0,93.0,10.0,88.0,39.6,34.0
11323,1,73,163.0,62.0,19.0,105.0,40.5,129.0
11324,1,67,145.0,52.0,14.0,97.0,39.9,83.0
11325,1,26,162.0,56.0,21.0,101.0,40.5,118.0
11326,1,24,171.0,63.0,17.0,95.0,40.9,82.0
11327,0,31,207.0,111.0,6.0,92.0,39.3,28.0
11328,0,76,172.0,75.0,4.0,76.0,38.9,14.0
11329,0,23,170.0,68.0,16.0,88.0,40.6,43.0
11330,1,31,171.0,64.0,6.0,88.0,39.3,25.0
11331,1,33,167.0,64.0,3.0,78.0,39.0,9.0
11332,1,54,170.0,72.0,15.0,89.0,40.2,69.0
11333,1,68,166.0,64.0,2.0,75.0,37.9,7.0
11334,1,74,158.0,58.0,15.0,88.0,39.8,76.0
11335,1,73,177.0,73.0,16.0,91.0,40.0,82.0
11336,1,44,169.0,67.0,20.0,101.0,40.5,116.0
11337,0,71,179.0,84.0,11.0,89.0,39.9,60.0
11338,0,65,204.0,103.0,14.0,93.0,40.1,87.0
11339,1,30,174.0,69.0,14.0,86.0,40.6,55.0
11340,0,21,175.0,73.0,22.0,95.0,41.0,82.0
11341,0,44,178.0,83.0,6.0,84.0,39.4,20.0
11342,0,46,176.0,76.0,2.0,81.0,38.0,6.0
11343,1,36,166.0,64.0,22.0,106.0,40.6,137.0
11344,1,38,151.0,56.0,28.0,111.0,40.5,193.0
11345,1,39,165.0,62.0,2.0,73.0,37.8,6.0
11346,1,33,176.0,68.0,11.0,94.0,39.7,53.0
11347,0,44,177.0,83.0,28.0,110.0,41.2,205.0
11348,0,64,188.0,96.0,13.0,92.0,39.6,76.0
11349,1,40,153.0,52.0,29.0,102.0,40.9,175.0
11350,1,25,173.0,70.0,5.0,79.0,39.1,15.0
11351,0,78,209.0,112.0,4.0,85.0,38.6,23.0
11352,0,58,179.0,83.0,15.0,95.0,40.5,86.0
11353,1,38,160.0,60.0,12.0,99.0,40.3,67.0
11354,0,35,156.0,57.0,10.0,88.0,39.5,30.0
11355,1,39,165.0,64.0,29.0,96.0,40.8,151.0
11356,1,28,189.0,86.0,22.0,104.0,40.7,122.0
11357,1,69,171.0,73.0,15.0,102.0,40.4,94.0
11358,1,30,159.0,60.0,15.0,99.0,40.5,81.0
11359,1,49,177.0,70.0,26.0,110.0,40.7,176.0
11360,1,33,149.0,48.0,2.0,81.0,38.5,7.0
11361,1,51,170.0,71.0,2.0,86.0,38.3,8.0
11362,1,52,155.0,58.0,20.0,110.0,40.3,140.0
11363,1,27,168.0,68.0,4.0,90.0,39.0,17.0
11364,0,39,192.0,95.0,25.0,99.0,41.3,142.0
11365,0,54,182.0,91.0,14.0,102.0,40.1,95.0
11366,0,41,181.0,82.0,23.0,106.0,40.5,151.0
11367,0,76,204.0,109.0,29.0,107.0,41.3,261.0
11368,0,76,210.0,116.0,10.0,93.0,40.0,70.0
11369,1,59,157.0,61.0,25.0,107.0,40.9,169.0
11370,1,54,159.0,58.0,6.0,90.0,39.0,29.0
11371,1,54,161.0,59.0,4.0,83.0,38.8,17.0
11372,1,52,160.0,62.0,28.0,112.0,41.1,201.0
11373,0,59,189.0,96.0,2.0,84.0,38.5,9.0
11374,1,25,171.0,69.0,12.0,92.0,39.9,53.0
11375,0,61,181.0,87.0,25.0,112.0,40.7,213.0
11376,1,31,158.0,64.0,24.0,94.0,40.4,116.0
11377,0,22,195.0,96.0,10.0,92.0,40.1,38.0
11378,0,22,200.0,96.0,9.0,84.0,40.0,24.0
11379,1,39,182.0,76.0,16.0,100.0,40.3,87.0
11380,1,66,154.0,56.0,23.0,106.0,40.8,158.0
11381,1,29,177.0,69.0,23.0,106.0,40.6,138.0
11382,1,26,170.0,66.0,20.0,107.0,40.3,122.0
11383,0,42,177.0,76.0,5.0,89.0,38.9,20.0
11384,0,57,188.0,97.0,11.0,95.0,39.9,66.0
11385,0,61,188.0,94.0,18.0,97.0,40.3,116.0
11386,0,64,180.0,87.0,1.0,78.0,37.7,4.0
11387,0,39,169.0,73.0,24.0,107.0,40.6,154.0
11388,1,53,181.0,82.0,5.0,88.0,39.1,22.0
11389,1,42,166.0,63.0,20.0,98.0,40.6,110.0
11390,1,34,169.0,68.0,7.0,88.0,39.3,29.0
11391,1,29,153.0,55.0,11.0,97.0,39.5,58.0
11392,0,39,189.0,94.0,11.0,86.0,40.1,41.0
11393,0,25,191.0,85.0,25.0,105.0,40.7,143.0
11394,1,71,158.0,62.0,3.0,78.0,38.4,12.0
11395,0,54,166.0,67.0,2.0,76.0,38.6,5.0
11396,1,66,168.0,71.0,10.0,88.0,39.6,47.0
11397,1,76,156.0,56.0,28.0,102.0,41.0,185.0
11398,1,52,169.0,69.0,14.0,92.0,40.4,69.0
11399,1,23,161.0,59.0,20.0,106.0,40.4,121.0
11400,1,79,167.0,67.0,24.0,93.0,41.0,133.0
11401,0,23,182.0,85.0,18.0,103.0,40.5,96.0
11402,1,36,154.0,52.0,21.0,100.0,40.5,120.0
11403,0,69,193.0,90.0,29.0,121.0,41.1,300.0
11404,0,50,171.0,77.0,29.0,111.0,40.8,222.0
11405,1,54,159.0,63.0,16.0,96.0,40.3,88.0
11406,0,23,191.0,84.0,24.0,111.0,40.8,156.0
11407,0,24,191.0,93.0,17.0,110.0,40.5,112.0
11408,0,30,185.0,82.0,11.0,97.0,39.8,51.0
11409,1,29,166.0,61.0,4.0,89.0,39.2,17.0
11410,1,62,182.0,76.0,10.0,82.0,39.6,39.0
11411,1,48,182.0,80.0,10.0,92.0,40.0,47.0
11412,0,41,192.0,99.0,22.0,98.0,40.5,126.0
11413,0,22,189.0,86.0,14.0,105.0,40.0,78.0
11414,0,22,187.0,87.0,11.0,96.0,39.8,47.0
11415,0,27,184.0,84.0,16.0,101.0,40.3,83.0
11416,1,20,165.0,64.0,21.0,107.0,40.7,127.0
11417,0,28,187.0,85.0,25.0,100.0,40.7,127.0
11418,0,41,200.0,103.0,18.0,103.0,40.5,118.0
11419,0,55,205.0,114.0,26.0,112.0,40.4,230.0
11420,0,25,187.0,86.0,4.0,83.0,38.7,10.0
11421,1,72,186.0,84.0,13.0,93.0,40.0,67.0
11422,0,63,177.0,80.0,3.0,89.0,38.7,15.0
11423,1,77,172.0,74.0,15.0,96.0,40.3,86.0
11424,1,31,157.0,61.0,26.0,115.0,40.7,185.0
11425,0,46,190.0,87.0,8.0,89.0,39.6,35.0
11426,1,25,183.0,77.0,7.0,100.0,39.3,36.0
11427,1,39,156.0,62.0,28.0,104.0,40.8,170.0
11428,0,41,194.0,100.0,19.0,102.0,40.4,121.0
11429,1,37,159.0,62.0,9.0,89.0,39.6,40.0
11430,0,35,193.0,90.0,23.0,97.0,40.7,117.0
11431,0,74,181.0,86.0,22.0,101.0,40.8,165.0
11432,0,20,177.0,78.0,15.0,99.0,40.4,66.0
11433,0,38,172.0,70.0,24.0,102.0,40.6,133.0
11434,1,61,163.0,66.0,6.0,76.0,39.1,21.0
11435,0,79,176.0,86.0,20.0,102.0,40.1,158.0
11436,1,42,173.0,65.0,23.0,108.0,40.9,150.0
11437,1,29,158.0,57.0,21.0,105.0,40.5,128.0
11438,0,40,193.0,93.0,23.0,107.0,40.6,159.0
11439,1,64,174.0,69.0,4.0,88.0,38.7,19.0
11440,0,23,176.0,82.0,27.0,116.0,40.8,194.0
11441,1,20,163.0,53.0,28.0,102.0,40.8,158.0
11442,0,56,184.0,88.0,5.0,89.0,39.5,24.0
11443,1,58,168.0,71.0,10.0,90.0,40.0,48.0
11444,0,25,195.0,100.0,16.0,93.0,40.3,68.0
11445,0,61,186.0,89.0,27.0,101.0,40.8,187.0
11446,0,35,183.0,91.0,6.0,83.0,39.1,18.0
11447,1,64,161.0,65.0,12.0,96.0,39.9,67.0
11448,0,20,187.0,81.0,16.0,91.0,40.1,52.0
11449,1,39,151.0,56.0,17.0,107.0,40.2,110.0
11450,1,54,145.0,46.0,5.0,82.0,39.0,21.0
11451,0,48,170.0,72.0,6.0,90.0,39.0,26.0
11452,0,49,202.0,106.0,1.0,77.0,38.3,3.0
11453,1,59,164.0,65.0,13.0,93.0,40.1,68.0
11454,1,25,160.0,59.0,24.0,102.0,40.3,136.0
11455,0,38,186.0,88.0,17.0,94.0,39.8,81.0
11456,0,40,198.0,104.0,29.0,110.0,40.7,220.0
11457,1,28,159.0,60.0,12.0,91.0,39.9,54.0
11458,0,48,181.0,85.0,22.0,103.0,41.0,143.0
11459,0,66,182.0,86.0,9.0,91.0,39.5,50.0
11460,0,23,172.0,68.0,28.0,104.0,41.1,143.0
11461,1,75,164.0,61.0,17.0,93.0,40.3,94.0
11462,1,67,157.0,56.0,28.0,122.0,40.7,240.0
11463,0,26,189.0,84.0,7.0,85.0,39.3,19.0
11464,1,43,156.0,58.0,6.0,87.0,39.1,26.0
11465,1,20,171.0,71.0,9.0,79.0,39.7,27.0
11466,0,35,194.0,98.0,24.0,103.0,40.6,148.0
11467,0,44,172.0,81.0,5.0,82.0,38.9,15.0
11468,1,68,162.0,59.0,13.0,93.0,40.0,71.0
11469,1,32,154.0,57.0,20.0,92.0,40.8,95.0
11470,0,62,202.0,104.0,27.0,102.0,40.8,201.0
11471,0,36,199.0,102.0,2.0,75.0,38.4,4.0
11472,1,23,164.0,55.0,6.0,91.0,39.5,27.0
11473,0,29,192.0,88.0,29.0,106.0,40.9,177.0
11474,1,65,168.0,73.0,4.0,81.0,38.7,16.0
11475,1,66,160.0,58.0,18.0,96.0,40.1,104.0
11476,0,68,175.0,81.0,6.0,79.0,39.3,23.0
11477,1,20,148.0,53.0,2.0,88.0,38.3,8.0
11478,0,67,187.0,94.0,19.0,98.0,40.6,131.0
11479,1,23,166.0,61.0,20.0,100.0,40.2,108.0
11480,0,61,157.0,59.0,21.0,97.0,40.3,119.0
11481,0,54,189.0,92.0,8.0,91.0,39.8,41.0
11482,0,27,192.0,93.0,27.0,112.0,40.5,190.0
11483,0,58,165.0,66.0,2.0,83.0,38.6,7.0
11484,1,61,158.0,60.0,23.0,102.0,40.5,144.0
11485,1,28,154.0,54.0,14.0,93.0,40.2,67.0
11486,1,23,172.0,67.0,7.0,86.0,39.2,27.0
11487,0,50,193.0,96.0,3.0,86.0,38.1,13.0
11488,1,75,170.0,72.0,22.0,98.0,40.9,131.0
11489,0,38,192.0,92.0,21.0,104.0,40.6,133.0
11490,1,22,178.0,71.0,17.0,106.0,40.5,100.0
11491,0,54,187.0,89.0,11.0,95.0,40.2,62.0
11492,1,22,163.0,60.0,12.0,86.0,39.5,47.0
11493,1,74,162.0,69.0,8.0,97.0,39.7,47.0
11494,1,35,167.0,63.0,28.0,117.0,40.9,207.0
11495,0,58,177.0,84.0,8.0,87.0,39.4,36.0
11496,0,38,191.0,92.0,11.0,94.0,39.9,53.0
11497,1,52,178.0,76.0,26.0,112.0,41.0,181.0
11498,1,59,172.0,70.0,2.0,96.0,38.6,11.0
11499,1,41,160.0,60.0,28.0,101.0,40.9,163.0
11500,0,57,188.0,88.0,26.0,101.0,41.3,174.0
11501,0,72,164.0,72.0,9.0,83.0,40.1,39.0
11502,1,55,176.0,70.0,11.0,90.0,40.2,52.0
11503,0,33,172.0,70.0,6.0,85.0,39.5,17.0
11504,1,25,157.0,58.0,24.0,100.0,40.5,131.0
11505,0,20,172.0,75.0,10.0,88.0,39.7,27.0
11506,1,32,162.0,60.0,21.0,102.0,40.6,121.0
11507,1,23,161.0,55.0,3.0,83.0,38.3,11.0
11508,0,21,168.0,71.0,3.0,78.0,38.5,3.0
11509,1,38,152.0,55.0,28.0,107.0,40.9,181.0
11510,0,73,203.0,106.0,27.0,101.0,40.4,212.0
11511,0,73,187.0,96.0,2.0,91.0,38.0,12.0
11512,1,57,161.0,61.0,15.0,95.0,40.3,82.0
11513,0,29,173.0,77.0,13.0,91.0,40.0,47.0
11514,1,34,168.0,66.0,17.0,100.0,40.5,94.0
11515,1,24,165.0,65.0,6.0,94.0,39.5,28.0
11516,0,65,194.0,98.0,28.0,112.0,40.5,251.0
11517,0,30,206.0,106.0,6.0,92.0,39.2,27.0
11518,0,58,175.0,81.0,12.0,95.0,39.8,68.0
11519,1,52,182.0,77.0,4.0,86.0,38.8,17.0
11520,1,64,166.0,66.0,27.0,112.0,40.9,198.0
11521,1,66,165.0,63.0,26.0,98.0,40.7,153.0
11522,0,79,186.0,88.0,5.0,91.0,39.5,31.0
11523,0,77,174.0,82.0,23.0,94.0,40.7,149.0
11524,1,48,179.0,82.0,28.0,114.0,40.7,197.0
11525,1,67,169.0,67.0,17.0,92.0,40.2,89.0
11526,1,65,169.0,72.0,7.0,94.0,39.6,37.0
11527,1,64,188.0,85.0,28.0,106.0,41.1,180.0
11528,0,31,202.0,102.0,8.0,79.0,39.6,20.0
11529,1,43,149.0,53.0,4.0,84.0,38.8,17.0
11530,0,72,196.0,92.0,25.0,110.0,40.5,222.0
11531,1,36,173.0,73.0,25.0,113.0,40.8,171.0
11532,0,29,186.0,87.0,23.0,104.0,40.6,133.0
11533,0,20,178.0,79.0,10.0,92.0,39.5,34.0
11534,0,71,187.0,93.0,28.0,113.0,40.9,260.0
11535,0,34,181.0,83.0,25.0,102.0,40.9,141.0
11536,0,31,210.0,112.0,20.0,107.0,40.7,138.0
11537,1,48,177.0,75.0,10.0,101.0,39.9,57.0
11538,0,49,195.0,98.0,28.0,110.0,40.8,221.0
11539,0,30,191.0,91.0,7.0,84.0,39.6,20.0
11540,0,49,201.0,105.0,21.0,102.0,40.7,144.0
11541,0,46,196.0,101.0,16.0,95.0,40.3,89.0
11542,0,28,199.0,96.0,21.0,103.0,40.2,122.0
11543,1,25,160.0,60.0,5.0,89.0,39.4,21.0
11544,0,21,169.0,70.0,2.0,94.0,38.0,7.0
11545,0,62,189.0,99.0,5.0,87.0,38.8,25.0
11546,0,38,173.0,74.0,15.0,94.0,40.0,67.0
11547,0,76,184.0,87.0,10.0,93.0,39.8,64.0
11548,0,21,178.0,78.0,20.0,99.0,40.5,89.0
11549,1,24,169.0,67.0,23.0,112.0,40.4,152.0
11550,0,59,193.0,91.0,2.0,80.0,38.3,7.0
11551,1,53,151.0,49.0,27.0,105.0,41.0,179.0
11552,1,75,182.0,82.0,22.0,99.0,40.5,130.0
11553,1,22,160.0,60.0,25.0,102.0,40.9,140.0
11554,0,30,177.0,82.0,19.0,89.0,40.7,66.0
11555,0,35,177.0,75.0,25.0,105.0,40.5,149.0
11556,1,56,167.0,66.0,10.0,95.0,39.7,54.0
11557,0,69,186.0,83.0,16.0,91.0,40.4,91.0
11558,0,61,186.0,88.0,21.0,101.0,40.7,145.0
11559,1,29,143.0,45.0,17.0,92.0,40.4,82.0
11560,1,34,157.0,60.0,24.0,100.0,40.7,134.0
11561,1,36,181.0,80.0,18.0,98.0,40.3,92.0
11562,0,29,178.0,85.0,18.0,93.0,40.8,74.0
11563,1,32,170.0,66.0,17.0,97.0,40.5,88.0
11564,0,61,194.0,103.0,9.0,88.0,39.9,47.0
11565,0,33,183.0,88.0,9.0,89.0,39.7,34.0
11566,0,20,173.0,74.0,2.0,83.0,37.9,4.0
11567,1,47,173.0,76.0,24.0,100.0,40.8,134.0
11568,1,63,162.0,67.0,9.0,83.0,39.8,38.0
11569,0,29,185.0,86.0,21.0,101.0,40.7,112.0
11570,0,33,183.0,90.0,5.0,82.0,39.5,14.0
11571,0,44,178.0,74.0,26.0,112.0,40.3,193.0
11572,1,77,165.0,63.0,27.0,101.0,40.9,173.0
11573,0,29,180.0,82.0,14.0,86.0,40.2,42.0
11574,1,78,193.0,96.0,17.0,92.0,40.3,85.0
11575,1,55,161.0,64.0,29.0,104.0,40.3,184.0
11576,0,22,177.0,82.0,16.0,97.0,40.0,69.0
11577,1,28,164.0,59.0,9.0,90.0,39.5,40.0
11578,1,23,162.0,58.0,27.0,103.0,40.7,155.0
11579,1,29,164.0,65.0,24.0,106.0,40.8,146.0
11580,1,60,157.0,54.0,7.0,87.0,39.7,33.0
11581,0,33,199.0,104.0,8.0,82.0,39.6,24.0
11582,1,45,167.0,69.0,9.0,96.0,39.8,47.0
11583,0,65,176.0,82.0,15.0,97.0,40.1,95.0
11584,0,49,183.0,84.0,9.0,84.0,39.7,33.0
11585,1,25,166.0,61.0,15.0,104.0,40.2,88.0
11586,0,22,207.0,110.0,1.0,81.0,37.8,2.0
11587,0,34,181.0,88.0,24.0,93.0,40.6,105.0
11588,0,31,178.0,78.0,19.0,106.0,40.4,114.0
11589,1,69,171.0,70.0,9.0,84.0,39.8,39.0
11590,0,47,185.0,91.0,12.0,101.0,39.7,76.0
11591,1,51,166.0,65.0,25.0,91.0,40.5,122.0
11592,0,37,170.0,76.0,7.0,86.0,39.3,23.0
11593,0,23,188.0,91.0,1.0,88.0,37.6,3.0
11594,0,39,182.0,87.0,8.0,85.0,39.3,27.0
11595,1,43,159.0,59.0,4.0,85.0,39.0,17.0
11596,0,22,175.0,75.0,15.0,97.0,40.3,62.0
11597,1,28,160.0,61.0,5.0,88.0,39.6,21.0
11598,1,27,150.0,57.0,29.0,99.0,40.9,157.0
11599,0,63,199.0,101.0,14.0,81.0,40.1,60.0
11600,1,22,154.0,52.0,12.0,94.0,39.7,58.0
11601,0,79,188.0,93.0,21.0,107.0,40.5,184.0
11602,0,20,178.0,80.0,24.0,105.0,40.3,129.0
11603,1,52,149.0,55.0,23.0,106.0,40.6,152.0
11604,1,37,161.0,60.0,26.0,99.0,41.1,144.0
11605,1,27,169.0,67.0,19.0,109.0,40.3,120.0
11606,0,22,189.0,89.0,13.0,91.0,40.2,46.0
11607,0,24,195.0,98.0,20.0,105.0,40.6,119.0
11608,0,33,175.0,70.0,9.0,88.0,39.4,29.0
11609,0,57,191.0,96.0,5.0,83.0,39.0,21.0
11610,1,68,174.0,74.0,8.0,84.0,39.6,34.0
11611,1,25,171.0,63.0,18.0,94.0,40.1,85.0
11612,1,33,140.0,45.0,12.0,90.0,39.5,57.0
11613,1,32,151.0,51.0,23.0,102.0,40.5,136.0
11614,1,37,157.0,56.0,6.0,92.0,39.0,29.0
11615,0,45,158.0,61.0,20.0,97.0,40.7,99.0
11616,0,64,185.0,92.0,28.0,112.0,41.0,246.0
11617,0,41,184.0,91.0,23.0,113.0,40.4,180.0
11618,1,35,178.0,72.0,14.0,93.0,40.2,66.0
11619,1,60,169.0,64.0,16.0,98.0,40.2,93.0
11620,0,64,180.0,90.0,13.0,90.0,39.8,71.0
11621,0,25,179.0,86.0,8.0,81.0,39.4,17.0
11622,0,43,172.0,74.0,18.0,92.0,40.0,79.0
11623,0,49,169.0,78.0,10.0,96.0,39.7,54.0
11624,1,21,175.0,68.0,7.0,85.0,39.4,26.0
11625,1,20,164.0,65.0,25.0,105.0,40.5,145.0
11626,0,24,174.0,76.0,21.0,98.0,40.6,93.0
11627,1,61,166.0,60.0,6.0,90.0,39.3,30.0
11628,1,25,164.0,59.0,5.0,97.0,39.6,26.0
11629,1,50,168.0,61.0,2.0,89.0,38.1,9.0
11630,0,37,184.0,86.0,11.0,91.0,39.5,46.0
11631,1,28,172.0,73.0,22.0,99.0,40.5,114.0
11632,1,39,175.0,70.0,29.0,110.0,41.1,192.0
11633,1,30,160.0,63.0,14.0,87.0,40.4,57.0
11634,0,67,197.0,102.0,21.0,93.0,40.5,132.0
11635,0,53,191.0,91.0,17.0,92.0,40.5,89.0
11636,1,22,155.0,51.0,1.0,83.0,37.5,4.0
11637,0,59,202.0,107.0,6.0,88.0,39.0,32.0
11638,0,38,204.0,113.0,27.0,99.0,40.9,163.0
11639,1,20,170.0,69.0,6.0,87.0,39.2,23.0
11640,1,21,161.0,62.0,2.0,76.0,37.8,6.0
11641,1,55,179.0,78.0,10.0,91.0,39.6,48.0
11642,0,53,182.0,85.0,26.0,110.0,40.6,203.0
11643,0,40,181.0,81.0,9.0,88.0,40.0,34.0
11644,0,20,194.0,90.0,15.0,91.0,40.3,52.0
11645,0,48,177.0,77.0,21.0,101.0,40.3,127.0
11646,1,22,166.0,58.0,8.0,89.0,39.6,34.0
11647,0,21,198.0,101.0,7.0,86.0,39.1,21.0
11648,1,21,170.0,64.0,26.0,106.0,40.7,155.0
11649,0,57,181.0,89.0,16.0,95.0,40.5,93.0
11650,0,51,184.0,82.0,7.0,86.0,39.5,28.0
11651,1,76,174.0,69.0,12.0,86.0,39.9,57.0
11652,0,31,183.0,87.0,15.0,97.0,40.2,72.0
11653,1,77,153.0,58.0,8.0,90.0,39.5,42.0
11654,1,73,171.0,75.0,29.0,104.0,41.1,189.0
11655,1,33,156.0,50.0,3.0,94.0,38.5,15.0
11656,1,26,165.0,62.0,24.0,100.0,40.8,130.0
11657,0,27,187.0,85.0,17.0,92.0,40.4,65.0
11658,1,32,165.0,66.0,26.0,108.0,40.7,165.0
11659,0,76,186.0,96.0,11.0,93.0,40.0,73.0
11660,1,71,163.0,65.0,11.0,90.0,40.0,56.0
11661,1,39,165.0,67.0,17.0,90.0,40.4,77.0
11662,1,37,174.0,70.0,21.0,109.0,40.7,136.0
11663,1,57,164.0,58.0,6.0,81.0,38.9,24.0
11664,1,41,153.0,60.0,2.0,84.0,38.6,8.0
11665,0,42,174.0,76.0,29.0,108.0,41.1,197.0
11666,0,73,190.0,98.0,12.0,91.0,39.8,74.0
11667,0,56,184.0,93.0,13.0,97.0,39.9,80.0
11668,0,47,180.0,87.0,23.0,101.0,40.2,143.0
11669,0,68,184.0,87.0,11.0,92.0,40.1,64.0
11670,1,30,163.0,63.0,30.0,111.0,40.9,200.0
11671,1,21,146.0,49.0,8.0,90.0,39.5,36.0
11672,0,73,174.0,81.0,28.0,110.0,40.7,243.0
11673,0,25,210.0,111.0,22.0,104.0,40.6,135.0
11674,1,22,173.0,73.0,12.0,95.0,40.3,56.0
11675,1,24,184.0,78.0,6.0,83.0,39.4,20.0
11676,1,22,150.0,49.0,8.0,94.0,39.6,39.0
11677,0,25,183.0,78.0,3.0,83.0,38.9,7.0
11678,0,77,187.0,89.0,15.0,89.0,40.0,88.0
11679,0,66,198.0,96.0,14.0,98.0,40.4,96.0
11680,0,39,177.0,77.0,7.0,88.0,39.4,26.0
11681,1,25,173.0,62.0,16.0,91.0,40.2,71.0
11682,1,22,154.0,55.0,24.0,100.0,40.2,131.0
11683,1,35,165.0,62.0,6.0,85.0,39.1,24.0
11684,0,22,186.0,76.0,6.0,82.0,39.5,11.0
11685,0,21,185.0,83.0,9.0,94.0,39.9,34.0
11686,0,48,187.0,86.0,27.0,106.0,41.1,189.0
11687,1,35,149.0,54.0,21.0,111.0,40.5,144.0
11688,0,52,186.0,92.0,3.0,85.0,38.7,12.0
11689,1,47,163.0,58.0,11.0,85.0,39.9,47.0
11690,0,49,186.0,85.0,17.0,94.0,40.5,88.0
11691,1,36,172.0,63.0,20.0,93.0,40.1,97.0
11692,0,22,172.0,73.0,25.0,100.0,40.5,114.0
11693,0,79,183.0,86.0,12.0,96.0,39.8,84.0
11694,1,31,179.0,73.0,18.0,91.0,40.3,79.0
11695,1,36,164.0,61.0,28.0,113.0,41.1,196.0
11696,0,67,183.0,91.0,1.0,84.0,37.9,5.0
11697,1,58,165.0,62.0,16.0,100.0,40.3,96.0
11698,1,29,166.0,65.0,11.0,84.0,40.0,41.0
11699,0,41,174.0,74.0,4.0,80.0,38.8,10.0
11700,1,39,165.0,66.0,13.0,93.0,40.3,63.0
11701,1,48,176.0,74.0,21.0,88.0,40.3,92.0
11702,0,25,181.0,80.0,12.0,93.0,39.8,45.0
11703,1,35,179.0,68.0,5.0,85.0,39.2,19.0
11704,0,41,176.0,77.0,25.0,99.0,40.7,135.0
11705,0,63,181.0,85.0,16.0,96.0,40.9,99.0
11706,1,46,167.0,69.0,13.0,90.0,40.0,60.0
11707,1,37,155.0,54.0,20.0,94.0,40.6,102.0
11708,0,73,185.0,88.0,8.0,90.0,39.5,47.0
11709,1,29,167.0,64.0,18.0,98.0,40.7,94.0
11710,1,52,174.0,69.0,7.0,88.0,39.2,32.0
11711,1,34,171.0,62.0,25.0,112.0,40.7,171.0
11712,0,43,191.0,91.0,10.0,93.0,39.8,49.0
11713,0,22,191.0,92.0,2.0,84.0,38.1,5.0
11714,1,25,169.0,68.0,14.0,88.0,40.1,57.0
11715,1,48,165.0,65.0,14.0,85.0,40.0,58.0
11716,0,41,191.0,95.0,2.0,83.0,38.5,7.0
11717,1,43,167.0,67.0,23.0,99.0,40.9,128.0
11718,1,27,162.0,58.0,13.0,88.0,40.3,55.0
11719,0,37,182.0,83.0,29.0,104.0,40.8,177.0
11720,0,64,201.0,102.0,7.0,83.0,39.2,32.0
11721,1,41,164.0,67.0,24.0,109.0,40.6,158.0
11722,1,30,172.0,68.0,28.0,107.0,40.8,172.0
11723,0,73,182.0,92.0,3.0,88.0,39.0,17.0
11724,1,30,173.0,75.0,14.0,86.0,40.3,53.0
11725,0,31,188.0,88.0,24.0,99.0,40.6,124.0
11726,0,23,182.0,82.0,2.0,79.0,38.2,3.0
11727,1,23,148.0,47.0,8.0,87.0,39.5,33.0
11728,1,64,154.0,61.0,20.0,94.0,41.0,109.0
11729,0,64,190.0,94.0,21.0,107.0,40.3,170.0
11730,0,27,188.0,95.0,4.0,87.0,38.7,13.0
11731,1,27,154.0,58.0,10.0,81.0,39.8,35.0
11732,0,72,185.0,89.0,12.0,85.0,40.1,60.0
11733,0,30,177.0,80.0,9.0,92.0,39.4,35.0
11734,0,43,202.0,104.0,19.0,100.0,40.7,118.0
11735,0,49,203.0,102.0,17.0,93.0,40.4,92.0
11736,1,24,150.0,51.0,1.0,85.0,37.6,4.0
11737,0,29,179.0,85.0,24.0,112.0,41.0,167.0
11738,1,48,160.0,62.0,29.0,110.0,40.6,199.0
11739,1,75,157.0,61.0,5.0,77.0,39.2,19.0
11740,1,24,166.0,65.0,24.0,114.0,40.8,164.0
11741,1,30,169.0,63.0,5.0,83.0,38.8,18.0
11742,0,28,183.0,90.0,12.0,88.0,39.9,41.0
11743,1,21,156.0,62.0,21.0,99.0,40.6,110.0
11744,1,31,152.0,57.0,17.0,102.0,40.3,98.0
11745,0,54,186.0,90.0,7.0,84.0,39.4,28.0
11746,1,28,160.0,60.0,1.0,86.0,37.4,4.0
11747,1,64,170.0,69.0,22.0,100.0,40.4,132.0
11748,0,60,183.0,91.0,30.0,107.0,40.9,235.0
11749,0,30,176.0,78.0,8.0,87.0,39.6,25.0
11750,0,58,177.0,78.0,16.0,98.0,40.4,97.0
11751,0,49,170.0,70.0,13.0,95.0,40.3,65.0
11752,0,24,180.0,77.0,18.0,96.0,40.4,74.0
11753,1,22,167.0,64.0,13.0,93.0,39.8,59.0
11754,0,75,182.0,88.0,11.0,94.0,39.9,72.0
11755,0,60,173.0,73.0,22.0,108.0,40.8,167.0
11756,0,32,175.0,72.0,6.0,82.0,39.4,14.0
11757,0,26,187.0,84.0,9.0,80.0,39.7,18.0
11758,0,33,164.0,68.0,12.0,93.0,39.8,47.0
11759,1,48,156.0,54.0,9.0,93.0,39.7,47.0
11760,1,21,176.0,68.0,21.0,105.0,39.9,121.0
11761,1,53,156.0,55.0,12.0,86.0,40.1,54.0
11762,1,38,163.0,65.0,19.0,97.0,40.5,100.0
11763,1,26,162.0,56.0,5.0,81.0,39.1,17.0
11764,1,50,167.0,62.0,22.0,100.0,40.8,129.0
11765,1,35,173.0,68.0,29.0,108.0,40.4,184.0
11766,1,22,162.0,59.0,15.0,104.0,40.0,87.0
11767,1,35,162.0,55.0,2.0,80.0,38.0,7.0
11768,0,34,179.0,82.0,7.0,80.0,39.6,16.0
11769,0,24,189.0,92.0,1.0,88.0,38.1,3.0
11770,0,57,173.0,72.0,6.0,90.0,39.3,28.0
11771,0,78,193.0,94.0,17.0,97.0,40.3,123.0
11772,0,45,179.0,78.0,10.0,90.0,39.8,43.0
11773,0,28,195.0,94.0,17.0,100.0,40.5,90.0
11774,1,64,170.0,69.0,11.0,85.0,39.7,48.0
11775,1,28,175.0,72.0,7.0,93.0,39.5,32.0
11776,1,35,134.0,39.0,6.0,90.0,39.1,29.0
11777,0,21,189.0,90.0,23.0,99.0,40.5,108.0
11778,1,50,159.0,59.0,22.0,94.0,40.6,115.0
11779,1,31,186.0,75.0,20.0,101.0,40.6,109.0
11780,1,59,144.0,48.0,15.0,101.0,40.1,95.0
11781,0,20,178.0,83.0,12.0,102.0,39.9,60.0
11782,0,48,152.0,59.0,2.0,79.0,38.0,5.0
11783,1,37,170.0,73.0,7.0,88.0,39.5,29.0
11784,1,65,160.0,58.0,14.0,97.0,40.2,82.0
11785,1,60,170.0,65.0,7.0,88.0,39.6,33.0
11786,0,30,165.0,68.0,14.0,96.0,40.4,59.0
11787,1,22,177.0,71.0,10.0,93.0,39.8,45.0
11788,1,60,170.0,71.0,3.0,82.0,38.1,12.0
11789,0,51,180.0,81.0,29.0,114.0,40.7,239.0
11790,1,38,152.0,57.0,9.0,79.0,39.6,31.0
11791,1,22,168.0,63.0,23.0,109.0,40.7,145.0
11792,0,27,191.0,85.0,1.0,76.0,37.8,1.0
11793,1,52,164.0,59.0,28.0,106.0,40.8,184.0
11794,0,46,196.0,92.0,19.0,98.0,40.4,110.0
11795,0,65,189.0,98.0,27.0,125.0,40.9,295.0
11796,1,28,152.0,52.0,6.0,86.0,39.2,25.0
11797,0,67,183.0,81.0,29.0,114.0,41.2,261.0
11798,1,25,167.0,62.0,3.0,89.0,38.5,13.0
11799,1,61,183.0,75.0,18.0,102.0,40.1,109.0
11800,1,37,159.0,61.0,10.0,90.0,40.1,46.0
11801,0,62,194.0,101.0,17.0,100.0,40.2,120.0
11802,1,56,162.0,63.0,7.0,87.0,39.3,32.0
11803,0,26,193.0,94.0,12.0,96.0,40.1,55.0
11804,1,30,161.0,63.0,15.0,90.0,40.3,66.0
11805,1,21,152.0,50.0,1.0,86.0,37.3,4.0
11806,0,25,188.0,89.0,6.0,92.0,39.6,23.0
11807,0,24,170.0,72.0,9.0,77.0,39.7,10.0
11808,0,35,184.0,84.0,8.0,80.0,39.7,19.0
11809,1,29,138.0,45.0,13.0,101.0,40.1,76.0
11810,1,35,166.0,70.0,14.0,93.0,40.1,66.0
11811,0,49,181.0,87.0,10.0,92.0,39.8,49.0
11812,1,41,162.0,57.0,29.0,116.0,40.9,216.0
11813,1,26,167.0,67.0,19.0,111.0,41.0,124.0
11814,1,67,171.0,67.0,29.0,116.0,41.1,226.0
11815,0,44,194.0,87.0,27.0,108.0,40.8,192.0
11816,1,33,155.0,57.0,12.0,102.0,40.0,70.0
11817,1,41,160.0,58.0,21.0,103.0,40.7,127.0
11818,0,47,182.0,82.0,27.0,100.0,40.7,161.0
11819,0,38,178.0,81.0,26.0,110.0,40.6,182.0
11820,0,40,176.0,75.0,21.0,100.0,40.6,115.0
11821,0,23,193.0,92.0,22.0,110.0,40.6,143.0
11822,0,73,182.0,82.0,6.0,90.0,39.0,34.0
11823,1,39,159.0,59.0,6.0,87.0,39.0,26.0
11824,0,30,186.0,89.0,27.0,102.0,40.9,151.0
11825,1,47,172.0,66.0,9.0,92.0,39.6,44.0
11826,0,51,189.0,95.0,30.0,112.0,41.0,247.0
11827,1,54,172.0,78.0,12.0,87.0,39.9,52.0
11828,1,35,169.0,69.0,18.0,104.0,40.3,106.0
11829,0,45,176.0,76.0,4.0,91.0,38.4,17.0
11830,0,59,182.0,81.0,5.0,79.0,39.0,17.0
11831,1,30,173.0,69.0,3.0,89.0,38.8,13.0
11832,0,67,181.0,90.0,17.0,107.0,40.5,138.0
11833,0,53,179.0,78.0,20.0,93.0,40.8,102.0
11834,1,44,163.0,64.0,2.0,92.0,38.0,10.0
11835,1,58,155.0,55.0,17.0,92.0,40.5,89.0
11836,1,34,148.0,48.0,13.0,94.0,40.2,66.0
11837,1,49,181.0,75.0,8.0,88.0,40.0,35.0
11838,1,57,160.0,62.0,25.0,102.0,40.5,155.0
11839,0,52,187.0,87.0,9.0,91.0,39.7,44.0
11840,1,32,164.0,64.0,3.0,81.0,38.5,10.0
11841,1,29,165.0,62.0,21.0,102.0,40.5,119.0
11842,0,54,186.0,84.0,28.0,110.0,40.9,219.0
11843,1,27,184.0,78.0,28.0,108.0,41.0,170.0
11844,0,60,169.0,70.0,2.0,84.0,38.0,8.0
11845,1,29,166.0,61.0,29.0,99.0,40.9,156.0
11846,0,28,178.0,78.0,14.0,90.0,40.1,48.0
11847,0,59,182.0,81.0,15.0,86.0,40.0,66.0
11848,0,40,190.0,97.0,7.0,83.0,39.5,24.0
11849,0,56,185.0,85.0,19.0,95.0,40.4,108.0
11850,0,62,183.0,89.0,1.0,83.0,37.7,4.0
11851,0,24,187.0,87.0,5.0,82.0,39.2,11.0
11852,1,36,151.0,52.0,28.0,112.0,40.9,197.0
11853,0,21,205.0,108.0,18.0,96.0,40.3,84.0
11854,0,78,199.0,106.0,2.0,92.0,38.3,14.0
11855,0,64,179.0,82.0,10.0,93.0,40.0,57.0
11856,0,37,175.0,74.0,18.0,95.0,40.3,82.0
11857,0,26,178.0,84.0,11.0,91.0,40.2,40.0
11858,0,56,167.0,71.0,15.0,95.0,39.9,81.0
11859,1,72,172.0,72.0,13.0,101.0,40.1,81.0
11860,1,30,169.0,68.0,2.0,83.0,38.4,7.0
11861,0,31,202.0,102.0,6.0,82.0,39.4,17.0
11862,0,47,206.0,109.0,21.0,101.0,40.5,140.0
11863,1,39,171.0,63.0,3.0,84.0,38.9,12.0
11864,0,29,164.0,65.0,2.0,93.0,38.1,7.0
11865,1,47,162.0,63.0,10.0,81.0,39.9,37.0
11866,1,37,173.0,64.0,14.0,99.0,40.6,77.0
11867,1,65,196.0,97.0,8.0,89.0,39.9,36.0
11868,0,48,181.0,86.0,3.0,87.0,38.9,12.0
11869,1,68,158.0,64.0,16.0,90.0,40.4,81.0
11870,1,42,180.0,78.0,6.0,79.0,39.3,19.0
11871,0,30,184.0,78.0,17.0,92.0,40.2,65.0
11872,0,76,176.0,84.0,25.0,99.0,40.9,181.0
11873,0,22,192.0,96.0,20.0,100.0,40.7,101.0
11874,1,71,176.0,70.0,4.0,85.0,38.6,18.0
11875,0,71,191.0,97.0,22.0,107.0,40.1,187.0
11876,0,39,191.0,87.0,29.0,111.0,41.2,213.0
11877,0,25,186.0,87.0,24.0,105.0,40.4,138.0
11878,1,27,166.0,66.0,28.0,109.0,40.7,178.0
11879,0,77,175.0,79.0,28.0,104.0,41.0,222.0
11880,1,48,175.0,69.0,21.0,101.0,40.3,122.0
11881,0,53,178.0,88.0,12.0,97.0,40.0,71.0
11882,1,69,166.0,64.0,24.0,107.0,41.0,166.0
11883,0,25,193.0,93.0,23.0,94.0,40.6,97.0
11884,0,34,190.0,93.0,4.0,84.0,39.1,13.0
11885,0,21,182.0,84.0,4.0,91.0,38.6,14.0
11886,1,47,161.0,58.0,11.0,99.0,40.1,63.0
11887,1,20,153.0,52.0,14.0,102.0,40.4,79.0
11888,1,68,164.0,63.0,26.0,110.0,41.3,188.0
11889,1,74,163.0,57.0,26.0,102.0,40.7,170.0
11890,0,22,165.0,64.0,17.0,97.0,40.1,66.0
11891,0,32,192.0,92.0,29.0,113.0,40.5,215.0
11892,1,47,173.0,70.0,4.0,84.0,38.7,16.0
11893,1,35,161.0,58.0,9.0,84.0,39.6,35.0
11894,0,35,191.0,94.0,17.0,96.0,40.3,85.0
11895,1,48,168.0,64.0,24.0,106.0,40.7,154.0
11896,1,20,158.0,54.0,3.0,81.0,38.1,10.0
11897,0,58,177.0,86.0,16.0,101.0,40.5,107.0
11898,0,27,188.0,93.0,20.0,98.0,40.9,98.0
11899,0,21,173.0,71.0,28.0,111.0,40.9,171.0
11900,0,24,207.0,114.0,29.0,104.0,40.5,178.0
11901,0,32,187.0,93.0,11.0,90.0,39.9,43.0
11902,0,59,170.0,74.0,22.0,103.0,40.6,150.0
11903,0,55,204.0,112.0,7.0,86.0,39.7,34.0
11904,1,48,147.0,54.0,14.0,101.0,40.1,84.0
11905,1,60,169.0,71.0,10.0,98.0,39.8,57.0
11906,1,22,170.0,68.0,26.0,109.0,40.7,162.0
11907,0,26,182.0,79.0,4.0,83.0,38.8,9.0
11908,1,48,175.0,73.0,10.0,87.0,39.8,43.0
11909,0,25,167.0,69.0,2.0,88.0,38.4,6.0
11910,1,22,180.0,77.0,5.0,78.0,39.0,14.0
11911,1,30,164.0,66.0,1.0,67.0,38.1,2.0
11912,1,29,165.0,58.0,9.0,84.0,39.5,34.0
11913,0,55,184.0,86.0,2.0,83.0,37.6,8.0
11914,0,53,180.0,85.0,13.0,94.0,40.0,70.0
11915,0,35,195.0,93.0,23.0,105.0,40.8,146.0
11916,0,26,197.0,97.0,20.0,102.0,40.7,111.0
11917,0,73,195.0,103.0,7.0,89.0,39.6,42.0
11918,1,43,157.0,56.0,20.0,99.0,40.6,114.0
11919,1,25,145.0,49.0,18.0,99.0,40.5,99.0
11920,1,25,169.0,66.0,11.0,92.0,39.8,49.0
11921,1,34,180.0,74.0,13.0,94.0,40.0,62.0
11922,0,29,186.0,91.0,21.0,107.0,40.3,133.0
11923,1,62,168.0,67.0,14.0,95.0,40.0,76.0
11924,0,23,183.0,86.0,12.0,98.0,40.3,55.0
11925,1,48,176.0,74.0,1.0,81.0,37.8,4.0
11926,1,22,162.0,55.0,10.0,94.0,39.7,48.0
11927,1,29,178.0,78.0,24.0,94.0,40.4,111.0
11928,0,41,191.0,92.0,15.0,97.0,40.6,81.0
11929,1,71,176.0,73.0,5.0,85.0,38.9,22.0
11930,1,43,166.0,66.0,12.0,89.0,40.1,54.0
11931,1,50,167.0,59.0,2.0,84.0,38.6,8.0
11932,0,68,187.0,90.0,14.0,90.0,40.2,79.0
11933,0,39,174.0,78.0,13.0,102.0,40.2,75.0
11934,0,25,192.0,87.0,18.0,99.0,40.2,87.0
11935,1,26,171.0,70.0,16.0,93.0,40.2,73.0
11936,0,26,182.0,88.0,15.0,94.0,40.2,62.0
11937,0,76,179.0,85.0,16.0,98.0,40.3,114.0
11938,1,23,198.0,82.0,17.0,100.0,40.4,87.0
11939,1,48,180.0,75.0,27.0,99.0,40.3,149.0
11940,0,65,184.0,90.0,19.0,102.0,40.4,138.0
11941,1,75,166.0,73.0,21.0,108.0,40.4,147.0
11942,1,26,165.0,61.0,19.0,101.0,40.6,105.0
11943,0,59,191.0,93.0,25.0,102.0,40.9,177.0
11944,0,20,184.0,77.0,8.0,96.0,39.8,31.0
11945,0,39,180.0,88.0,22.0,104.0,40.7,138.0
11946,1,38,168.0,64.0,9.0,91.0,39.8,42.0
11947,1,35,158.0,49.0,29.0,110.0,40.8,198.0
11948,1,25,167.0,65.0,14.0,94.0,39.8,66.0
11949,0,74,193.0,97.0,11.0,95.0,39.9,75.0
11950,0,57,189.0,92.0,8.0,90.0,39.5,41.0
11951,1,24,171.0,72.0,27.0,101.0,41.0,145.0
11952,0,31,194.0,94.0,29.0,111.0,40.9,206.0
11953,1,43,155.0,57.0,12.0,90.0,40.0,57.0
11954,0,22,195.0,101.0,14.0,100.0,40.1,72.0
11955,1,25,165.0,63.0,26.0,113.0,40.8,176.0
11956,1,21,178.0,72.0,23.0,104.0,40.7,129.0
11957,0,73,192.0,92.0,11.0,87.0,40.0,60.0
11958,0,50,203.0,101.0,19.0,96.0,40.5,112.0
11959,0,28,178.0,76.0,11.0,94.0,40.2,44.0
11960,0,46,182.0,82.0,2.0,79.0,38.5,5.0
11961,0,65,198.0,96.0,5.0,85.0,39.1,24.0
11962,1,78,159.0,64.0,20.0,102.0,40.3,131.0
11963,0,26,189.0,87.0,26.0,104.0,40.7,147.0
11964,0,25,204.0,107.0,21.0,98.0,40.2,108.0
11965,0,56,177.0,84.0,25.0,103.0,40.5,172.0
11966,0,55,175.0,81.0,20.0,106.0,40.9,144.0
11967,0,45,166.0,75.0,25.0,109.0,40.6,176.0
11968,1,23,176.0,72.0,23.0,107.0,40.8,138.0
11969,1,78,182.0,79.0,7.0,84.0,39.4,31.0
11970,0,26,180.0,81.0,7.0,92.0,39.5,26.0
11971,0,60,188.0,91.0,28.0,104.0,41.2,206.0
11972,0,21,167.0,74.0,8.0,85.0,39.7,18.0
11973,0,49,176.0,76.0,5.0,84.0,39.2,18.0
11974,0,53,182.0,86.0,18.0,96.0,40.5,103.0
11975,1,27,168.0,73.0,6.0,85.0,39.1,22.0
11976,1,30,164.0,69.0,4.0,80.0,38.7,13.0
11977,0,66,204.0,109.0,14.0,101.0,40.1,106.0
11978,1,22,172.0,65.0,25.0,109.0,40.6,157.0
11979,0,42,176.0,78.0,4.0,88.0,39.1,15.0
11980,0,79,176.0,81.0,6.0,101.0,39.1,46.0
11981,1,26,164.0,58.0,18.0,98.0,40.4,95.0
11982,0,77,175.0,79.0,4.0,84.0,38.8,20.0
11983,1,49,156.0,58.0,14.0,92.0,40.2,70.0
11984,0,26,190.0,87.0,23.0,100.0,40.7,116.0
11985,0,45,173.0,73.0,14.0,99.0,40.2,77.0
11986,1,41,177.0,69.0,5.0,82.0,39.1,18.0
11987,0,27,177.0,82.0,11.0,79.0,39.9,20.0
11988,1,50,166.0,62.0,26.0,111.0,40.5,183.0
11989,0,28,191.0,89.0,2.0,90.0,38.4,7.0
11990,0,38,193.0,91.0,13.0,100.0,40.0,74.0
11991,1,67,159.0,58.0,6.0,94.0,39.5,33.0
11992,1,76,149.0,56.0,20.0,92.0,40.8,111.0
11993,0,29,185.0,88.0,16.0,96.0,40.3,74.0
11994,1,26,171.0,62.0,17.0,90.0,40.1,74.0
11995,1,26,172.0,69.0,17.0,89.0,40.6,71.0
11996,0,42,182.0,85.0,22.0,94.0,40.7,107.0
11997,0,75,178.0,75.0,22.0,106.0,40.3,177.0
11998,1,59,150.0,59.0,8.0,89.0,39.6,39.0
11999,1,24,167.0,71.0,8.0,94.0,39.7,37.0
12000,1,57,157.0,57.0,14.0,89.0,39.9,68.0
12001,1,34,162.0,61.0,20.0,99.0,40.7,109.0
12002,0,56,173.0,73.0,4.0,85.0,38.4,16.0
12003,0,34,187.0,81.0,18.0,107.0,40.3,114.0
12004,1,31,165.0,62.0,7.0,85.0,39.3,27.0
12005,0,55,191.0,98.0,24.0,113.0,40.8,207.0
12006,0,37,189.0,87.0,30.0,120.0,41.2,258.0
12007,0,21,183.0,83.0,3.0,73.0,38.7,2.0
12008,0,35,182.0,83.0,11.0,91.0,40.0,44.0
12009,1,63,157.0,61.0,16.0,92.0,40.6,84.0
12010,1,25,161.0,61.0,17.0,99.0,40.5,90.0
12011,0,56,179.0,79.0,1.0,87.0,37.5,4.0
12012,1,31,169.0,72.0,9.0,89.0,39.7,38.0
12013,1,26,146.0,51.0,16.0,90.0,40.2,72.0
12014,0,53,170.0,81.0,5.0,87.0,39.4,21.0
12015,0,71,181.0,88.0,22.0,107.0,40.5,182.0
12016,0,23,172.0,78.0,20.0,97.0,40.3,85.0
12017,0,22,190.0,91.0,17.0,98.0,40.1,79.0
12018,1,31,156.0,51.0,7.0,86.0,39.6,29.0
12019,1,22,158.0,62.0,25.0,105.0,40.6,147.0
12020,1,25,165.0,66.0,11.0,103.0,40.2,62.0
12021,1,70,166.0,66.0,11.0,89.0,39.9,55.0
12022,0,59,142.0,54.0,15.0,99.0,40.2,87.0
12023,0,40,184.0,82.0,26.0,103.0,41.1,158.0
12024,1,27,163.0,65.0,12.0,84.0,39.9,44.0
12025,0,26,179.0,81.0,27.0,107.0,40.6,161.0
12026,1,51,132.0,41.0,6.0,86.0,39.2,28.0
12027,0,61,168.0,73.0,11.0,87.0,39.8,49.0
12028,0,59,183.0,87.0,26.0,110.0,40.6,212.0
12029,1,31,164.0,57.0,22.0,109.0,40.7,144.0
12030,0,53,179.0,79.0,9.0,86.0,39.7,37.0
12031,0,35,198.0,97.0,22.0,102.0,40.6,132.0
12032,1,39,155.0,50.0,26.0,108.0,40.6,173.0
12033,0,25,159.0,64.0,14.0,101.0,39.9,65.0
12034,1,65,183.0,83.0,27.0,112.0,40.8,192.0
12035,0,29,176.0,76.0,13.0,91.0,39.8,47.0
12036,1,22,152.0,54.0,15.0,100.0,40.4,82.0
12037,1,66,168.0,67.0,12.0,91.0,40.0,61.0
12038,1,48,150.0,53.0,14.0,95.0,40.5,76.0
12039,0,72,178.0,80.0,28.0,113.0,41.1,254.0
12040,0,22,188.0,85.0,3.0,87.0,38.2,9.0
12041,0,26,182.0,83.0,27.0,107.0,41.0,162.0
12042,1,40,172.0,74.0,16.0,96.0,40.5,81.0
12043,1,25,181.0,70.0,21.0,108.0,40.2,129.0
12044,1,69,165.0,67.0,27.0,106.0,40.9,182.0
12045,0,25,173.0,72.0,19.0,104.0,40.4,100.0
12046,0,30,168.0,70.0,4.0,78.0,38.8,6.0
12047,0,37,190.0,92.0,25.0,119.0,41.0,214.0
12048,1,59,159.0,61.0,24.0,102.0,40.8,150.0
12049,1,70,164.0,63.0,7.0,86.0,39.6,33.0
12050,0,26,170.0,75.0,27.0,102.0,41.0,137.0
12051,1,77,160.0,63.0,9.0,98.0,39.6,55.0
12052,0,21,178.0,77.0,13.0,97.0,40.0,54.0
12053,0,34,173.0,77.0,7.0,85.0,39.3,21.0
12054,0,20,203.0,105.0,20.0,98.0,40.6,97.0
12055,0,55,191.0,89.0,9.0,91.0,39.6,46.0
12056,0,40,192.0,98.0,4.0,93.0,39.1,20.0
12057,1,72,177.0,70.0,16.0,97.0,40.4,93.0
12058,0,47,182.0,89.0,18.0,94.0,40.7,93.0
12059,1,36,172.0,72.0,4.0,80.0,39.2,13.0
12060,1,62,176.0,69.0,8.0,91.0,39.8,40.0
12061,0,76,188.0,93.0,8.0,93.0,39.7,52.0
12062,1,49,157.0,57.0,16.0,94.0,40.5,84.0
12063,0,51,199.0,96.0,14.0,88.0,40.5,65.0
12064,1,34,176.0,75.0,23.0,99.0,41.1,121.0
12065,0,31,180.0,83.0,5.0,92.0,39.0,20.0
12066,0,30,170.0,76.0,19.0,101.0,40.5,98.0
12067,0,75,194.0,101.0,19.0,94.0,41.0,129.0
12068,1,50,168.0,62.0,11.0,89.0,40.1,51.0
12069,1,70,162.0,63.0,27.0,98.0,41.0,161.0
12070,0,67,191.0,102.0,21.0,103.0,40.5,164.0
12071,1,58,156.0,55.0,25.0,107.0,40.5,171.0
12072,1,68,149.0,52.0,22.0,86.0,40.3,106.0
12073,0,22,196.0,89.0,13.0,96.0,40.0,56.0
12074,1,37,154.0,55.0,6.0,92.0,39.1,29.0
12075,1,51,164.0,66.0,19.0,100.0,40.2,110.0
12076,1,28,153.0,56.0,20.0,103.0,40.6,117.0
12077,0,46,184.0,85.0,16.0,96.0,40.5,86.0
12078,1,67,166.0,64.0,17.0,90.0,40.3,86.0
12079,1,77,176.0,72.0,30.0,110.0,41.0,218.0
12080,0,22,192.0,94.0,22.0,111.0,40.6,147.0
12081,1,50,155.0,59.0,18.0,113.0,40.3,131.0
12082,0,60,192.0,88.0,27.0,109.0,40.6,218.0
12083,0,25,197.0,93.0,22.0,99.0,40.4,109.0
12084,0,47,185.0,85.0,8.0,97.0,39.9,44.0
12085,1,58,163.0,66.0,24.0,103.0,40.7,150.0
12086,1,32,171.0,70.0,29.0,104.0,40.8,170.0
12087,1,40,174.0,68.0,5.0,87.0,38.9,21.0
12088,1,34,160.0,62.0,4.0,87.0,38.6,17.0
12089,0,69,207.0,111.0,21.0,98.0,40.6,154.0
12090,1,40,154.0,58.0,25.0,103.0,41.0,151.0
12091,1,39,160.0,58.0,24.0,105.0,40.5,150.0
12092,1,27,172.0,70.0,2.0,75.0,38.1,5.0
12093,1,39,162.0,55.0,2.0,82.0,38.1,8.0
12094,1,44,168.0,68.0,12.0,82.0,39.6,45.0
12095,1,38,166.0,65.0,15.0,100.0,40.4,84.0
12096,0,66,177.0,77.0,6.0,76.0,39.1,19.0
12097,0,66,185.0,85.0,26.0,103.0,41.2,192.0
12098,0,73,171.0,80.0,29.0,108.0,41.2,243.0
12099,0,76,179.0,83.0,8.0,84.0,39.5,40.0
12100,1,47,158.0,60.0,30.0,101.0,40.9,178.0
12101,1,34,163.0,65.0,16.0,105.0,40.1,97.0
12102,0,42,190.0,98.0,24.0,107.0,40.7,171.0
12103,0,69,195.0,102.0,22.0,95.0,40.5,147.0
12104,1,69,159.0,63.0,26.0,106.0,40.6,177.0
12105,0,51,178.0,81.0,8.0,85.0,39.4,31.0
12106,1,30,166.0,61.0,3.0,82.0,39.1,11.0
12107,0,38,194.0,101.0,14.0,90.0,39.8,62.0
12108,0,45,200.0,102.0,1.0,85.0,37.2,4.0
12109,0,74,180.0,84.0,22.0,107.0,40.6,184.0
12110,0,55,188.0,94.0,21.0,98.0,40.5,132.0
12111,0,49,177.0,78.0,23.0,106.0,40.9,158.0
12112,1,64,170.0,70.0,21.0,87.0,41.0,96.0
12113,0,61,199.0,112.0,23.0,99.0,40.6,164.0
12114,1,65,166.0,67.0,13.0,96.0,40.2,73.0
12115,0,21,173.0,75.0,10.0,94.0,40.1,36.0
12116,1,31,173.0,73.0,3.0,81.0,38.4,10.0
12117,0,24,176.0,74.0,21.0,97.0,40.6,88.0
12118,1,56,143.0,49.0,27.0,106.0,40.8,183.0
12119,0,34,191.0,94.0,29.0,109.0,40.9,201.0
12120,0,52,184.0,87.0,18.0,101.0,40.5,116.0
12121,1,52,181.0,73.0,4.0,78.0,39.0,14.0
12122,0,29,173.0,70.0,6.0,81.0,39.3,12.0
12123,1,77,155.0,63.0,7.0,92.0,39.4,38.0
12124,1,78,150.0,54.0,8.0,87.0,39.6,40.0
12125,0,68,195.0,98.0,27.0,113.0,40.9,250.0
12126,0,49,170.0,70.0,4.0,87.0,39.1,15.0
12127,0,60,167.0,69.0,25.0,110.0,40.5,195.0
12128,0,64,185.0,88.0,4.0,88.0,39.1,20.0
12129,0,79,170.0,76.0,24.0,108.0,40.6,206.0
12130,0,32,168.0,73.0,30.0,111.0,40.7,201.0
12131,0,28,174.0,73.0,28.0,104.0,40.9,152.0
12132,0,39,200.0,105.0,18.0,99.0,40.5,106.0
12133,1,50,179.0,73.0,17.0,100.0,40.0,97.0
12134,1,32,158.0,60.0,17.0,105.0,40.0,104.0
12135,0,51,187.0,91.0,24.0,98.0,40.9,145.0
12136,1,20,170.0,62.0,4.0,83.0,38.8,14.0
12137,0,72,183.0,81.0,13.0,94.0,40.5,81.0
12138,0,44,177.0,83.0,10.0,88.0,39.6,40.0
12139,0,27,188.0,92.0,4.0,85.0,38.9,12.0
12140,0,55,194.0,96.0,19.0,94.0,40.7,109.0
12141,0,38,177.0,81.0,30.0,110.0,41.1,210.0
12142,0,52,175.0,75.0,18.0,102.0,40.5,114.0
12143,1,25,152.0,58.0,2.0,86.0,38.1,8.0
12144,0,29,189.0,94.0,6.0,95.0,39.3,28.0
12145,0,67,176.0,78.0,27.0,101.0,40.8,188.0
12146,1,20,160.0,60.0,22.0,100.0,40.5,118.0
12147,0,48,174.0,76.0,25.0,106.0,40.3,169.0
12148,1,54,167.0,67.0,24.0,109.0,40.7,163.0
12149,0,25,174.0,77.0,6.0,85.0,39.0,15.0
12150,1,55,155.0,59.0,4.0,82.0,38.7,16.0
12151,1,57,178.0,78.0,21.0,102.0,40.9,125.0
12152,1,26,169.0,62.0,11.0,79.0,39.8,35.0
12153,1,21,157.0,59.0,5.0,71.0,39.1,11.0
12154,1,25,169.0,64.0,22.0,107.0,40.4,135.0
12155,0,23,174.0,75.0,4.0,84.0,39.0,9.0
12156,1,53,155.0,52.0,23.0,97.0,40.4,131.0
12157,0,26,186.0,85.0,13.0,83.0,40.0,32.0
12158,0,22,186.0,81.0,21.0,101.0,40.3,102.0
12159,0,43,187.0,92.0,23.0,102.0,40.7,144.0
12160,0,21,176.0,71.0,7.0,80.0,39.6,10.0
12161,0,31,166.0,70.0,3.0,89.0,38.8,10.0
12162,1,28,146.0,50.0,29.0,107.0,41.1,185.0
12163,0,74,204.0,112.0,14.0,94.0,40.0,98.0
12164,1,28,162.0,61.0,12.0,92.0,39.9,55.0
12165,0,70,186.0,82.0,28.0,102.0,41.0,206.0
12166,1,22,160.0,59.0,22.0,104.0,40.8,128.0
12167,1,73,167.0,71.0,10.0,92.0,40.1,53.0
12168,1,52,176.0,70.0,14.0,89.0,40.4,64.0
12169,1,30,150.0,49.0,18.0,99.0,40.8,100.0
12170,1,50,176.0,70.0,17.0,103.0,40.7,103.0
12171,0,73,190.0,99.0,11.0,91.0,40.1,68.0
12172,1,20,164.0,62.0,10.0,85.0,40.0,37.0
12173,1,40,159.0,63.0,12.0,93.0,40.2,59.0
12174,0,46,198.0,99.0,6.0,83.0,39.1,22.0
12175,1,38,167.0,61.0,25.0,106.0,41.0,157.0
12176,1,57,139.0,44.0,28.0,108.0,40.9,198.0
12177,0,22,194.0,98.0,8.0,94.0,39.6,33.0
12178,0,79,202.0,108.0,18.0,99.0,41.0,142.0
12179,0,48,199.0,103.0,15.0,96.0,40.3,88.0
12180,0,28,193.0,96.0,11.0,85.0,40.1,34.0
12181,1,41,172.0,74.0,24.0,98.0,40.8,127.0
12182,0,71,198.0,102.0,22.0,104.0,40.6,179.0
12183,1,36,166.0,65.0,12.0,95.0,40.2,60.0
12184,1,31,145.0,47.0,3.0,80.0,38.4,11.0
12185,0,38,171.0,76.0,25.0,101.0,40.9,138.0
12186,1,20,165.0,60.0,10.0,86.0,39.7,38.0
12187,1,31,168.0,62.0,8.0,89.0,39.6,35.0
12188,0,73,196.0,102.0,26.0,98.0,40.5,191.0
12189,1,21,176.0,72.0,14.0,106.0,40.3,82.0
12190,1,67,159.0,59.0,25.0,103.0,41.0,163.0
12191,0,31,188.0,90.0,11.0,99.0,40.5,57.0
12192,1,21,156.0,55.0,19.0,108.0,40.5,119.0
12193,0,20,191.0,93.0,8.0,91.0,39.5,28.0
12194,0,72,187.0,83.0,24.0,105.0,40.8,190.0
12195,1,44,169.0,69.0,7.0,88.0,39.8,31.0
12196,0,38,192.0,92.0,27.0,100.0,40.6,155.0
12197,1,34,166.0,67.0,19.0,103.0,40.5,110.0
12198,0,32,181.0,76.0,15.0,99.0,40.6,74.0
12199,1,46,170.0,71.0,16.0,106.0,40.2,101.0
12200,1,67,153.0,62.0,10.0,89.0,39.6,50.0
12201,1,77,166.0,68.0,19.0,101.0,40.1,121.0
12202,1,32,163.0,62.0,2.0,91.0,38.4,9.0
12203,0,51,191.0,92.0,4.0,78.0,38.9,12.0
12204,1,20,155.0,53.0,15.0,92.0,40.0,69.0
12205,0,20,163.0,59.0,23.0,113.0,40.7,141.0
12206,1,52,160.0,59.0,25.0,103.0,40.7,156.0
12207,1,24,156.0,58.0,16.0,105.0,40.4,96.0
12208,0,32,208.0,103.0,25.0,108.0,40.9,172.0
12209,1,41,155.0,56.0,20.0,96.0,40.4,107.0
12210,0,49,185.0,93.0,22.0,99.0,40.5,135.0
12211,0,40,207.0,113.0,20.0,98.0,40.2,120.0
12212,1,70,172.0,73.0,23.0,102.0,40.8,144.0
12213,1,29,162.0,64.0,6.0,90.0,39.3,26.0
12214,1,50,178.0,77.0,29.0,111.0,40.7,198.0
12215,0,76,179.0,86.0,28.0,112.0,40.8,259.0
12216,1,30,157.0,58.0,7.0,94.0,39.2,34.0
12217,1,20,143.0,43.0,13.0,88.0,39.9,56.0
12218,0,33,200.0,101.0,17.0,98.0,40.5,91.0
12219,0,71,185.0,96.0,5.0,85.0,39.1,26.0
12220,0,74,184.0,88.0,7.0,88.0,39.4,39.0
12221,0,49,175.0,75.0,26.0,103.0,40.6,165.0
12222,0,38,185.0,88.0,23.0,108.0,40.3,158.0
12223,0,22,181.0,86.0,26.0,104.0,40.6,141.0
12224,1,24,145.0,51.0,24.0,101.0,40.3,135.0
12225,1,47,160.0,61.0,11.0,89.0,40.0,51.0
12226,1,66,169.0,71.0,17.0,101.0,40.4,104.0
12227,0,39,188.0,91.0,9.0,88.0,39.6,36.0
12228,1,39,163.0,62.0,12.0,96.0,40.1,63.0
12229,0,55,195.0,92.0,23.0,91.0,40.7,119.0
12230,0,71,188.0,96.0,2.0,75.0,38.0,7.0
12231,1,22,169.0,62.0,19.0,99.0,40.3,100.0
12232,1,32,160.0,59.0,6.0,79.0,39.6,20.0
12233,0,22,185.0,86.0,20.0,106.0,40.6,115.0
12234,0,65,201.0,104.0,7.0,78.0,39.6,28.0
12235,1,30,156.0,57.0,11.0,87.0,39.8,46.0
12236,0,26,196.0,96.0,13.0,89.0,40.3,47.0
12237,0,56,175.0,78.0,29.0,110.0,40.8,226.0
12238,1,58,167.0,66.0,25.0,106.0,40.5,164.0
12239,0,22,186.0,88.0,10.0,83.0,40.0,23.0
12240,0,21,175.0,77.0,26.0,102.0,41.0,127.0
12241,0,71,190.0,99.0,8.0,82.0,39.5,38.0
12242,0,63,184.0,86.0,6.0,86.0,39.1,28.0
12243,1,26,143.0,41.0,4.0,73.0,39.4,11.0
12244,1,23,169.0,67.0,7.0,81.0,39.5,23.0
12245,0,50,206.0,111.0,25.0,117.0,40.5,232.0
12246,1,33,165.0,67.0,4.0,88.0,39.1,17.0
12247,1,21,160.0,56.0,11.0,84.0,39.9,41.0
12248,0,29,159.0,67.0,16.0,97.0,40.0,69.0
12249,1,50,163.0,64.0,12.0,94.0,40.3,62.0
12250,1,49,174.0,72.0,20.0,100.0,40.6,114.0
12251,0,43,183.0,82.0,27.0,110.0,40.6,196.0
12252,0,38,174.0,74.0,22.0,103.0,40.6,127.0
12253,0,25,194.0,89.0,2.0,84.0,38.1,5.0
12254,0,31,199.0,97.0,14.0,97.0,40.5,71.0
12255,0,36,179.0,80.0,21.0,105.0,40.4,129.0
12256,1,40,161.0,59.0,22.0,96.0,40.7,116.0
12257,0,21,166.0,67.0,12.0,88.0,39.6,31.0
12258,0,50,190.0,94.0,6.0,90.0,39.4,29.0
12259,0,46,200.0,106.0,11.0,83.0,39.7,42.0
12260,1,32,160.0,61.0,14.0,101.0,40.3,79.0
12261,0,42,184.0,89.0,24.0,105.0,40.5,159.0
12262,1,42,179.0,72.0,17.0,98.0,40.1,91.0
12263,0,76,172.0,80.0,12.0,88.0,39.9,66.0
12264,0,45,180.0,80.0,7.0,77.0,39.6,16.0
12265,1,25,168.0,64.0,12.0,88.0,40.0,49.0
12266,0,74,192.0,92.0,20.0,101.0,40.8,152.0
12267,0,70,194.0,94.0,5.0,91.0,38.6,30.0
12268,1,60,165.0,61.0,3.0,92.0,38.5,16.0
12269,0,55,192.0,91.0,10.0,81.0,39.8,37.0
12270,1,31,155.0,56.0,5.0,83.0,39.4,19.0
12271,0,75,172.0,74.0,10.0,98.0,39.7,68.0
12272,0,21,160.0,68.0,6.0,90.0,39.4,17.0
12273,0,38,189.0,91.0,24.0,100.0,40.5,137.0
12274,0,32,175.0,77.0,12.0,98.0,39.9,58.0
12275,1,20,146.0,47.0,9.0,92.0,39.7,42.0
12276,0,23,179.0,80.0,29.0,101.0,41.0,142.0
12277,1,49,157.0,63.0,22.0,100.0,40.9,128.0
12278,1,27,156.0,62.0,19.0,103.0,40.3,109.0
12279,1,23,163.0,59.0,23.0,104.0,40.7,134.0
12280,0,76,186.0,92.0,25.0,100.0,40.8,189.0
12281,1,28,174.0,68.0,10.0,94.0,39.3,47.0
12282,0,48,184.0,82.0,15.0,96.0,40.2,81.0
12283,1,64,143.0,49.0,20.0,99.0,40.5,123.0
12284,0,28,181.0,81.0,30.0,108.0,41.1,186.0
12285,0,74,182.0,88.0,14.0,88.0,40.0,78.0
12286,1,49,154.0,55.0,14.0,94.0,40.3,74.0
12287,0,27,186.0,80.0,15.0,103.0,40.0,81.0
12288,1,26,161.0,60.0,9.0,82.0,39.8,32.0
12289,0,32,185.0,77.0,16.0,92.0,40.1,63.0
12290,0,29,191.0,86.0,15.0,85.0,40.2,44.0
12291,0,25,183.0,77.0,19.0,86.0,40.5,51.0
12292,1,21,163.0,61.0,11.0,93.0,39.7,51.0
12293,1,73,157.0,64.0,20.0,106.0,40.4,137.0
12294,1,70,160.0,64.0,15.0,99.0,40.0,91.0
12295,1,50,161.0,59.0,5.0,89.0,38.7,24.0
12296,1,35,169.0,66.0,5.0,75.0,39.0,14.0
12297,0,31,182.0,87.0,22.0,94.0,40.5,96.0
12298,1,59,162.0,64.0,24.0,106.0,40.8,159.0
12299,1,35,177.0,71.0,14.0,103.0,40.0,81.0
12300,0,33,174.0,79.0,17.0,100.0,40.5,89.0
12301,1,33,153.0,52.0,18.0,93.0,40.1,89.0
12302,1,71,172.0,71.0,17.0,109.0,40.6,120.0
12303,1,31,165.0,61.0,30.0,105.0,40.7,182.0
12304,1,46,152.0,56.0,18.0,102.0,40.1,109.0
12305,1,41,186.0,82.0,30.0,114.0,40.8,207.0
12306,0,64,194.0,97.0,20.0,101.0,40.4,145.0
12307,1,66,175.0,74.0,28.0,116.0,40.8,215.0
12308,0,35,182.0,89.0,24.0,108.0,40.8,161.0
12309,1,27,165.0,59.0,20.0,96.0,40.3,101.0
12310,0,23,191.0,95.0,23.0,105.0,40.5,134.0
12311,0,47,191.0,98.0,29.0,116.0,40.8,252.0
12312,0,69,194.0,92.0,22.0,107.0,40.5,182.0
12313,1,46,162.0,66.0,7.0,92.0,39.4,34.0
12314,1,25,168.0,64.0,22.0,106.0,40.9,132.0
12315,1,43,169.0,72.0,5.0,79.0,39.5,17.0
12316,1,24,166.0,64.0,3.0,93.0,38.6,14.0
12317,0,34,178.0,80.0,21.0,106.0,40.4,130.0
12318,1,29,141.0,48.0,13.0,82.0,39.7,49.0
12319,0,59,177.0,83.0,19.0,104.0,41.0,136.0
12320,1,21,154.0,53.0,4.0,86.0,38.9,16.0
12321,0,41,187.0,93.0,23.0,105.0,40.9,153.0
12322,1,36,174.0,68.0,19.0,108.0,40.1,121.0
12323,0,21,183.0,78.0,12.0,88.0,39.9,34.0
12324,1,24,163.0,57.0,3.0,85.0,38.5,12.0
12325,1,62,159.0,61.0,5.0,83.0,39.0,21.0
12326,1,31,169.0,63.0,12.0,81.0,40.1,42.0
12327,1,28,154.0,52.0,18.0,100.0,40.5,101.0
12328,0,24,188.0,91.0,23.0,101.0,40.8,119.0
12329,0,20,192.0,88.0,22.0,107.0,40.7,128.0
12330,1,63,142.0,49.0,25.0,92.0,41.0,135.0
12331,1,26,179.0,71.0,26.0,110.0,40.9,166.0
12332,1,37,169.0,63.0,7.0,87.0,39.5,29.0
12333,1,20,170.0,63.0,10.0,91.0,40.0,43.0
12334,0,30,183.0,83.0,30.0,97.0,41.3,141.0
12335,0,57,196.0,96.0,19.0,101.0,40.8,131.0
12336,0,34,183.0,83.0,5.0,86.0,39.2,16.0
12337,0,65,182.0,82.0,7.0,73.0,39.5,19.0
12338,0,23,200.0,95.0,18.0,92.0,40.6,70.0
12339,0,67,181.0,84.0,9.0,93.0,39.9,53.0
12340,0,50,183.0,87.0,10.0,88.0,39.6,44.0
12341,0,76,189.0,90.0,17.0,99.0,40.6,125.0
12342,1,70,164.0,67.0,5.0,81.0,39.1,21.0
12343,1,31,172.0,72.0,27.0,112.0,41.0,180.0
12344,1,50,174.0,76.0,25.0,104.0,40.6,152.0
12345,1,57,167.0,65.0,15.0,97.0,39.9,84.0
12346,1,28,160.0,53.0,15.0,105.0,39.9,92.0
12347,0,77,182.0,88.0,28.0,104.0,41.1,228.0
12348,0,67,191.0,90.0,24.0,104.0,40.9,184.0
12349,0,27,186.0,93.0,27.0,104.0,40.4,157.0
12350,1,75,156.0,61.0,29.0,102.0,41.2,189.0
12351,1,27,157.0,55.0,15.0,101.0,40.5,85.0
12352,1,26,169.0,67.0,21.0,97.0,40.4,106.0
12353,1,24,163.0,60.0,8.0,91.0,39.7,36.0
12354,1,53,151.0,60.0,20.0,96.0,40.5,110.0
12355,1,25,154.0,59.0,3.0,90.0,38.6,13.0
12356,1,71,166.0,63.0,25.0,100.0,40.7,155.0
12357,0,24,179.0,81.0,16.0,90.0,40.3,53.0
12358,1,28,176.0,68.0,22.0,95.0,40.5,106.0
12359,1,66,153.0,55.0,26.0,111.0,40.7,192.0
12360,1,21,163.0,60.0,11.0,83.0,40.0,39.0
12361,1,48,159.0,57.0,10.0,94.0,39.8,52.0
12362,1,52,161.0,64.0,24.0,96.0,41.0,130.0
12363,1,45,165.0,65.0,29.0,111.0,40.9,200.0
12364,1,58,165.0,65.0,19.0,111.0,40.8,135.0
12365,0,79,176.0,82.0,13.0,96.0,40.3,90.0
12366,1,50,160.0,53.0,27.0,107.0,40.8,181.0
12367,0,34,176.0,78.0,12.0,98.0,39.7,59.0
12368,0,40,203.0,108.0,17.0,94.0,40.4,90.0
12369,0,33,194.0,100.0,6.0,92.0,39.4,27.0
12370,0,73,186.0,93.0,24.0,107.0,41.1,204.0
12371,1,79,162.0,58.0,18.0,95.0,40.1,106.0
12372,0,29,179.0,77.0,26.0,97.0,40.9,117.0
12373,1,40,165.0,61.0,16.0,100.0,39.7,91.0
12374,1,58,170.0,72.0,11.0,97.0,40.1,61.0
12375,1,24,169.0,68.0,21.0,103.0,40.3,118.0
12376,0,20,186.0,83.0,5.0,102.0,39.1,25.0
12377,0,21,187.0,87.0,29.0,100.0,40.7,139.0
12378,1,56,169.0,61.0,20.0,103.0,40.2,126.0
12379,0,60,170.0,76.0,10.0,81.0,39.2,36.0
12380,0,43,178.0,82.0,16.0,101.0,39.9,94.0
12381,0,44,185.0,87.0,10.0,89.0,39.7,43.0
12382,1,32,171.0,67.0,7.0,84.0,39.6,26.0
12383,1,60,170.0,71.0,9.0,91.0,39.5,44.0
12384,0,49,195.0,106.0,24.0,111.0,40.5,197.0
12385,1,27,160.0,55.0,19.0,102.0,40.5,109.0
12386,0,22,187.0,84.0,6.0,78.0,39.4,9.0
12387,1,26,151.0,55.0,9.0,90.0,39.8,40.0
12388,0,53,179.0,89.0,8.0,92.0,39.7,41.0
12389,0,46,171.0,72.0,18.0,92.0,40.3,81.0
12390,1,49,170.0,67.0,21.0,93.0,40.9,105.0
12391,0,48,166.0,73.0,7.0,100.0,39.3,41.0
12392,0,27,187.0,87.0,17.0,95.0,40.3,74.0
12393,1,35,164.0,65.0,24.0,106.0,40.8,148.0
12394,1,38,168.0,66.0,22.0,97.0,40.6,116.0
12395,0,32,179.0,77.0,10.0,85.0,40.2,29.0
12396,1,70,168.0,72.0,16.0,88.0,39.9,76.0
12397,1,37,162.0,59.0,10.0,90.0,39.8,46.0
12398,1,39,178.0,72.0,22.0,100.0,40.7,121.0
12399,0,47,194.0,94.0,3.0,89.0,38.7,14.0
12400,0,27,188.0,84.0,25.0,100.0,40.8,126.0
12401,1,23,171.0,65.0,27.0,105.0,40.4,158.0
12402,1,29,146.0,47.0,12.0,94.0,39.9,60.0
12403,0,78,175.0,84.0,20.0,109.0,40.3,177.0
12404,0,50,180.0,88.0,14.0,88.0,40.2,62.0
12405,1,28,163.0,57.0,4.0,91.0,38.8,18.0
12406,1,41,176.0,71.0,13.0,89.0,39.9,57.0
12407,1,68,149.0,55.0,26.0,109.0,40.7,188.0
12408,1,40,151.0,55.0,24.0,111.0,40.4,167.0
12409,0,45,180.0,81.0,19.0,90.0,40.5,82.0
12410,1,28,177.0,75.0,26.0,112.0,40.7,171.0
12411,1,34,175.0,71.0,1.0,86.0,37.4,4.0
12412,1,32,162.0,63.0,14.0,88.0,39.9,59.0
12413,0,23,188.0,89.0,16.0,103.0,40.3,86.0
12414,1,25,174.0,73.0,13.0,90.0,40.3,54.0
12415,0,67,187.0,89.0,20.0,100.0,40.6,141.0
12416,1,78,166.0,68.0,20.0,98.0,40.1,121.0
12417,0,20,181.0,87.0,30.0,110.0,40.9,188.0
12418,1,62,170.0,69.0,27.0,113.0,40.6,198.0
12419,0,78,185.0,87.0,24.0,104.0,40.5,196.0
12420,1,37,169.0,67.0,22.0,103.0,40.7,129.0
12421,0,68,190.0,99.0,19.0,98.0,40.4,133.0
12422,0,32,188.0,86.0,19.0,97.0,40.5,92.0
12423,0,55,195.0,102.0,8.0,85.0,39.5,36.0
12424,0,32,186.0,85.0,8.0,88.0,39.5,28.0
12425,1,42,177.0,77.0,10.0,97.0,39.9,52.0
12426,1,68,166.0,65.0,15.0,101.0,40.1,93.0
12427,1,68,173.0,67.0,30.0,103.0,40.9,192.0
12428,1,37,171.0,70.0,19.0,98.0,40.6,101.0
12429,0,29,187.0,88.0,3.0,81.0,38.6,7.0
12430,1,26,164.0,55.0,1.0,80.0,37.5,3.0
12431,1,35,168.0,58.0,20.0,97.0,40.3,106.0
12432,1,24,158.0,56.0,6.0,79.0,39.6,19.0
12433,1,63,162.0,61.0,27.0,102.0,41.0,170.0
12434,1,37,163.0,57.0,18.0,97.0,40.3,97.0
12435,0,52,184.0,85.0,6.0,89.0,39.2,28.0
12436,0,44,191.0,88.0,2.0,80.0,37.9,6.0
12437,0,37,194.0,102.0,15.0,95.0,40.2,77.0
12438,0,76,210.0,114.0,7.0,94.0,39.3,50.0
12439,0,22,163.0,62.0,4.0,86.0,38.3,9.0
12440,1,47,170.0,68.0,26.0,99.0,40.8,146.0
12441,0,31,167.0,67.0,24.0,107.0,40.5,142.0
12442,1,48,165.0,67.0,21.0,106.0,40.8,134.0
12443,1,26,169.0,65.0,20.0,101.0,40.8,110.0
12444,0,23,175.0,82.0,2.0,92.0,38.4,7.0
12445,1,63,178.0,82.0,16.0,94.0,40.1,83.0
12446,0,52,172.0,82.0,29.0,111.0,40.9,228.0
12447,0,61,195.0,105.0,11.0,96.0,39.7,72.0
12448,1,41,156.0,61.0,14.0,98.0,39.9,77.0
12449,0,25,181.0,84.0,19.0,102.0,40.6,99.0
12450,1,42,171.0,68.0,20.0,95.0,40.5,102.0
12451,0,26,181.0,84.0,29.0,116.0,41.2,214.0
12452,1,46,166.0,63.0,2.0,77.0,38.2,7.0
12453,0,40,189.0,91.0,25.0,99.0,40.6,141.0
12454,1,21,170.0,64.0,19.0,103.0,40.6,107.0
12455,1,31,175.0,71.0,4.0,86.0,38.7,16.0
12456,1,24,162.0,61.0,28.0,106.0,40.7,169.0
12457,1,32,174.0,69.0,2.0,77.0,38.2,6.0
12458,1,76,167.0,65.0,26.0,102.0,40.9,168.0
12459,0,67,170.0,79.0,2.0,91.0,38.3,11.0
12460,1,68,168.0,66.0,26.0,102.0,41.1,164.0
12461,1,72,165.0,66.0,3.0,85.0,39.1,14.0
12462,0,32,202.0,99.0,27.0,115.0,40.5,212.0
12463,1,73,160.0,58.0,13.0,102.0,40.1,85.0
12464,0,73,204.0,103.0,17.0,101.0,39.9,133.0
12465,0,49,201.0,101.0,16.0,95.0,40.1,91.0
12466,1,53,136.0,43.0,24.0,103.0,41.2,156.0
12467,0,23,175.0,73.0,23.0,110.0,40.6,140.0
12468,0,31,179.0,83.0,21.0,94.0,40.6,90.0
12469,0,21,184.0,87.0,10.0,96.0,39.9,42.0
12470,0,28,198.0,101.0,19.0,95.0,40.6,89.0
12471,1,63,161.0,58.0,12.0,98.0,40.0,71.0
12472,1,74,164.0,64.0,13.0,98.0,40.1,78.0
12473,1,66,163.0,65.0,17.0,92.0,40.1,89.0
12474,0,36,191.0,96.0,2.0,82.0,38.4,6.0
12475,0,50,185.0,83.0,13.0,97.0,40.3,74.0
12476,0,22,194.0,92.0,17.0,97.0,40.3,77.0
12477,1,48,169.0,66.0,27.0,100.0,40.7,155.0
12478,1,23,173.0,71.0,5.0,94.0,39.2,23.0
12479,0,73,193.0,97.0,10.0,87.0,40.0,56.0
12480,1,34,181.0,73.0,18.0,101.0,40.1,99.0
12481,0,20,182.0,81.0,1.0,75.0,37.5,1.0
12482,0,31,177.0,78.0,19.0,95.0,40.6,82.0
12483,0,24,187.0,86.0,17.0,98.0,40.7,79.0
12484,0,45,194.0,97.0,6.0,91.0,39.6,29.0
12485,0,37,183.0,80.0,12.0,94.0,39.5,54.0
12486,1,61,175.0,74.0,13.0,92.0,40.1,65.0
12487,0,33,179.0,75.0,19.0,95.0,40.3,83.0
12488,0,75,184.0,89.0,22.0,97.0,40.7,154.0
12489,0,26,189.0,88.0,10.0,94.0,40.1,42.0
12490,1,34,135.0,41.0,14.0,92.0,40.2,70.0
12491,1,73,166.0,65.0,7.0,83.0,39.5,31.0
12492,1,36,141.0,48.0,14.0,98.0,40.0,78.0
12493,1,49,151.0,53.0,21.0,93.0,40.6,109.0
12494,0,40,184.0,88.0,21.0,103.0,40.7,130.0
12495,1,23,151.0,48.0,29.0,110.0,40.9,192.0
12496,1,33,162.0,57.0,4.0,76.0,39.2,12.0
12497,1,22,169.0,69.0,17.0,106.0,40.3,100.0
12498,1,33,179.0,82.0,10.0,91.0,39.7,43.0
12499,0,21,183.0,83.0,23.0,104.0,40.5,122.0
12500,0,37,191.0,89.0,5.0,83.0,39.1,15.0
12501,1,42,165.0,63.0,8.0,94.0,39.5,40.0
12502,0,20,206.0,107.0,21.0,105.0,40.3,125.0
12503,0,25,206.0,111.0,3.0,91.0,38.8,12.0
12504,1,20,161.0,55.0,8.0,86.0,39.5,31.0
12505,0,78,180.0,87.0,20.0,102.0,40.4,157.0
12506,0,41,168.0,73.0,29.0,101.0,40.3,163.0
12507,1,31,176.0,69.0,12.0,98.0,39.5,62.0
12508,1,64,163.0,62.0,2.0,90.0,37.8,10.0
12509,0,55,195.0,106.0,10.0,91.0,40.0,55.0
12510,1,30,173.0,70.0,28.0,108.0,40.7,175.0
12511,1,39,166.0,65.0,18.0,99.0,40.7,99.0
12512,0,21,205.0,102.0,10.0,92.0,39.8,39.0
12513,1,46,166.0,59.0,23.0,100.0,40.8,134.0
12514,1,23,170.0,67.0,3.0,88.0,38.3,12.0
12515,0,65,200.0,103.0,27.0,95.0,40.8,176.0
12516,0,60,191.0,101.0,3.0,82.0,38.3,13.0
12517,0,36,185.0,89.0,18.0,96.0,40.3,89.0
12518,1,76,171.0,70.0,21.0,114.0,40.4,162.0
12519,1,26,160.0,61.0,6.0,83.0,38.9,22.0
12520,0,28,187.0,87.0,13.0,97.0,40.1,61.0
12521,0,38,187.0,93.0,7.0,84.0,39.5,23.0
12522,0,53,173.0,75.0,18.0,93.0,40.5,91.0
12523,0,38,184.0,87.0,21.0,98.0,40.7,112.0
12524,0,68,187.0,91.0,16.0,98.0,40.3,110.0
12525,1,77,152.0,56.0,27.0,107.0,40.7,193.0
12526,1,39,170.0,72.0,11.0,86.0,40.1,44.0
12527,1,43,163.0,66.0,12.0,95.0,39.9,62.0
12528,1,61,165.0,63.0,24.0,111.0,40.5,173.0
12529,1,25,162.0,62.0,15.0,92.0,40.1,68.0
12530,1,73,153.0,56.0,9.0,84.0,39.7,42.0
12531,1,48,156.0,59.0,19.0,109.0,40.4,129.0
12532,1,51,173.0,72.0,29.0,107.0,41.1,188.0
12533,1,52,155.0,58.0,21.0,108.0,40.5,143.0
12534,1,47,166.0,64.0,21.0,107.0,40.6,137.0
12535,1,21,150.0,50.0,19.0,104.0,40.1,113.0
12536,0,62,174.0,75.0,27.0,106.0,40.9,200.0
12537,0,26,174.0,72.0,28.0,110.0,40.8,174.0
12538,1,26,158.0,60.0,12.0,91.0,40.0,54.0
12539,1,78,158.0,55.0,13.0,104.0,39.6,89.0
12540,1,38,190.0,79.0,18.0,95.0,40.6,88.0
12541,1,77,173.0,77.0,7.0,82.0,39.4,29.0
12542,0,24,170.0,70.0,29.0,99.0,41.2,128.0
12543,1,25,155.0,55.0,18.0,95.0,40.8,89.0
12544,1,73,160.0,60.0,21.0,108.0,40.4,150.0
12545,0,46,189.0,92.0,13.0,101.0,39.9,81.0
12546,1,36,155.0,56.0,18.0,104.0,40.6,110.0
12547,0,24,190.0,92.0,13.0,91.0,40.0,48.0
12548,0,42,191.0,89.0,26.0,98.0,40.3,144.0
12549,0,63,186.0,92.0,14.0,94.0,40.2,84.0
12550,1,29,154.0,55.0,26.0,102.0,40.9,150.0
12551,1,42,165.0,68.0,22.0,93.0,40.8,107.0
12552,0,40,179.0,84.0,17.0,99.0,40.2,94.0
12553,0,26,177.0,76.0,24.0,100.0,40.7,115.0
12554,1,21,171.0,62.0,19.0,100.0,40.1,101.0
12555,1,69,156.0,61.0,27.0,106.0,40.7,185.0
12556,1,52,169.0,70.0,21.0,108.0,40.8,139.0
12557,0,50,187.0,81.0,5.0,83.0,39.2,18.0
12558,1,22,161.0,53.0,7.0,83.0,39.5,26.0
12559,1,30,163.0,64.0,14.0,89.0,40.4,60.0
12560,0,46,189.0,88.0,7.0,87.0,39.2,28.0
12561,1,43,161.0,63.0,19.0,101.0,40.3,110.0
12562,0,70,176.0,83.0,6.0,96.0,39.2,39.0
12563,1,55,158.0,54.0,27.0,105.0,41.0,178.0
12564,1,26,173.0,70.0,13.0,89.0,40.3,54.0
12565,0,49,179.0,82.0,18.0,101.0,40.4,111.0
12566,1,65,162.0,61.0,11.0,101.0,40.0,69.0
12567,0,20,196.0,99.0,21.0,108.0,40.7,131.0
12568,1,45,160.0,56.0,24.0,102.0,40.6,145.0
12569,0,26,181.0,80.0,11.0,91.0,39.4,39.0
12570,1,53,163.0,67.0,29.0,109.0,40.9,197.0
12571,1,72,156.0,57.0,10.0,98.0,39.7,61.0
12572,0,32,196.0,99.0,12.0,96.0,39.9,60.0
12573,1,47,166.0,63.0,13.0,99.0,40.2,74.0
12574,1,33,169.0,71.0,24.0,104.0,40.9,140.0
12575,0,20,180.0,87.0,7.0,82.0,39.6,14.0
12576,0,79,167.0,75.0,8.0,89.0,39.6,45.0
12577,0,68,166.0,71.0,3.0,67.0,38.7,5.0
12578,1,49,148.0,54.0,29.0,101.0,40.8,175.0
12579,0,34,178.0,81.0,9.0,95.0,39.7,41.0
12580,1,35,164.0,62.0,12.0,92.0,39.6,57.0
12581,1,55,162.0,64.0,28.0,111.0,40.7,198.0
12582,0,71,199.0,104.0,22.0,105.0,40.7,183.0
12583,1,22,177.0,68.0,22.0,96.0,40.6,106.0
12584,0,22,187.0,81.0,15.0,97.0,40.3,64.0
12585,0,63,190.0,94.0,21.0,95.0,40.7,131.0
12586,0,29,171.0,70.0,16.0,96.0,40.2,67.0
12587,1,40,174.0,69.0,2.0,85.0,37.7,8.0
12588,0,45,182.0,88.0,14.0,95.0,39.8,73.0
12589,1,41,177.0,71.0,27.0,111.0,40.7,182.0
12590,0,65,161.0,68.0,29.0,102.0,40.8,198.0
12591,1,71,174.0,74.0,4.0,86.0,39.0,18.0
12592,0,37,175.0,77.0,20.0,86.0,40.5,65.0
12593,0,55,163.0,66.0,3.0,79.0,38.6,8.0
12594,1,42,168.0,64.0,28.0,118.0,40.9,213.0
12595,0,20,189.0,85.0,11.0,95.0,40.0,44.0
12596,1,29,156.0,59.0,7.0,87.0,39.7,29.0
12597,1,73,172.0,70.0,2.0,86.0,38.2,9.0
12598,0,20,172.0,72.0,16.0,102.0,40.0,76.0
12599,1,21,158.0,54.0,19.0,84.0,40.4,71.0
12600,0,32,184.0,82.0,8.0,85.0,39.4,24.0
12601,0,55,200.0,99.0,26.0,95.0,41.0,155.0
12602,0,54,189.0,94.0,8.0,93.0,39.8,44.0
12603,0,68,190.0,89.0,28.0,110.0,40.5,241.0
12604,0,55,184.0,92.0,17.0,97.0,40.5,104.0
12605,1,25,157.0,56.0,24.0,104.0,40.4,142.0
12606,0,75,180.0,84.0,26.0,109.0,40.9,226.0
12607,0,69,180.0,86.0,12.0,97.0,40.3,80.0
12608,0,37,171.0,77.0,22.0,98.0,40.3,111.0
12609,0,71,186.0,82.0,19.0,100.0,40.2,135.0
12610,0,20,189.0,89.0,6.0,82.0,39.4,12.0
12611,0,33,188.0,95.0,27.0,103.0,40.7,162.0
12612,0,25,179.0,84.0,18.0,94.0,40.6,72.0
12613,0,24,179.0,80.0,14.0,90.0,40.7,46.0
12614,1,39,165.0,65.0,19.0,106.0,40.4,119.0
12615,1,49,169.0,62.0,27.0,101.0,40.6,160.0
12616,0,23,183.0,84.0,29.0,112.0,40.9,193.0
12617,1,73,174.0,72.0,28.0,113.0,41.2,210.0
12618,1,35,171.0,71.0,25.0,91.0,40.5,112.0
12619,0,36,187.0,93.0,29.0,111.0,41.0,212.0
12620,0,44,184.0,84.0,10.0,92.0,39.6,46.0
12621,1,55,184.0,73.0,16.0,97.0,40.1,87.0
12622,1,66,152.0,54.0,9.0,88.0,39.4,45.0
12623,0,48,182.0,88.0,15.0,97.0,40.3,85.0
12624,1,41,164.0,60.0,11.0,91.0,39.8,52.0
12625,1,25,173.0,71.0,14.0,86.0,40.3,53.0
12626,0,78,195.0,104.0,18.0,96.0,40.7,132.0
12627,1,20,172.0,70.0,13.0,93.0,40.1,58.0
12628,0,48,192.0,91.0,9.0,88.0,40.1,39.0
12629,0,52,196.0,97.0,24.0,104.0,40.9,171.0
12630,0,42,172.0,77.0,20.0,95.0,40.4,97.0
12631,1,22,165.0,63.0,22.0,102.0,40.5,122.0
12632,1,59,167.0,63.0,4.0,78.0,38.5,15.0
12633,0,21,188.0,93.0,22.0,97.0,40.8,99.0
12634,1,63,153.0,52.0,4.0,88.0,39.0,20.0
12635,1,67,167.0,63.0,12.0,89.0,40.0,59.0
12636,0,38,164.0,72.0,5.0,81.0,39.1,12.0
12637,0,44,168.0,72.0,28.0,113.0,40.9,211.0
12638,0,77,182.0,88.0,20.0,100.0,40.6,150.0
12639,1,37,172.0,68.0,17.0,108.0,40.3,109.0
12640,1,26,160.0,58.0,22.0,95.0,40.4,109.0
12641,0,21,186.0,82.0,10.0,88.0,40.2,29.0
12642,1,32,150.0,54.0,14.0,94.0,40.1,70.0
12643,0,37,195.0,102.0,1.0,76.0,37.7,2.0
12644,0,54,185.0,83.0,12.0,84.0,40.0,47.0
12645,1,58,159.0,58.0,20.0,101.0,40.7,123.0
12646,0,33,178.0,82.0,30.0,108.0,41.1,194.0
12647,1,28,172.0,63.0,1.0,81.0,37.7,3.0
12648,1,38,144.0,48.0,17.0,98.0,40.1,95.0
12649,0,34,164.0,74.0,6.0,85.0,39.3,17.0
12650,0,67,183.0,83.0,23.0,103.0,40.7,170.0
12651,1,43,180.0,74.0,10.0,92.0,40.0,47.0
12652,0,72,185.0,90.0,4.0,85.0,38.9,20.0
12653,0,68,190.0,89.0,4.0,86.0,38.8,20.0
12654,1,58,185.0,80.0,19.0,103.0,40.4,115.0
12655,1,20,167.0,57.0,4.0,80.0,38.9,13.0
12656,1,44,166.0,66.0,18.0,91.0,40.4,85.0
12657,1,32,159.0,59.0,8.0,93.0,39.8,39.0
12658,1,65,164.0,60.0,28.0,108.0,40.8,196.0
12659,1,50,177.0,68.0,26.0,109.0,41.1,175.0
12660,0,20,176.0,73.0,2.0,84.0,38.3,4.0
12661,0,43,186.0,91.0,3.0,82.0,38.5,10.0
12662,1,76,168.0,63.0,8.0,85.0,39.5,38.0
12663,0,77,167.0,72.0,8.0,83.0,39.7,37.0
12664,1,47,166.0,68.0,27.0,103.0,40.9,163.0
12665,1,35,168.0,62.0,4.0,74.0,38.9,11.0
12666,1,58,173.0,73.0,20.0,104.0,40.6,125.0
12667,0,71,201.0,102.0,19.0,99.0,40.3,140.0
12668,1,24,171.0,66.0,29.0,110.0,40.9,186.0
12669,0,69,178.0,79.0,7.0,84.0,39.3,32.0
12670,0,20,203.0,103.0,11.0,93.0,39.8,44.0
12671,0,25,186.0,87.0,8.0,95.0,39.3,34.0
12672,1,69,160.0,61.0,2.0,81.0,38.4,8.0
12673,0,20,198.0,102.0,10.0,89.0,39.5,34.0
12674,1,79,161.0,62.0,15.0,94.0,39.6,86.0
12675,1,67,159.0,62.0,13.0,94.0,40.2,72.0
12676,1,59,167.0,66.0,29.0,112.0,41.0,210.0
12677,1,66,173.0,68.0,19.0,101.0,40.2,117.0
12678,1,26,169.0,61.0,6.0,87.0,39.3,24.0
12679,0,41,193.0,98.0,5.0,85.0,39.3,19.0
12680,0,42,188.0,96.0,28.0,113.0,41.1,223.0
12681,1,35,174.0,68.0,25.0,105.0,40.7,151.0
12682,1,29,161.0,57.0,10.0,91.0,39.9,46.0
12683,1,30,168.0,68.0,13.0,97.0,39.7,66.0
12684,0,58,176.0,73.0,15.0,95.0,40.6,83.0
12685,0,40,182.0,81.0,30.0,103.0,41.4,181.0
12686,1,35,180.0,76.0,11.0,91.0,39.8,49.0
12687,0,32,178.0,78.0,16.0,96.0,40.2,73.0
12688,1,30,167.0,64.0,7.0,91.0,39.5,32.0
12689,0,41,164.0,68.0,13.0,92.0,39.9,54.0
12690,0,74,191.0,94.0,9.0,90.0,40.1,54.0
12691,0,26,197.0,99.0,30.0,118.0,41.1,240.0
12692,0,31,188.0,89.0,7.0,90.0,39.1,27.0
12693,0,64,181.0,82.0,26.0,94.0,40.9,152.0
12694,0,37,182.0,82.0,11.0,89.0,39.8,42.0
12695,0,59,185.0,96.0,29.0,113.0,40.9,255.0
12696,0,36,197.0,96.0,23.0,97.0,40.4,121.0
12697,1,33,172.0,68.0,12.0,93.0,40.3,57.0
12698,1,67,160.0,61.0,5.0,79.0,38.9,20.0
12699,0,32,188.0,93.0,10.0,95.0,39.7,47.0
12700,0,49,191.0,96.0,4.0,86.0,38.8,17.0
12701,1,34,156.0,56.0,12.0,89.0,40.1,54.0
12702,1,53,160.0,63.0,9.0,97.0,39.9,50.0
12703,0,79,190.0,95.0,20.0,101.0,40.6,158.0
12704,1,78,151.0,57.0,29.0,106.0,41.2,204.0
12705,1,52,161.0,61.0,20.0,97.0,40.2,111.0
12706,0,72,177.0,79.0,6.0,81.0,39.1,25.0
12707,0,27,185.0,85.0,9.0,86.0,39.6,26.0
12708,1,71,165.0,67.0,27.0,111.0,41.2,198.0
12709,1,29,168.0,62.0,6.0,89.0,39.8,26.0
12710,1,25,166.0,65.0,6.0,89.0,39.2,25.0
12711,1,73,160.0,59.0,9.0,87.0,39.7,44.0
12712,0,25,181.0,75.0,25.0,107.0,40.7,145.0
12713,0,24,178.0,83.0,30.0,117.0,41.1,223.0
12714,0,25,189.0,97.0,27.0,103.0,40.7,153.0
12715,0,22,183.0,84.0,29.0,102.0,40.5,148.0
12716,0,76,191.0,96.0,2.0,83.0,37.7,10.0
12717,1,42,178.0,75.0,30.0,110.0,40.8,198.0
12718,1,37,163.0,58.0,9.0,82.0,39.7,34.0
12719,0,47,182.0,89.0,30.0,113.0,41.1,242.0
12720,1,31,166.0,64.0,12.0,89.0,39.9,52.0
12721,1,34,160.0,57.0,5.0,84.0,39.4,20.0
12722,0,38,165.0,68.0,20.0,98.0,40.2,98.0
12723,0,31,184.0,83.0,2.0,83.0,37.9,5.0
12724,1,57,178.0,73.0,23.0,102.0,40.3,139.0
12725,0,79,175.0,80.0,12.0,94.0,40.1,79.0
12726,0,36,172.0,73.0,24.0,106.0,40.4,147.0
12727,0,79,185.0,88.0,26.0,104.0,40.7,214.0
12728,0,25,198.0,93.0,23.0,108.0,40.8,146.0
12729,0,38,179.0,84.0,23.0,102.0,40.8,135.0
12730,1,37,163.0,59.0,20.0,109.0,40.7,132.0
12731,0,27,185.0,80.0,1.0,80.0,37.9,2.0
12732,0,29,187.0,82.0,13.0,99.0,39.8,64.0
12733,0,23,187.0,84.0,16.0,97.0,40.4,70.0
12734,1,34,161.0,64.0,12.0,87.0,39.9,50.0
12735,0,45,197.0,96.0,29.0,106.0,40.8,205.0
12736,1,38,178.0,77.0,7.0,87.0,39.6,28.0
12737,1,35,152.0,52.0,5.0,83.0,38.8,20.0
12738,0,47,197.0,106.0,23.0,96.0,40.8,135.0
12739,0,48,191.0,91.0,9.0,83.0,39.1,33.0
12740,1,26,156.0,53.0,14.0,93.0,40.3,67.0
12741,0,26,169.0,73.0,10.0,85.0,39.8,25.0
12742,0,50,174.0,76.0,25.0,107.0,40.9,175.0
12743,0,23,180.0,78.0,17.0,110.0,40.8,106.0
12744,1,32,167.0,68.0,13.0,96.0,40.0,65.0
12745,0,79,190.0,95.0,17.0,91.0,40.4,109.0
12746,1,25,153.0,52.0,6.0,80.0,39.4,20.0
12747,1,61,162.0,67.0,10.0,88.0,39.8,47.0
12748,1,29,165.0,64.0,11.0,93.0,40.0,52.0
12749,1,32,173.0,68.0,10.0,87.0,39.9,41.0
12750,0,74,189.0,99.0,28.0,104.0,41.0,230.0
12751,0,27,179.0,84.0,15.0,96.0,40.2,66.0
12752,1,30,162.0,58.0,19.0,100.0,40.5,105.0
12753,0,55,206.0,108.0,27.0,101.0,40.7,190.0
12754,0,24,187.0,82.0,26.0,102.0,40.7,134.0
12755,1,68,181.0,81.0,25.0,113.0,40.5,182.0
12756,1,46,151.0,51.0,28.0,107.0,41.3,187.0
12757,0,23,183.0,88.0,11.0,89.0,39.9,36.0
12758,0,27,203.0,104.0,6.0,86.0,39.2,20.0
12759,1,57,158.0,58.0,12.0,93.0,40.2,63.0
12760,1,39,161.0,64.0,9.0,81.0,39.6,32.0
12761,0,28,192.0,92.0,7.0,92.0,39.5,28.0
12762,0,21,185.0,84.0,3.0,85.0,38.6,7.0
12763,1,56,174.0,69.0,9.0,91.0,39.7,44.0
12764,1,28,165.0,61.0,30.0,110.0,40.9,196.0
12765,0,73,213.0,113.0,12.0,103.0,39.9,100.0
12766,1,26,178.0,74.0,14.0,96.0,40.4,68.0
12767,0,44,190.0,97.0,19.0,104.0,40.1,128.0
12768,0,22,185.0,90.0,4.0,93.0,39.0,15.0
12769,1,34,153.0,51.0,28.0,107.0,40.8,181.0
12770,0,64,188.0,93.0,18.0,102.0,40.2,132.0
12771,1,71,159.0,59.0,23.0,103.0,40.6,151.0
12772,0,25,162.0,63.0,25.0,106.0,40.4,135.0
12773,0,47,173.0,71.0,27.0,102.0,40.5,162.0
12774,0,63,181.0,83.0,11.0,95.0,39.6,66.0
12775,1,47,165.0,67.0,6.0,80.0,39.1,22.0
12776,0,33,174.0,77.0,9.0,78.0,39.7,17.0
12777,1,61,154.0,57.0,16.0,102.0,40.1,101.0
12778,0,53,173.0,78.0,13.0,96.0,39.9,72.0
12779,0,23,184.0,79.0,22.0,107.0,40.7,127.0
12780,0,50,191.0,88.0,24.0,105.0,40.8,167.0
12781,1,75,154.0,58.0,29.0,99.0,41.2,181.0
12782,1,70,181.0,81.0,12.0,85.0,40.0,52.0
12783,1,71,159.0,64.0,11.0,85.0,39.7,50.0
12784,1,79,155.0,51.0,27.0,98.0,41.3,170.0
12785,1,55,176.0,76.0,19.0,102.0,40.4,113.0
12786,1,23,156.0,55.0,14.0,86.0,40.3,56.0
12787,1,32,188.0,77.0,17.0,88.0,40.7,69.0
12788,0,72,191.0,92.0,8.0,73.0,39.7,26.0
12789,1,20,157.0,49.0,24.0,111.0,40.1,160.0
12790,0,73,184.0,82.0,27.0,104.0,40.7,211.0
12791,1,27,168.0,66.0,16.0,91.0,40.5,71.0
12792,0,30,198.0,98.0,2.0,82.0,38.0,6.0
12793,0,76,199.0,106.0,2.0,80.0,38.1,10.0
12794,0,31,199.0,109.0,21.0,95.0,40.5,105.0
12795,0,50,196.0,97.0,20.0,92.0,40.4,104.0
12796,0,54,195.0,96.0,12.0,90.0,39.9,61.0
12797,1,36,157.0,60.0,11.0,89.0,40.2,49.0
12798,1,30,153.0,56.0,20.0,91.0,40.4,92.0
12799,1,22,158.0,58.0,8.0,89.0,39.7,34.0
12800,0,43,182.0,90.0,21.0,102.0,40.4,131.0
12801,1,70,156.0,59.0,28.0,105.0,40.6,190.0
12802,0,55,184.0,88.0,1.0,78.0,37.8,3.0
12803,0,42,166.0,65.0,26.0,109.0,41.2,174.0
12804,1,28,160.0,61.0,15.0,95.0,40.2,74.0
12805,0,72,176.0,78.0,6.0,91.0,39.0,34.0
12806,1,41,182.0,83.0,15.0,91.0,39.8,67.0
12807,0,77,189.0,88.0,21.0,104.0,40.6,171.0
12808,0,28,180.0,79.0,14.0,92.0,40.2,53.0
12809,0,40,169.0,70.0,22.0,101.0,40.5,121.0
12810,0,59,188.0,90.0,7.0,85.0,39.2,31.0
12811,1,55,178.0,70.0,29.0,101.0,40.6,172.0
12812,0,47,178.0,82.0,26.0,104.0,41.2,170.0
12813,0,64,169.0,79.0,27.0,96.0,40.5,165.0
12814,1,21,173.0,71.0,21.0,104.0,40.6,118.0
12815,0,35,180.0,79.0,29.0,115.0,40.7,219.0
12816,1,33,167.0,62.0,17.0,95.0,40.3,85.0
12817,0,32,176.0,79.0,3.0,85.0,38.7,9.0
12818,1,39,144.0,47.0,5.0,84.0,39.0,21.0
12819,1,38,152.0,52.0,27.0,109.0,40.8,182.0
12820,0,75,185.0,86.0,1.0,85.0,37.8,5.0
12821,1,71,172.0,74.0,28.0,103.0,40.7,178.0
12822,1,71,154.0,58.0,18.0,98.0,40.5,109.0
12823,0,47,166.0,67.0,9.0,93.0,39.8,41.0
12824,1,60,153.0,57.0,16.0,99.0,40.4,96.0
12825,0,67,186.0,93.0,12.0,93.0,39.7,73.0
12826,0,24,180.0,83.0,10.0,89.0,40.0,32.0
12827,0,21,195.0,98.0,13.0,85.0,40.1,36.0
12828,1,52,142.0,42.0,7.0,88.0,39.4,34.0
12829,0,58,186.0,90.0,20.0,103.0,40.6,142.0
12830,1,34,186.0,72.0,17.0,99.0,40.6,90.0
12831,0,28,183.0,88.0,4.0,86.0,39.3,12.0
12832,1,36,159.0,59.0,17.0,93.0,40.3,83.0
12833,0,24,195.0,92.0,10.0,93.0,39.8,40.0
12834,1,61,177.0,77.0,16.0,91.0,40.1,78.0
12835,1,51,164.0,60.0,24.0,101.0,40.4,144.0
12836,0,37,196.0,100.0,9.0,85.0,39.4,32.0
12837,0,56,178.0,80.0,25.0,109.0,40.6,192.0
12838,0,73,174.0,75.0,23.0,97.0,40.7,152.0
12839,0,24,181.0,86.0,9.0,75.0,39.8,10.0
12840,1,31,154.0,57.0,7.0,84.0,39.2,27.0
12841,0,26,199.0,99.0,17.0,105.0,39.9,103.0
12842,0,50,177.0,79.0,21.0,96.0,40.5,114.0
12843,1,23,161.0,67.0,26.0,95.0,40.8,124.0
12844,1,22,160.0,59.0,17.0,88.0,40.6,70.0
12845,0,65,182.0,84.0,29.0,115.0,40.9,264.0
12846,0,38,188.0,88.0,5.0,83.0,39.0,15.0
12847,0,25,181.0,80.0,11.0,96.0,40.0,47.0
12848,0,23,191.0,89.0,14.0,99.0,40.0,67.0
12849,1,21,177.0,70.0,27.0,105.0,40.8,155.0
12850,0,47,172.0,72.0,23.0,103.0,40.5,142.0
12851,0,42,195.0,102.0,30.0,107.0,40.9,216.0
12852,1,78,165.0,65.0,28.0,105.0,40.8,191.0
12853,0,52,173.0,73.0,25.0,107.0,41.0,176.0
12854,0,27,191.0,92.0,30.0,112.0,40.9,210.0
12855,1,26,185.0,76.0,23.0,97.0,40.7,113.0
12856,1,61,162.0,63.0,14.0,96.0,40.2,78.0
12857,1,28,151.0,56.0,6.0,82.0,39.2,22.0
12858,0,51,180.0,84.0,24.0,98.0,40.7,141.0
12859,1,31,159.0,56.0,25.0,104.0,40.5,150.0
12860,0,63,203.0,115.0,14.0,106.0,40.0,117.0
12861,0,35,192.0,98.0,5.0,79.0,39.4,13.0
12862,1,50,165.0,61.0,12.0,91.0,40.4,59.0
12863,1,21,151.0,49.0,14.0,101.0,40.3,79.0
12864,0,69,186.0,86.0,8.0,89.0,39.8,43.0
12865,1,33,150.0,53.0,19.0,106.0,40.4,120.0
12866,0,21,180.0,75.0,27.0,109.0,40.9,159.0
12867,0,20,190.0,88.0,13.0,84.0,40.3,31.0
12868,0,54,164.0,73.0,8.0,94.0,39.4,41.0
12869,0,21,193.0,89.0,14.0,96.0,39.7,59.0
12870,0,30,186.0,89.0,14.0,86.0,39.7,44.0
12871,0,34,186.0,87.0,17.0,95.0,40.3,79.0
12872,0,20,193.0,89.0,20.0,94.0,40.1,78.0
12873,0,24,168.0,73.0,9.0,91.0,40.3,30.0
12874,0,33,194.0,98.0,9.0,93.0,39.6,41.0
12875,1,70,181.0,84.0,8.0,96.0,39.4,44.0
12876,0,72,184.0,86.0,25.0,98.0,40.6,173.0
12877,0,33,188.0,92.0,19.0,98.0,40.4,99.0
12878,1,28,154.0,59.0,14.0,92.0,40.5,65.0
12879,0,27,184.0,84.0,21.0,99.0,40.6,102.0
12880,0,24,193.0,89.0,27.0,108.0,40.7,167.0
12881,1,49,165.0,68.0,3.0,82.0,38.8,11.0
12882,0,29,184.0,90.0,27.0,105.0,40.6,162.0
12883,1,30,176.0,75.0,12.0,85.0,39.7,45.0
12884,1,61,155.0,56.0,23.0,106.0,40.4,156.0
12885,1,29,171.0,69.0,4.0,81.0,39.3,13.0
12886,1,37,164.0,61.0,22.0,98.0,40.5,119.0
12887,0,20,190.0,93.0,12.0,94.0,39.9,48.0
12888,0,33,198.0,104.0,26.0,103.0,40.9,161.0
12889,1,39,144.0,53.0,19.0,91.0,40.7,91.0
12890,0,20,180.0,82.0,11.0,92.0,40.1,38.0
12891,0,51,186.0,85.0,23.0,100.0,40.6,143.0
12892,0,31,183.0,87.0,25.0,104.0,40.4,147.0
12893,0,27,179.0,72.0,22.0,104.0,41.0,118.0
12894,1,34,152.0,51.0,18.0,98.0,40.3,99.0
12895,1,21,168.0,65.0,22.0,107.0,40.6,133.0
12896,1,29,172.0,71.0,4.0,86.0,38.8,15.0
12897,0,52,170.0,76.0,16.0,100.0,40.5,97.0
12898,1,51,175.0,75.0,25.0,105.0,40.8,155.0
12899,0,29,187.0,92.0,13.0,95.0,40.0,59.0
12900,1,23,169.0,67.0,21.0,94.0,40.4,98.0
12901,1,28,183.0,78.0,17.0,107.0,40.1,102.0
12902,1,25,174.0,72.0,9.0,93.0,39.6,41.0
12903,0,67,176.0,78.0,24.0,101.0,40.9,167.0
12904,0,33,190.0,93.0,20.0,99.0,40.4,107.0
12905,1,33,156.0,60.0,14.0,88.0,40.2,60.0
12906,1,29,186.0,80.0,5.0,90.0,39.1,21.0
12907,1,34,180.0,79.0,16.0,92.0,40.1,72.0
12908,1,27,162.0,56.0,24.0,104.0,40.4,143.0
12909,1,72,182.0,81.0,18.0,95.0,40.4,98.0
12910,1,49,154.0,52.0,5.0,82.0,38.9,20.0
12911,1,40,169.0,70.0,18.0,97.0,40.5,94.0
12912,1,29,159.0,57.0,26.0,116.0,40.9,189.0
12913,1,59,175.0,73.0,10.0,86.0,39.9,44.0
12914,0,37,177.0,77.0,21.0,98.0,40.4,106.0
12915,0,43,184.0,88.0,4.0,89.0,39.2,17.0
12916,1,43,158.0,63.0,8.0,90.0,39.7,37.0
12917,0,54,189.0,90.0,24.0,103.0,40.2,166.0
12918,1,71,155.0,60.0,17.0,91.0,40.1,90.0
12919,0,37,184.0,82.0,12.0,90.0,39.8,47.0
12920,0,54,195.0,92.0,27.0,106.0,41.0,200.0
12921,1,75,173.0,69.0,15.0,92.0,40.0,80.0
12922,0,58,191.0,97.0,16.0,80.0,40.3,61.0
12923,0,53,174.0,82.0,29.0,112.0,40.9,233.0
12924,1,50,157.0,60.0,6.0,91.0,39.4,29.0
12925,1,20,180.0,74.0,13.0,94.0,40.1,59.0
12926,1,58,151.0,52.0,28.0,109.0,41.0,198.0
12927,0,56,178.0,81.0,13.0,101.0,39.7,85.0
12928,0,27,193.0,92.0,25.0,111.0,40.6,171.0
12929,0,39,187.0,90.0,13.0,105.0,39.9,84.0
12930,1,41,167.0,65.0,26.0,107.0,40.8,166.0
12931,0,42,179.0,84.0,27.0,108.0,41.0,188.0
12932,1,48,142.0,48.0,11.0,95.0,40.1,60.0
12933,0,73,194.0,100.0,17.0,96.0,40.2,119.0
12934,1,35,167.0,67.0,4.0,86.0,39.4,16.0
12935,0,20,184.0,87.0,23.0,109.0,40.3,141.0
12936,0,31,182.0,89.0,18.0,103.0,40.1,104.0
12937,1,25,162.0,56.0,2.0,82.0,38.0,7.0
12938,1,28,163.0,60.0,29.0,96.0,41.0,147.0
12939,0,66,199.0,100.0,17.0,98.0,40.5,118.0
12940,0,45,193.0,96.0,20.0,102.0,40.5,129.0
12941,0,32,182.0,87.0,20.0,98.0,40.7,101.0
12942,1,76,171.0,66.0,6.0,98.0,39.3,36.0
12943,1,44,163.0,62.0,11.0,95.0,39.8,57.0
12944,1,47,179.0,75.0,25.0,110.0,40.7,167.0
12945,1,24,171.0,68.0,26.0,108.0,40.7,160.0
12946,0,31,175.0,76.0,16.0,89.0,40.2,54.0
12947,0,20,176.0,76.0,4.0,89.0,39.0,11.0
12948,0,60,190.0,91.0,25.0,102.0,40.8,177.0
12949,0,45,182.0,89.0,19.0,99.0,40.8,111.0
12950,1,73,171.0,72.0,24.0,108.0,40.7,167.0
12951,1,38,177.0,77.0,14.0,83.0,40.1,51.0
12952,0,25,191.0,94.0,16.0,95.0,40.3,70.0
12953,0,52,183.0,84.0,30.0,112.0,41.0,241.0
12954,0,43,176.0,76.0,14.0,88.0,40.2,53.0
12955,1,23,162.0,61.0,24.0,102.0,40.5,134.0
12956,1,24,150.0,46.0,20.0,105.0,40.8,123.0
12957,0,41,189.0,89.0,6.0,90.0,39.6,26.0
12958,1,37,166.0,61.0,23.0,100.0,40.3,129.0
12959,0,43,184.0,87.0,23.0,106.0,40.6,156.0
12960,1,74,163.0,64.0,5.0,82.0,38.8,22.0
12961,1,67,171.0,69.0,12.0,86.0,40.2,55.0
12962,0,67,186.0,90.0,5.0,93.0,39.4,30.0
12963,0,26,192.0,84.0,5.0,78.0,38.9,8.0
12964,0,37,185.0,84.0,26.0,105.0,40.5,163.0
12965,1,56,153.0,53.0,6.0,80.0,39.2,24.0
12966,1,35,161.0,62.0,10.0,101.0,39.9,57.0
12967,0,35,174.0,73.0,30.0,114.0,40.9,219.0
12968,0,39,187.0,93.0,5.0,82.0,39.1,15.0
12969,1,33,156.0,56.0,6.0,89.0,39.4,27.0
12970,1,27,170.0,66.0,24.0,103.0,40.8,137.0
12971,0,21,181.0,79.0,11.0,88.0,39.9,31.0
12972,0,30,176.0,73.0,9.0,89.0,39.4,29.0
12973,0,29,188.0,94.0,21.0,109.0,40.5,141.0
12974,1,46,155.0,56.0,2.0,72.0,38.4,6.0
12975,1,45,158.0,56.0,11.0,87.0,39.7,49.0
12976,1,30,161.0,61.0,26.0,116.0,40.8,188.0
12977,0,78,203.0,110.0,24.0,110.0,40.8,229.0
12978,1,31,154.0,48.0,12.0,96.0,40.1,63.0
12979,0,61,185.0,86.0,23.0,90.0,40.6,120.0
12980,0,20,184.0,78.0,18.0,87.0,40.1,47.0
12981,1,53,168.0,66.0,11.0,86.0,40.0,48.0
12982,0,20,184.0,84.0,1.0,76.0,37.8,1.0
12983,1,50,179.0,76.0,20.0,99.0,40.2,111.0
12984,0,29,186.0,87.0,20.0,98.0,40.7,98.0
12985,1,75,165.0,69.0,25.0,104.0,40.8,165.0
12986,0,69,183.0,84.0,29.0,112.0,40.7,257.0
12987,0,42,198.0,101.0,20.0,100.0,40.3,122.0
12988,1,78,184.0,85.0,27.0,109.0,40.6,189.0
12989,0,72,183.0,83.0,15.0,97.0,40.3,101.0
12990,1,74,160.0,66.0,29.0,110.0,40.8,211.0
12991,1,41,164.0,63.0,11.0,87.0,40.2,47.0
12992,0,21,183.0,82.0,30.0,113.0,41.0,200.0
12993,0,43,180.0,80.0,2.0,74.0,38.7,4.0
12994,0,50,196.0,101.0,5.0,86.0,39.3,22.0
12995,1,32,158.0,57.0,23.0,101.0,40.6,131.0
12996,1,70,170.0,66.0,15.0,100.0,40.3,92.0
12997,0,24,207.0,104.0,12.0,86.0,39.9,38.0
12998,1,58,173.0,77.0,26.0,103.0,40.6,159.0
12999,0,77,174.0,78.0,8.0,88.0,39.8,44.0
13000,1,46,166.0,64.0,28.0,99.0,40.7,158.0
13001,0,25,174.0,77.0,8.0,100.0,39.1,38.0
13002,1,55,158.0,60.0,4.0,94.0,38.4,21.0
13003,1,46,152.0,55.0,14.0,90.0,40.2,67.0
13004,0,55,192.0,98.0,28.0,111.0,41.1,233.0
13005,0,42,188.0,89.0,16.0,96.0,40.2,84.0
13006,1,73,190.0,91.0,18.0,103.0,40.1,111.0
13007,0,29,167.0,69.0,24.0,110.0,41.0,151.0
13008,0,21,168.0,67.0,11.0,92.0,40.1,35.0
13009,1,20,169.0,65.0,29.0,98.0,40.9,147.0
13010,1,38,156.0,61.0,23.0,100.0,40.4,130.0
13011,0,40,201.0,98.0,21.0,108.0,40.7,150.0
13012,1,23,176.0,72.0,17.0,88.0,40.1,67.0
13013,1,79,160.0,59.0,26.0,111.0,40.5,197.0
13014,0,40,191.0,94.0,9.0,83.0,39.7,30.0
13015,0,44,197.0,98.0,20.0,100.0,40.5,123.0
13016,1,23,179.0,76.0,13.0,99.0,39.9,66.0
13017,1,67,177.0,74.0,30.0,105.0,41.0,195.0
13018,0,26,190.0,96.0,2.0,79.0,38.1,4.0
13019,1,41,188.0,79.0,25.0,102.0,40.4,142.0
13020,1,41,173.0,73.0,27.0,103.0,40.7,158.0
13021,0,61,209.0,117.0,28.0,110.0,40.7,249.0
13022,0,26,203.0,100.0,4.0,81.0,38.9,10.0
13023,1,28,173.0,71.0,1.0,83.0,37.7,4.0
13024,1,50,164.0,63.0,9.0,90.0,39.5,43.0
13025,0,20,185.0,82.0,15.0,102.0,40.2,74.0
13026,1,39,164.0,69.0,20.0,94.0,40.6,98.0
13027,1,20,153.0,56.0,18.0,95.0,40.4,88.0
13028,1,59,155.0,59.0,26.0,105.0,40.8,171.0
13029,1,23,163.0,65.0,22.0,103.0,40.5,124.0
13030,1,54,145.0,49.0,17.0,98.0,40.5,100.0
13031,0,59,188.0,98.0,13.0,96.0,40.4,81.0
13032,1,28,157.0,53.0,3.0,81.0,38.5,11.0
13033,0,69,188.0,98.0,24.0,112.0,40.7,220.0
13034,1,62,156.0,57.0,6.0,91.0,39.6,31.0
13035,0,21,179.0,78.0,20.0,102.0,40.4,98.0
13036,1,35,164.0,59.0,10.0,88.0,40.0,43.0
13037,0,26,194.0,91.0,7.0,87.0,39.5,22.0
13038,1,62,156.0,55.0,7.0,87.0,39.5,33.0
13039,1,55,160.0,62.0,18.0,107.0,40.3,120.0
13040,1,37,163.0,60.0,17.0,91.0,40.7,80.0
13041,1,64,159.0,58.0,9.0,81.0,39.7,37.0
13042,0,49,187.0,88.0,23.0,94.0,41.0,121.0
13043,0,67,187.0,87.0,9.0,87.0,39.5,46.0
13044,0,41,198.0,101.0,3.0,75.0,38.7,7.0
13045,0,20,175.0,74.0,27.0,108.0,41.2,153.0
13046,0,70,186.0,87.0,20.0,93.0,40.7,122.0
13047,1,50,159.0,55.0,12.0,85.0,39.9,52.0
13048,1,77,182.0,84.0,4.0,88.0,38.7,19.0
13049,0,46,170.0,72.0,16.0,94.0,40.1,76.0
13050,0,21,188.0,93.0,14.0,91.0,40.3,50.0
13051,1,22,160.0,59.0,3.0,90.0,38.8,13.0
13052,1,69,160.0,60.0,24.0,104.0,40.9,159.0
13053,0,78,193.0,97.0,2.0,84.0,38.3,11.0
13054,1,34,152.0,51.0,13.0,93.0,39.9,65.0
13055,1,21,155.0,58.0,24.0,106.0,40.7,145.0
13056,0,73,185.0,87.0,26.0,99.0,40.6,186.0
13057,1,28,176.0,69.0,13.0,99.0,40.0,68.0
13058,0,58,183.0,92.0,29.0,108.0,40.9,229.0
13059,1,55,169.0,71.0,9.0,91.0,39.7,44.0
13060,0,35,175.0,80.0,26.0,106.0,40.7,162.0
13061,0,22,162.0,63.0,30.0,107.0,40.9,162.0
13062,1,49,157.0,57.0,6.0,87.0,39.1,27.0
13063,1,23,165.0,66.0,11.0,96.0,40.0,54.0
13064,0,69,177.0,86.0,14.0,97.0,40.0,93.0
13065,0,33,177.0,78.0,10.0,92.0,39.9,40.0
13066,0,20,174.0,74.0,21.0,103.0,40.7,103.0
13067,0,47,184.0,90.0,11.0,91.0,39.6,52.0
13068,0,41,196.0,91.0,17.0,100.0,40.4,99.0
13069,0,60,193.0,97.0,30.0,105.0,40.8,230.0
13070,1,38,162.0,60.0,19.0,96.0,40.5,99.0
13071,1,33,177.0,75.0,29.0,113.0,40.7,196.0
13072,1,20,177.0,72.0,7.0,87.0,39.3,27.0
13073,1,64,153.0,52.0,7.0,91.0,39.2,37.0
13074,1,75,139.0,44.0,11.0,86.0,39.9,55.0
13075,0,50,184.0,90.0,28.0,107.0,40.9,205.0
13076,0,57,189.0,92.0,19.0,98.0,40.9,121.0
13077,1,35,170.0,66.0,15.0,89.0,40.2,65.0
13078,0,74,180.0,88.0,22.0,101.0,40.4,166.0
13079,1,56,180.0,79.0,4.0,74.0,39.0,12.0
13080,0,28,181.0,82.0,2.0,88.0,37.8,6.0
13081,0,27,193.0,92.0,21.0,97.0,40.6,100.0
13082,0,50,195.0,94.0,29.0,104.0,40.9,202.0
13083,0,65,174.0,81.0,21.0,103.0,40.6,152.0
13084,0,62,184.0,88.0,24.0,106.0,40.6,185.0
13085,0,52,192.0,99.0,7.0,88.0,39.6,33.0
13086,0,23,165.0,70.0,4.0,76.0,38.9,4.0
13087,0,45,184.0,89.0,6.0,88.0,39.1,25.0
13088,0,35,170.0,73.0,5.0,87.0,39.3,16.0
13089,1,36,177.0,74.0,16.0,94.0,39.9,77.0
13090,0,59,187.0,93.0,6.0,85.0,39.3,27.0
13091,1,21,166.0,62.0,26.0,108.0,40.9,161.0
13092,0,40,183.0,84.0,18.0,101.0,40.3,104.0
13093,1,39,160.0,63.0,7.0,87.0,39.5,30.0
13094,1,57,175.0,74.0,15.0,94.0,40.4,77.0
13095,1,76,155.0,61.0,14.0,85.0,40.3,66.0
13096,0,68,186.0,88.0,1.0,87.0,37.8,5.0
13097,0,27,205.0,109.0,26.0,103.0,41.0,156.0
13098,1,35,170.0,66.0,8.0,99.0,39.8,43.0
13099,1,37,148.0,54.0,13.0,93.0,39.7,65.0
13100,0,52,185.0,96.0,29.0,108.0,40.8,223.0
13101,1,42,170.0,75.0,14.0,98.0,40.3,74.0
13102,1,27,157.0,59.0,2.0,81.0,38.3,7.0
13103,1,44,173.0,75.0,27.0,115.0,40.7,193.0
13104,1,30,159.0,53.0,10.0,95.0,39.7,51.0
13105,0,28,181.0,79.0,22.0,105.0,40.6,126.0
13106,1,52,178.0,74.0,22.0,98.0,40.4,121.0
13107,0,68,170.0,74.0,14.0,90.0,39.9,74.0
13108,1,37,160.0,59.0,9.0,95.0,39.9,46.0
13109,0,30,199.0,99.0,16.0,103.0,40.3,95.0
13110,1,72,148.0,53.0,14.0,86.0,40.0,68.0
13111,0,49,196.0,94.0,24.0,98.0,41.1,144.0
13112,0,64,186.0,90.0,21.0,108.0,40.2,171.0
13113,0,23,174.0,74.0,13.0,94.0,40.4,48.0
13114,0,58,172.0,77.0,6.0,80.0,39.3,20.0
13115,1,39,156.0,59.0,26.0,104.0,40.7,159.0
13116,0,77,176.0,85.0,24.0,101.0,40.7,183.0
13117,0,38,201.0,101.0,8.0,87.0,39.7,32.0
13118,1,30,159.0,56.0,15.0,105.0,40.5,92.0
13119,1,76,179.0,81.0,28.0,115.0,40.6,214.0
13120,0,61,180.0,90.0,4.0,85.0,39.2,18.0
13121,1,24,162.0,58.0,27.0,114.0,40.8,187.0
13122,1,31,167.0,65.0,19.0,99.0,40.3,102.0
13123,0,25,157.0,67.0,30.0,109.0,40.8,178.0
13124,1,28,158.0,60.0,24.0,105.0,40.6,144.0
13125,0,48,180.0,86.0,11.0,91.0,40.0,52.0
13126,1,55,160.0,62.0,19.0,95.0,40.7,103.0
13127,1,27,158.0,57.0,27.0,110.0,40.6,178.0
13128,0,45,177.0,79.0,24.0,104.0,40.5,153.0
13129,0,70,177.0,84.0,20.0,104.0,40.6,154.0
13130,0,23,186.0,93.0,19.0,108.0,40.2,118.0
13131,1,34,159.0,60.0,17.0,98.0,40.1,91.0
13132,1,79,190.0,88.0,8.0,96.0,39.1,45.0
13133,1,38,166.0,61.0,28.0,115.0,40.8,203.0
13134,0,67,189.0,94.0,23.0,100.0,40.8,165.0
13135,0,31,188.0,86.0,10.0,94.0,39.4,44.0
13136,0,40,191.0,88.0,18.0,101.0,40.3,106.0
13137,1,48,159.0,59.0,5.0,87.0,39.3,22.0
13138,0,33,187.0,83.0,2.0,82.0,38.2,5.0
13139,1,47,169.0,67.0,26.0,108.0,40.8,171.0
13140,0,61,177.0,79.0,4.0,86.0,38.8,18.0
13141,1,27,157.0,53.0,10.0,92.0,40.0,47.0
13142,0,38,189.0,91.0,11.0,100.0,40.2,63.0
13143,0,77,181.0,85.0,7.0,85.0,39.5,36.0
13144,0,65,179.0,77.0,8.0,92.0,39.5,44.0
13145,1,30,126.0,39.0,25.0,104.0,40.7,156.0
13146,0,29,180.0,82.0,10.0,85.0,39.9,28.0
13147,0,25,186.0,90.0,1.0,84.0,37.9,3.0
13148,0,29,184.0,86.0,3.0,78.0,38.7,6.0
13149,0,25,174.0,73.0,15.0,105.0,40.2,82.0
13150,1,52,152.0,58.0,13.0,98.0,40.4,74.0
13151,0,78,172.0,74.0,28.0,103.0,41.0,216.0
13152,0,70,177.0,77.0,9.0,89.0,39.6,48.0
13153,1,31,156.0,57.0,26.0,104.0,40.6,156.0
13154,1,62,167.0,65.0,22.0,103.0,40.2,139.0
13155,1,25,155.0,56.0,16.0,95.0,40.9,79.0
13156,1,27,159.0,59.0,14.0,88.0,39.9,59.0
13157,1,42,172.0,67.0,4.0,87.0,38.9,17.0
13158,0,39,185.0,86.0,27.0,107.0,40.6,181.0
13159,0,79,193.0,103.0,17.0,99.0,40.4,132.0
13160,0,32,167.0,66.0,5.0,83.0,39.3,12.0
13161,1,26,169.0,70.0,19.0,99.0,40.6,99.0
13162,0,42,176.0,84.0,26.0,112.0,40.8,197.0
13163,1,25,156.0,51.0,22.0,99.0,40.7,120.0
13164,1,46,184.0,82.0,24.0,105.0,40.9,145.0
13165,0,31,165.0,69.0,19.0,99.0,40.6,90.0
13166,1,26,179.0,76.0,21.0,105.0,40.6,121.0
13167,0,70,188.0,86.0,3.0,89.0,38.4,16.0
13168,1,79,153.0,59.0,16.0,94.0,40.5,92.0
13169,1,28,139.0,42.0,9.0,93.0,40.0,45.0
13170,1,32,152.0,53.0,28.0,100.0,40.9,158.0
13171,0,44,181.0,84.0,30.0,114.0,40.9,239.0
13172,0,68,186.0,88.0,4.0,87.0,39.1,21.0
13173,1,33,173.0,63.0,3.0,82.0,38.7,11.0
13174,0,73,192.0,102.0,19.0,97.0,40.4,136.0
13175,0,62,182.0,84.0,21.0,106.0,40.5,160.0
13176,0,24,169.0,73.0,26.0,118.0,40.6,191.0
13177,1,79,183.0,78.0,10.0,103.0,39.7,65.0
13178,1,56,159.0,60.0,5.0,91.0,38.7,25.0
13179,1,44,160.0,64.0,23.0,105.0,41.0,144.0
13180,0,36,199.0,98.0,12.0,94.0,40.0,58.0
13181,1,52,169.0,70.0,14.0,99.0,40.4,79.0
13182,0,51,181.0,85.0,30.0,101.0,40.6,191.0
13183,1,41,174.0,71.0,23.0,111.0,40.6,155.0
13184,0,73,190.0,93.0,7.0,98.0,39.5,50.0
13185,1,24,149.0,47.0,20.0,98.0,40.4,108.0
13186,0,22,191.0,94.0,25.0,118.0,40.8,193.0
13187,1,59,182.0,84.0,17.0,92.0,40.3,82.0
13188,1,67,154.0,58.0,9.0,92.0,39.9,48.0
13189,0,38,200.0,99.0,16.0,100.0,40.2,94.0
13190,1,73,153.0,53.0,28.0,119.0,40.8,235.0
13191,1,41,177.0,70.0,27.0,116.0,40.6,197.0
13192,0,48,196.0,101.0,16.0,97.0,40.2,95.0
13193,0,38,178.0,77.0,9.0,88.0,39.3,32.0
13194,0,27,176.0,78.0,9.0,86.0,39.6,25.0
13195,1,26,144.0,44.0,15.0,88.0,40.2,66.0
13196,0,26,175.0,74.0,22.0,97.0,40.8,95.0
13197,1,49,164.0,64.0,19.0,105.0,40.4,120.0
13198,1,35,179.0,74.0,26.0,116.0,40.7,185.0
13199,1,21,153.0,55.0,17.0,89.0,40.3,72.0
13200,1,49,166.0,63.0,25.0,108.0,40.3,167.0
13201,0,42,212.0,112.0,12.0,93.0,40.0,64.0
13202,1,29,171.0,64.0,29.0,114.0,40.8,201.0
13203,0,30,179.0,77.0,26.0,108.0,40.6,162.0
13204,0,55,188.0,91.0,7.0,82.0,39.6,27.0
13205,1,52,165.0,68.0,12.0,91.0,40.2,58.0
13206,0,53,170.0,78.0,16.0,94.0,40.7,84.0
13207,0,61,194.0,91.0,19.0,108.0,40.1,152.0
13208,0,75,186.0,84.0,29.0,107.0,41.1,243.0
13209,0,20,176.0,74.0,15.0,100.0,40.3,67.0
13210,1,35,174.0,68.0,10.0,90.0,39.7,44.0
13211,1,42,181.0,77.0,23.0,102.0,40.7,131.0
13212,0,62,196.0,93.0,17.0,97.0,40.6,110.0
13213,0,53,186.0,86.0,5.0,87.0,38.8,22.0
13214,0,34,184.0,88.0,5.0,82.0,39.1,14.0
13215,0,30,194.0,93.0,18.0,96.0,40.5,86.0
13216,0,23,191.0,88.0,10.0,91.0,39.7,36.0
13217,1,35,168.0,63.0,24.0,108.0,41.0,154.0
13218,0,45,189.0,89.0,3.0,91.0,38.3,14.0
13219,0,48,193.0,96.0,21.0,102.0,40.4,139.0
13220,0,50,190.0,93.0,18.0,90.0,40.3,87.0
13221,0,47,167.0,74.0,18.0,103.0,40.0,112.0
13222,1,78,169.0,64.0,12.0,88.0,40.1,60.0
13223,1,30,159.0,56.0,13.0,98.0,40.0,70.0
13224,1,58,159.0,52.0,16.0,96.0,40.5,91.0
13225,0,59,176.0,80.0,7.0,89.0,39.4,34.0
13226,1,52,159.0,59.0,11.0,92.0,39.9,56.0
13227,0,26,178.0,82.0,28.0,122.0,41.0,231.0
13228,0,52,201.0,107.0,4.0,76.0,38.7,12.0
13229,1,32,177.0,76.0,26.0,106.0,40.6,155.0
13230,1,56,170.0,76.0,7.0,87.0,39.3,31.0
13231,1,45,163.0,61.0,5.0,83.0,39.1,20.0
13232,1,42,157.0,56.0,18.0,95.0,40.5,95.0
13233,0,34,182.0,81.0,4.0,72.0,38.5,4.0
13234,0,38,188.0,89.0,4.0,82.0,39.0,12.0
13235,0,54,199.0,98.0,7.0,88.0,39.6,34.0
13236,1,29,148.0,46.0,18.0,91.0,40.3,85.0
13237,0,29,187.0,94.0,2.0,86.0,37.7,6.0
13238,0,39,189.0,92.0,19.0,105.0,40.1,124.0
13239,1,24,161.0,57.0,12.0,96.0,40.1,60.0
13240,1,42,163.0,66.0,8.0,87.0,39.5,34.0
13241,0,40,176.0,77.0,6.0,92.0,39.2,26.0
13242,1,56,154.0,55.0,17.0,94.0,40.2,92.0
13243,0,24,193.0,92.0,28.0,110.0,41.0,184.0
13244,1,67,147.0,49.0,7.0,86.0,39.5,34.0
13245,1,57,159.0,61.0,2.0,87.0,38.5,9.0
13246,1,29,156.0,51.0,12.0,95.0,39.6,61.0
13247,1,28,163.0,63.0,23.0,106.0,40.7,140.0
13248,1,26,162.0,59.0,15.0,92.0,40.4,69.0
13249,1,20,164.0,61.0,18.0,94.0,40.6,84.0
13250,0,38,171.0,74.0,22.0,105.0,40.3,134.0
13251,0,57,189.0,89.0,13.0,95.0,40.1,76.0
13252,1,32,172.0,70.0,9.0,89.0,39.7,38.0
13253,1,28,157.0,59.0,10.0,96.0,39.8,51.0
13254,0,75,185.0,88.0,20.0,96.0,40.3,136.0
13255,0,51,217.0,118.0,4.0,85.0,39.1,19.0
13256,0,28,180.0,84.0,25.0,110.0,40.6,165.0
13257,1,40,146.0,49.0,3.0,83.0,38.8,12.0
13258,1,61,165.0,67.0,29.0,104.0,41.1,186.0
13259,0,21,180.0,85.0,14.0,86.0,40.3,37.0
13260,1,35,182.0,70.0,2.0,83.0,38.4,7.0
13261,1,40,147.0,50.0,23.0,107.0,40.8,151.0
13262,1,42,161.0,64.0,11.0,98.0,39.9,60.0
13263,0,41,179.0,80.0,26.0,106.0,40.6,170.0
13264,1,21,167.0,67.0,23.0,111.0,40.7,148.0
13265,0,53,186.0,91.0,12.0,88.0,40.0,55.0
13266,1,65,176.0,75.0,28.0,111.0,40.6,199.0
13267,1,38,157.0,61.0,4.0,87.0,38.4,17.0
13268,1,45,158.0,57.0,24.0,110.0,40.5,165.0
13269,0,61,199.0,107.0,20.0,99.0,40.8,140.0
13270,1,27,146.0,50.0,6.0,83.0,39.2,23.0
13271,1,20,157.0,49.0,25.0,106.0,40.6,153.0
13272,1,43,153.0,55.0,14.0,98.0,40.1,78.0
13273,1,25,150.0,51.0,26.0,104.0,40.7,156.0
13274,0,49,192.0,93.0,27.0,100.0,40.7,170.0
13275,1,39,172.0,66.0,25.0,106.0,40.6,156.0
13276,1,61,185.0,79.0,28.0,109.0,40.5,190.0
13277,0,59,181.0,86.0,14.0,94.0,39.9,80.0
13278,0,65,191.0,87.0,23.0,103.0,40.9,170.0
13279,0,39,208.0,105.0,6.0,86.0,39.2,24.0
13280,1,50,174.0,65.0,18.0,100.0,40.1,104.0
13281,1,33,153.0,53.0,26.0,111.0,40.3,178.0
13282,0,21,197.0,94.0,3.0,80.0,38.8,6.0
13283,0,39,184.0,86.0,3.0,85.0,38.3,10.0
13284,1,78,179.0,80.0,21.0,100.0,40.8,128.0
13285,1,46,168.0,62.0,18.0,95.0,40.5,94.0
13286,1,44,172.0,75.0,14.0,101.0,40.0,79.0
13287,0,27,190.0,90.0,28.0,106.0,40.4,170.0
13288,1,38,153.0,59.0,14.0,99.0,40.4,78.0
13289,0,79,200.0,108.0,26.0,97.0,40.9,198.0
13290,0,31,195.0,92.0,17.0,98.0,40.2,87.0
13291,0,44,202.0,101.0,2.0,79.0,38.2,6.0
13292,0,52,177.0,85.0,5.0,79.0,39.2,15.0
13293,0,39,201.0,99.0,20.0,100.0,40.4,119.0
13294,1,43,164.0,61.0,2.0,81.0,37.8,7.0
13295,0,34,194.0,96.0,19.0,101.0,40.5,110.0
13296,0,76,175.0,77.0,18.0,98.0,40.4,125.0
13297,0,63,186.0,87.0,18.0,92.0,40.1,101.0
13298,0,54,166.0,76.0,2.0,83.0,38.3,7.0
13299,1,22,176.0,71.0,12.0,90.0,40.0,50.0
13300,1,29,178.0,76.0,26.0,100.0,40.8,137.0
13301,1,38,154.0,57.0,20.0,95.0,40.8,103.0
13302,1,74,171.0,68.0,14.0,95.0,40.3,79.0
13303,1,32,168.0,64.0,18.0,96.0,40.5,91.0
13304,0,54,167.0,66.0,2.0,84.0,38.1,7.0
13305,1,70,160.0,66.0,23.0,105.0,40.4,154.0
13306,0,33,196.0,101.0,12.0,92.0,39.9,54.0
13307,1,38,165.0,62.0,27.0,104.0,40.5,164.0
13308,1,29,161.0,59.0,9.0,91.0,39.7,41.0
13309,1,44,186.0,81.0,22.0,101.0,40.8,123.0
13310,1,39,166.0,63.0,17.0,102.0,40.2,99.0
13311,1,26,175.0,66.0,4.0,80.0,39.1,13.0
13312,0,22,185.0,85.0,24.0,107.0,40.4,141.0
13313,0,21,183.0,81.0,5.0,87.0,38.7,14.0
13314,0,24,182.0,86.0,13.0,91.0,40.0,46.0
13315,1,35,182.0,77.0,17.0,93.0,40.0,79.0
13316,0,30,185.0,82.0,6.0,90.0,39.1,22.0
13317,1,78,159.0,59.0,8.0,88.0,39.8,41.0
13318,1,75,178.0,77.0,14.0,92.0,40.3,73.0
13319,0,30,182.0,81.0,28.0,113.0,40.7,198.0
13320,0,29,179.0,77.0,16.0,106.0,40.3,94.0
13321,0,31,189.0,93.0,5.0,82.0,39.1,13.0
13322,1,26,165.0,62.0,23.0,92.0,41.0,105.0
13323,0,36,195.0,94.0,11.0,89.0,39.5,44.0
13324,1,40,153.0,58.0,15.0,97.0,40.1,81.0
13325,0,64,184.0,85.0,3.0,84.0,38.6,13.0
13326,1,55,164.0,59.0,10.0,86.0,39.9,45.0
13327,1,27,164.0,59.0,4.0,86.0,39.1,16.0
13328,1,56,176.0,76.0,19.0,100.0,40.6,109.0
13329,0,56,169.0,75.0,21.0,95.0,40.6,115.0
13330,1,79,164.0,64.0,18.0,98.0,40.2,110.0
13331,1,52,152.0,51.0,15.0,97.0,40.1,86.0
13332,0,36,190.0,95.0,27.0,106.0,40.7,178.0
13333,1,52,170.0,64.0,8.0,88.0,39.8,37.0
13334,1,41,162.0,63.0,6.0,76.0,39.3,19.0
13335,0,29,177.0,73.0,11.0,96.0,40.1,47.0
13336,0,28,185.0,84.0,11.0,91.0,39.7,41.0
13337,1,36,175.0,68.0,18.0,89.0,40.2,78.0
13338,0,50,182.0,90.0,29.0,99.0,41.2,177.0
13339,1,28,154.0,58.0,30.0,113.0,40.6,207.0
13340,1,35,170.0,69.0,14.0,97.0,40.3,72.0
13341,1,24,163.0,59.0,11.0,92.0,39.9,50.0
13342,0,57,187.0,88.0,25.0,113.0,40.9,213.0
13343,1,47,166.0,64.0,27.0,114.0,40.8,196.0
13344,1,46,169.0,73.0,19.0,101.0,40.5,109.0
13345,1,62,162.0,66.0,23.0,105.0,41.1,150.0
13346,0,32,176.0,80.0,25.0,102.0,40.6,137.0
13347,1,59,157.0,57.0,26.0,101.0,40.6,161.0
13348,1,56,149.0,49.0,14.0,92.0,40.1,74.0
13349,0,40,184.0,92.0,11.0,95.0,40.0,56.0
13350,0,79,175.0,83.0,24.0,93.0,40.8,155.0
13351,1,24,163.0,66.0,7.0,87.0,39.3,28.0
13352,0,32,177.0,79.0,4.0,94.0,38.7,17.0
13353,1,65,155.0,58.0,17.0,95.0,40.5,96.0
13354,1,23,168.0,60.0,22.0,94.0,40.3,105.0
13355,1,46,151.0,56.0,2.0,81.0,38.3,8.0
13356,0,33,167.0,69.0,15.0,87.0,40.5,45.0
13357,1,51,167.0,63.0,26.0,112.0,41.0,185.0
13358,1,55,155.0,57.0,11.0,92.0,39.8,57.0
13359,0,54,192.0,93.0,18.0,98.0,40.2,112.0
13360,1,34,162.0,56.0,24.0,108.0,40.7,156.0
13361,1,28,163.0,65.0,8.0,87.0,39.2,32.0
13362,0,55,185.0,85.0,4.0,93.0,38.7,21.0
13363,1,28,168.0,62.0,10.0,87.0,39.4,41.0
13364,1,26,147.0,52.0,8.0,89.0,39.8,35.0
13365,1,47,171.0,67.0,21.0,97.0,40.6,113.0
13366,1,26,162.0,59.0,4.0,80.0,38.9,13.0
13367,1,57,172.0,70.0,13.0,84.0,40.2,54.0
13368,1,47,152.0,55.0,28.0,106.0,40.8,183.0
13369,0,60,176.0,76.0,27.0,100.0,40.6,174.0
13370,0,77,184.0,90.0,10.0,91.0,39.6,62.0
13371,1,79,160.0,64.0,26.0,109.0,40.5,190.0
13372,0,20,168.0,67.0,15.0,101.0,40.2,67.0
13373,1,52,165.0,65.0,19.0,105.0,40.4,121.0
13374,1,53,179.0,78.0,6.0,89.0,39.5,27.0
13375,1,32,157.0,58.0,2.0,89.0,37.9,9.0
13376,0,54,189.0,101.0,6.0,94.0,38.8,35.0
13377,0,27,187.0,92.0,13.0,92.0,40.0,52.0
13378,0,68,198.0,98.0,28.0,106.0,40.8,230.0
13379,0,51,179.0,85.0,13.0,102.0,39.7,85.0
13380,1,75,161.0,67.0,29.0,105.0,41.1,196.0
13381,1,63,158.0,61.0,30.0,106.0,40.9,202.0
13382,1,29,161.0,61.0,9.0,87.0,39.4,37.0
13383,0,42,186.0,83.0,11.0,94.0,40.1,53.0
13384,0,59,180.0,87.0,11.0,88.0,39.4,53.0
13385,1,33,160.0,59.0,10.0,90.0,39.9,45.0
13386,0,58,181.0,82.0,25.0,104.0,41.0,177.0
13387,0,42,174.0,74.0,15.0,93.0,40.1,67.0
13388,1,29,171.0,67.0,22.0,103.0,40.8,126.0
13389,1,26,147.0,50.0,16.0,91.0,40.3,74.0
13390,1,20,158.0,54.0,13.0,96.0,40.0,65.0
13391,0,27,203.0,109.0,8.0,88.0,39.8,30.0
13392,1,38,166.0,63.0,2.0,85.0,38.3,8.0
13393,0,22,172.0,69.0,5.0,91.0,38.9,16.0
13394,0,38,192.0,92.0,7.0,90.0,39.1,30.0
13395,1,23,169.0,70.0,13.0,90.0,40.1,54.0
13396,1,34,168.0,67.0,20.0,95.0,40.2,99.0
13397,1,33,161.0,65.0,5.0,82.0,39.0,18.0
13398,1,28,163.0,64.0,14.0,98.0,40.4,73.0
13399,1,27,166.0,62.0,11.0,95.0,39.7,54.0
13400,1,28,161.0,56.0,28.0,111.0,40.9,188.0
13401,1,57,160.0,62.0,16.0,95.0,40.2,87.0
13402,1,31,156.0,56.0,11.0,86.0,40.2,45.0
13403,0,22,195.0,97.0,2.0,84.0,38.2,5.0
13404,0,55,182.0,81.0,4.0,93.0,38.8,21.0
13405,1,74,170.0,68.0,20.0,111.0,40.5,147.0
13406,1,20,155.0,55.0,2.0,82.0,38.3,7.0
13407,1,77,151.0,52.0,28.0,103.0,40.6,190.0
13408,1,25,163.0,65.0,18.0,100.0,40.6,97.0
13409,1,58,156.0,56.0,27.0,117.0,40.7,213.0
13410,1,29,164.0,60.0,14.0,92.0,40.1,65.0
13411,0,29,201.0,101.0,4.0,79.0,39.1,9.0
13412,1,39,156.0,61.0,14.0,96.0,40.1,73.0
13413,0,35,194.0,91.0,23.0,112.0,41.0,170.0
13414,0,77,171.0,74.0,18.0,103.0,40.8,138.0
13415,0,56,188.0,94.0,12.0,93.0,39.9,67.0
13416,0,28,193.0,96.0,25.0,109.0,40.8,167.0
13417,1,47,151.0,56.0,25.0,108.0,40.7,168.0
13418,1,22,161.0,58.0,23.0,97.0,40.7,117.0
13419,0,51,180.0,80.0,14.0,89.0,40.1,62.0
13420,0,55,198.0,99.0,7.0,83.0,39.7,29.0
13421,1,52,159.0,60.0,8.0,92.0,39.6,40.0
13422,1,46,135.0,47.0,22.0,109.0,40.5,153.0
13423,0,26,188.0,91.0,28.0,110.0,40.7,186.0
13424,1,59,177.0,73.0,13.0,104.0,39.9,82.0
13425,1,33,157.0,49.0,4.0,80.0,38.7,14.0
13426,1,74,163.0,59.0,9.0,89.0,40.0,46.0
13427,0,70,192.0,93.0,29.0,114.0,40.8,273.0
13428,0,58,191.0,91.0,10.0,91.0,39.6,53.0
13429,0,23,195.0,87.0,26.0,110.0,40.5,167.0
13430,1,44,161.0,57.0,25.0,111.0,40.9,175.0
13431,0,44,184.0,85.0,9.0,85.0,39.6,32.0
13432,1,54,147.0,47.0,29.0,113.0,40.4,218.0
13433,0,52,190.0,94.0,25.0,107.0,41.0,188.0
13434,0,23,186.0,82.0,11.0,92.0,39.9,39.0
13435,1,79,153.0,56.0,22.0,98.0,40.7,137.0
13436,1,21,153.0,57.0,11.0,92.0,39.8,50.0
13437,1,53,167.0,68.0,27.0,117.0,40.8,206.0
13438,0,78,177.0,86.0,23.0,100.0,40.8,173.0
13439,0,24,183.0,80.0,27.0,116.0,40.6,195.0
13440,1,74,146.0,50.0,19.0,101.0,40.5,124.0
13441,1,64,150.0,47.0,22.0,101.0,40.8,141.0
13442,0,22,185.0,84.0,14.0,96.0,39.8,59.0
13443,0,65,169.0,77.0,6.0,82.0,39.3,24.0
13444,1,24,172.0,67.0,16.0,97.0,40.2,80.0
13445,0,27,181.0,81.0,14.0,86.0,40.5,40.0
13446,1,31,168.0,67.0,10.0,84.0,39.6,37.0
13447,0,24,180.0,83.0,24.0,113.0,40.9,164.0
13448,1,21,165.0,66.0,6.0,83.0,39.3,21.0
13449,1,24,171.0,68.0,11.0,89.0,39.6,45.0
13450,0,21,195.0,89.0,6.0,87.0,39.2,17.0
13451,0,72,191.0,94.0,19.0,103.0,40.6,149.0
13452,1,46,162.0,58.0,24.0,106.0,40.4,155.0
13453,0,28,180.0,81.0,28.0,108.0,41.2,174.0
13454,0,58,195.0,103.0,22.0,99.0,40.4,149.0
13455,1,62,161.0,57.0,27.0,98.0,40.6,160.0
13456,0,66,183.0,87.0,13.0,95.0,40.0,81.0
13457,1,32,178.0,73.0,18.0,102.0,40.2,101.0
13458,0,20,198.0,100.0,10.0,88.0,39.8,32.0
13459,1,20,157.0,56.0,26.0,103.0,40.4,149.0
13460,1,79,174.0,72.0,24.0,91.0,40.6,126.0
13461,0,24,196.0,93.0,8.0,82.0,40.0,19.0
13462,1,58,149.0,55.0,5.0,85.0,39.1,22.0
13463,0,35,196.0,95.0,11.0,93.0,39.4,51.0
13464,1,46,163.0,60.0,22.0,106.0,40.7,142.0
13465,0,23,195.0,98.0,14.0,94.0,40.2,59.0
13466,0,62,184.0,85.0,11.0,97.0,39.9,69.0
13467,1,20,162.0,56.0,29.0,113.0,40.7,197.0
13468,1,26,156.0,64.0,28.0,105.0,40.9,166.0
13469,1,24,177.0,71.0,3.0,85.0,38.5,11.0
13470,0,44,188.0,91.0,21.0,103.0,40.2,135.0
13471,0,71,186.0,87.0,7.0,82.0,39.6,31.0
13472,0,29,196.0,91.0,22.0,96.0,40.6,103.0
13473,1,24,161.0,60.0,22.0,106.0,40.7,133.0
13474,0,63,185.0,82.0,6.0,83.0,39.1,25.0
13475,0,66,183.0,91.0,12.0,92.0,40.1,70.0
13476,0,51,168.0,68.0,2.0,71.0,38.1,3.0
13477,1,55,167.0,66.0,14.0,87.0,40.0,63.0
13478,1,49,173.0,70.0,3.0,80.0,38.2,11.0
13479,0,36,193.0,98.0,11.0,93.0,39.8,52.0
13480,1,23,137.0,42.0,3.0,89.0,38.7,13.0
13481,1,40,163.0,62.0,13.0,101.0,39.9,75.0
13482,0,50,195.0,100.0,29.0,105.0,40.8,210.0
13483,0,36,187.0,92.0,12.0,86.0,40.0,42.0
13484,1,63,160.0,57.0,8.0,90.0,39.4,41.0
13485,0,32,181.0,82.0,15.0,93.0,40.3,63.0
13486,0,62,179.0,83.0,4.0,87.0,38.7,19.0
13487,1,77,159.0,61.0,28.0,114.0,40.8,219.0
13488,0,38,188.0,89.0,15.0,101.0,40.1,87.0
13489,1,29,178.0,73.0,12.0,92.0,40.2,54.0
13490,1,40,159.0,61.0,10.0,89.0,40.2,45.0
13491,0,25,191.0,84.0,28.0,107.0,40.8,168.0
13492,1,74,159.0,62.0,20.0,104.0,40.3,134.0
13493,1,69,154.0,53.0,20.0,103.0,40.6,133.0
13494,0,49,188.0,88.0,19.0,98.0,40.0,112.0
13495,0,36,195.0,100.0,4.0,77.0,39.0,9.0
13496,0,34,184.0,85.0,19.0,109.0,40.4,128.0
13497,1,45,151.0,50.0,20.0,93.0,40.5,103.0
13498,1,40,165.0,61.0,1.0,86.0,38.0,4.0
13499,1,25,185.0,83.0,16.0,105.0,40.3,90.0
13500,1,28,149.0,52.0,7.0,83.0,39.2,26.0
13501,1,29,179.0,78.0,3.0,84.0,38.5,11.0
13502,1,63,168.0,66.0,26.0,103.0,40.7,165.0
13503,1,46,156.0,56.0,15.0,86.0,40.3,65.0
13504,1,30,173.0,68.0,9.0,94.0,39.9,43.0
13505,1,78,161.0,59.0,16.0,89.0,40.2,83.0
13506,0,37,190.0,92.0,4.0,87.0,39.3,15.0
13507,0,67,174.0,74.0,12.0,92.0,40.0,66.0
13508,0,42,195.0,95.0,17.0,105.0,40.2,115.0
13509,0,41,172.0,71.0,7.0,87.0,39.5,24.0
13510,1,53,148.0,51.0,27.0,106.0,40.9,181.0
13511,0,44,183.0,87.0,27.0,104.0,40.7,176.0
13512,1,40,165.0,59.0,27.0,110.0,41.1,183.0
13513,0,34,182.0,88.0,13.0,106.0,40.2,83.0
13514,0,26,188.0,90.0,4.0,80.0,39.0,8.0
13515,0,56,183.0,80.0,20.0,97.0,40.6,118.0
13516,1,24,167.0,68.0,18.0,93.0,40.6,82.0
13517,0,47,181.0,81.0,18.0,103.0,40.9,115.0
13518,0,57,190.0,96.0,2.0,83.0,37.9,8.0
13519,1,37,163.0,62.0,26.0,101.0,40.7,149.0
13520,1,30,168.0,64.0,4.0,90.0,39.0,18.0
13521,0,47,185.0,91.0,9.0,88.0,39.4,39.0
13522,0,46,195.0,95.0,10.0,82.0,40.0,35.0
13523,1,46,173.0,63.0,9.0,88.0,39.7,40.0
13524,0,31,188.0,84.0,18.0,106.0,40.4,110.0
13525,1,34,159.0,59.0,20.0,91.0,40.7,93.0
13526,0,36,176.0,83.0,26.0,101.0,40.8,145.0
13527,1,45,163.0,61.0,17.0,100.0,40.4,98.0
13528,1,54,161.0,60.0,14.0,96.0,40.4,77.0
13529,0,73,185.0,88.0,10.0,92.0,39.7,61.0
13530,0,75,196.0,103.0,25.0,112.0,40.6,239.0
13531,1,68,175.0,75.0,10.0,85.0,39.9,44.0
13532,1,30,169.0,61.0,3.0,86.0,38.9,12.0
13533,0,37,170.0,66.0,15.0,103.0,39.9,84.0
13534,1,77,164.0,68.0,17.0,95.0,40.2,97.0
13535,0,55,184.0,90.0,21.0,106.0,40.7,156.0
13536,1,29,159.0,63.0,27.0,111.0,40.7,179.0
13537,0,26,191.0,93.0,17.0,96.0,40.3,78.0
13538,0,22,173.0,74.0,20.0,98.0,40.4,85.0
13539,0,66,176.0,81.0,8.0,89.0,39.9,41.0
13540,1,24,170.0,65.0,28.0,106.0,40.9,168.0
13541,0,32,183.0,91.0,5.0,91.0,39.0,20.0
13542,0,48,192.0,94.0,6.0,85.0,39.1,24.0
13543,1,38,165.0,66.0,27.0,114.0,40.9,191.0
13544,0,34,187.0,91.0,26.0,110.0,40.9,183.0
13545,0,78,189.0,94.0,3.0,84.0,38.2,16.0
13546,0,21,188.0,89.0,11.0,86.0,39.8,30.0
13547,1,35,163.0,63.0,25.0,103.0,40.9,147.0
13548,0,59,179.0,84.0,29.0,116.0,40.7,260.0
13549,0,59,178.0,75.0,25.0,105.0,41.2,178.0
13550,1,35,166.0,63.0,13.0,101.0,39.8,74.0
13551,0,40,180.0,82.0,14.0,88.0,40.1,53.0
13552,0,28,191.0,91.0,28.0,120.0,40.9,231.0
13553,1,65,157.0,59.0,4.0,82.0,38.7,17.0
13554,1,48,147.0,45.0,23.0,100.0,40.8,139.0
13555,1,26,156.0,55.0,9.0,89.0,40.1,39.0
13556,0,24,186.0,88.0,2.0,91.0,38.1,7.0
13557,0,20,185.0,79.0,19.0,98.0,40.5,81.0
13558,1,32,188.0,82.0,8.0,84.0,39.6,28.0
13559,1,26,166.0,63.0,2.0,73.0,38.9,5.0
13560,1,32,161.0,59.0,25.0,110.0,40.7,166.0
13561,0,32,184.0,81.0,19.0,99.0,40.2,96.0
13562,0,56,174.0,82.0,21.0,101.0,40.7,137.0
13563,0,67,187.0,94.0,14.0,97.0,40.1,94.0
13564,1,40,189.0,89.0,25.0,109.0,40.4,157.0
13565,0,36,189.0,87.0,20.0,98.0,40.3,104.0
13566,1,75,174.0,77.0,1.0,73.0,37.3,3.0
13567,0,64,192.0,93.0,14.0,93.0,40.1,83.0
13568,1,54,163.0,65.0,3.0,80.0,38.8,11.0
13569,0,26,187.0,89.0,13.0,89.0,40.1,45.0
13570,1,23,189.0,79.0,5.0,94.0,38.9,22.0
13571,0,64,184.0,87.0,12.0,89.0,40.0,63.0
13572,0,32,190.0,90.0,1.0,84.0,37.9,3.0
13573,1,26,140.0,48.0,9.0,92.0,39.7,43.0
13574,0,79,194.0,101.0,17.0,105.0,40.2,147.0
13575,1,47,169.0,70.0,13.0,96.0,40.1,68.0
13576,0,20,190.0,89.0,30.0,106.0,41.2,171.0
13577,0,22,181.0,83.0,22.0,108.0,40.6,131.0
13578,0,44,200.0,106.0,15.0,92.0,40.5,77.0
13579,1,33,173.0,67.0,2.0,82.0,38.2,7.0
13580,0,58,176.0,76.0,3.0,81.0,38.8,10.0
13581,0,31,167.0,66.0,8.0,88.0,39.6,24.0
13582,0,46,195.0,100.0,13.0,92.0,40.0,66.0
13583,0,41,183.0,83.0,11.0,96.0,39.8,56.0
13584,0,35,179.0,86.0,25.0,109.0,40.9,170.0
13585,1,34,150.0,58.0,4.0,79.0,38.9,13.0
13586,0,54,176.0,77.0,18.0,100.0,40.6,111.0
13587,1,67,167.0,65.0,22.0,104.0,40.6,144.0
13588,0,57,193.0,103.0,23.0,105.0,40.5,176.0
13589,0,71,177.0,75.0,23.0,110.0,40.4,195.0
13590,1,61,155.0,58.0,25.0,106.0,40.7,168.0
13591,0,57,189.0,94.0,28.0,115.0,41.0,251.0
13592,0,29,193.0,89.0,8.0,88.0,39.4,27.0
13593,1,67,156.0,56.0,5.0,85.0,39.0,23.0
13594,0,33,188.0,91.0,29.0,113.0,40.8,215.0
13595,0,27,189.0,96.0,20.0,108.0,40.6,130.0
13596,0,46,188.0,87.0,20.0,93.0,40.5,99.0
13597,0,53,189.0,94.0,11.0,88.0,40.0,52.0
13598,0,31,204.0,101.0,8.0,95.0,39.6,39.0
13599,0,25,181.0,79.0,28.0,112.0,40.8,186.0
13600,0,46,179.0,84.0,1.0,78.0,37.3,3.0
13601,0,30,211.0,105.0,12.0,101.0,40.0,69.0
13602,1,33,157.0,55.0,23.0,107.0,40.9,147.0
13603,0,39,191.0,88.0,17.0,103.0,40.3,104.0
13604,0,57,174.0,78.0,2.0,84.0,38.1,8.0
13605,0,29,190.0,93.0,13.0,90.0,39.8,50.0
13606,1,56,163.0,59.0,5.0,89.0,38.7,24.0
13607,0,20,172.0,73.0,6.0,84.0,39.4,12.0
13608,1,65,173.0,68.0,9.0,81.0,39.4,36.0
13609,0,21,177.0,81.0,1.0,80.0,37.4,2.0
13610,1,21,175.0,74.0,13.0,95.0,40.2,60.0
13611,1,54,159.0,57.0,26.0,102.0,41.1,161.0
13612,1,26,164.0,61.0,17.0,94.0,40.5,81.0
13613,1,55,161.0,63.0,9.0,93.0,39.9,47.0
13614,1,25,162.0,66.0,30.0,112.0,41.3,199.0
13615,1,34,151.0,56.0,25.0,110.0,40.9,168.0
13616,0,20,173.0,68.0,4.0,87.0,39.1,10.0
13617,0,24,171.0,75.0,17.0,101.0,40.2,82.0
13618,0,27,174.0,79.0,8.0,102.0,39.7,42.0
13619,0,48,176.0,84.0,17.0,89.0,40.4,74.0
13620,0,53,195.0,102.0,17.0,103.0,40.4,121.0
13621,1,38,169.0,64.0,9.0,99.0,39.5,49.0
13622,1,32,164.0,64.0,17.0,101.0,40.1,95.0
13623,1,54,180.0,78.0,10.0,94.0,39.8,51.0
13624,0,26,198.0,100.0,26.0,106.0,40.9,162.0
13625,0,56,174.0,82.0,24.0,102.0,40.7,160.0
13626,0,38,179.0,86.0,15.0,108.0,40.3,102.0
13627,0,68,167.0,72.0,15.0,101.0,40.4,103.0
13628,1,74,178.0,81.0,30.0,101.0,41.0,183.0
13629,1,47,147.0,51.0,24.0,106.0,40.3,158.0
13630,0,63,186.0,91.0,6.0,80.0,39.0,23.0
13631,0,25,177.0,82.0,2.0,85.0,38.1,5.0
13632,1,36,138.0,41.0,17.0,97.0,40.1,95.0
13633,0,24,184.0,79.0,24.0,102.0,40.6,122.0
13634,1,60,189.0,83.0,3.0,86.0,38.3,13.0
13635,0,35,196.0,102.0,21.0,107.0,40.5,144.0
13636,0,41,177.0,79.0,7.0,82.0,39.3,20.0
13637,0,64,209.0,112.0,18.0,100.0,40.4,133.0
13638,0,58,185.0,89.0,2.0,89.0,38.4,10.0
13639,0,26,186.0,90.0,15.0,96.0,40.2,68.0
13640,0,25,195.0,91.0,16.0,96.0,39.7,72.0
13641,0,46,169.0,72.0,25.0,108.0,40.7,172.0
13642,1,76,142.0,49.0,23.0,99.0,40.5,147.0
13643,1,21,165.0,58.0,23.0,97.0,40.4,117.0
13644,1,53,169.0,65.0,18.0,99.0,40.5,104.0
13645,1,30,145.0,49.0,11.0,90.0,40.0,51.0
13646,0,48,173.0,77.0,2.0,81.0,38.0,6.0
13647,1,35,178.0,78.0,16.0,94.0,39.8,76.0
13648,0,37,175.0,74.0,22.0,103.0,40.3,126.0
13649,1,33,142.0,45.0,12.0,97.0,40.0,65.0
13650,0,70,195.0,102.0,15.0,93.0,40.1,96.0
13651,1,34,159.0,63.0,8.0,96.0,39.7,41.0
13652,0,70,176.0,77.0,25.0,118.0,40.8,242.0
13653,1,60,160.0,65.0,5.0,83.0,39.1,21.0
13654,1,62,165.0,66.0,28.0,107.0,40.7,189.0
13655,1,28,152.0,53.0,13.0,98.0,40.1,70.0
13656,1,27,159.0,61.0,16.0,105.0,40.5,96.0
13657,0,55,167.0,75.0,12.0,90.0,40.1,56.0
13658,0,34,183.0,80.0,7.0,91.0,39.5,27.0
13659,1,68,161.0,60.0,16.0,95.0,40.4,91.0
13660,1,22,158.0,56.0,18.0,97.0,40.4,92.0
13661,1,51,163.0,64.0,16.0,96.0,40.1,87.0
13662,1,33,151.0,51.0,16.0,88.0,40.3,71.0
13663,0,21,188.0,90.0,29.0,110.0,40.8,185.0
13664,0,75,188.0,93.0,18.0,94.0,40.2,119.0
13665,0,25,184.0,83.0,28.0,107.0,40.8,167.0
13666,1,30,178.0,77.0,21.0,106.0,40.8,124.0
13667,0,61,187.0,89.0,11.0,88.0,40.0,55.0
13668,0,44,198.0,100.0,12.0,98.0,39.9,71.0
13669,1,37,156.0,57.0,22.0,96.0,40.6,116.0
13670,0,33,181.0,79.0,1.0,85.0,37.9,3.0
13671,0,44,186.0,86.0,13.0,101.0,40.0,79.0
13672,1,28,163.0,61.0,9.0,92.0,39.7,42.0
13673,0,34,189.0,87.0,23.0,98.0,40.5,118.0
13674,1,26,160.0,56.0,25.0,107.0,40.4,156.0
13675,0,36,191.0,93.0,15.0,98.0,40.3,80.0
13676,0,28,170.0,69.0,2.0,84.0,38.2,5.0
13677,1,26,150.0,49.0,24.0,104.0,40.9,145.0
13678,0,52,203.0,102.0,5.0,82.0,38.9,20.0
13679,0,29,186.0,86.0,18.0,96.0,40.3,82.0
13680,1,39,173.0,72.0,25.0,104.0,40.4,149.0
13681,0,50,199.0,102.0,7.0,88.0,39.6,33.0
13682,1,66,180.0,76.0,26.0,114.0,40.7,193.0
13683,0,62,197.0,101.0,17.0,103.0,40.3,128.0
13684,0,43,189.0,93.0,14.0,88.0,40.3,59.0
13685,0,37,198.0,93.0,15.0,91.0,40.1,65.0
13686,0,47,183.0,81.0,5.0,77.0,39.3,12.0
13687,1,25,149.0,47.0,28.0,106.0,40.8,175.0
13688,1,49,149.0,55.0,26.0,100.0,40.7,154.0
13689,0,61,187.0,96.0,17.0,90.0,40.3,92.0
13690,1,29,162.0,62.0,28.0,111.0,40.8,186.0
13691,0,65,184.0,87.0,27.0,104.0,40.6,203.0
13692,0,73,180.0,88.0,8.0,75.0,39.3,28.0
13693,0,54,173.0,76.0,27.0,107.0,40.6,195.0
13694,0,38,182.0,83.0,5.0,83.0,39.1,15.0
13695,0,76,195.0,95.0,5.0,82.0,39.2,25.0
13696,0,53,167.0,74.0,18.0,101.0,40.3,112.0
13697,1,41,176.0,73.0,17.0,98.0,40.2,90.0
13698,1,28,160.0,63.0,5.0,85.0,39.1,19.0
13699,0,31,174.0,77.0,24.0,105.0,40.6,140.0
13700,1,79,167.0,63.0,12.0,97.0,40.2,72.0
13701,1,27,162.0,61.0,26.0,107.0,40.7,161.0
13702,0,34,172.0,75.0,8.0,94.0,39.3,34.0
13703,0,50,195.0,89.0,3.0,84.0,38.5,11.0
13704,0,27,186.0,93.0,25.0,114.0,40.9,183.0
13705,1,34,178.0,77.0,23.0,93.0,40.3,106.0
13706,1,46,171.0,73.0,28.0,116.0,40.9,205.0
13707,1,78,172.0,72.0,9.0,96.0,39.7,52.0
13708,1,48,147.0,54.0,9.0,85.0,39.8,39.0
13709,0,51,185.0,94.0,24.0,96.0,40.7,139.0
13710,1,25,152.0,49.0,26.0,108.0,40.7,167.0
13711,1,48,154.0,57.0,2.0,91.0,38.6,10.0
13712,1,44,181.0,81.0,28.0,104.0,40.8,165.0
13713,0,49,181.0,84.0,28.0,104.0,40.8,187.0
13714,0,51,171.0,76.0,6.0,89.0,39.2,26.0
13715,1,50,164.0,67.0,16.0,94.0,40.4,82.0
13716,1,45,161.0,61.0,27.0,113.0,40.8,193.0
13717,0,52,201.0,105.0,23.0,104.0,40.7,168.0
13718,0,47,179.0,79.0,6.0,74.0,39.3,12.0
13719,0,70,182.0,83.0,17.0,96.0,40.2,110.0
13720,1,22,184.0,84.0,21.0,97.0,40.4,99.0
13721,1,25,164.0,56.0,20.0,93.0,40.4,95.0
13722,1,30,167.0,65.0,22.0,98.0,40.7,115.0
13723,0,31,174.0,83.0,10.0,90.0,40.0,37.0
13724,0,43,182.0,83.0,6.0,91.0,39.4,27.0
13725,1,66,171.0,62.0,3.0,80.0,38.6,12.0
13726,0,34,192.0,90.0,12.0,93.0,40.2,53.0
13727,0,36,177.0,76.0,24.0,98.0,40.7,120.0
13728,1,67,147.0,55.0,19.0,102.0,40.5,123.0
13729,0,50,171.0,74.0,2.0,82.0,38.1,6.0
13730,0,31,184.0,86.0,17.0,83.0,40.6,46.0
13731,1,22,157.0,56.0,26.0,114.0,40.8,180.0
13732,1,54,175.0,71.0,17.0,90.0,40.3,80.0
13733,0,32,177.0,82.0,7.0,83.0,39.4,19.0
13734,1,47,165.0,59.0,10.0,89.0,39.8,47.0
13735,1,36,157.0,54.0,26.0,105.0,40.6,162.0
13736,1,22,159.0,59.0,6.0,87.0,39.4,24.0
13737,0,59,178.0,83.0,5.0,90.0,39.2,25.0
13738,1,31,168.0,69.0,6.0,86.0,39.0,24.0
13739,0,22,189.0,85.0,5.0,83.0,38.8,11.0
13740,1,28,158.0,55.0,9.0,90.0,40.1,40.0
13741,1,35,162.0,63.0,3.0,86.0,38.5,12.0
13742,0,20,180.0,82.0,8.0,96.0,39.5,32.0
13743,1,57,150.0,57.0,1.0,84.0,37.8,4.0
13744,0,26,188.0,81.0,3.0,82.0,38.5,7.0
13745,1,61,175.0,78.0,8.0,82.0,39.4,31.0
13746,0,71,191.0,97.0,19.0,93.0,40.6,121.0
13747,0,51,185.0,90.0,15.0,99.0,40.4,92.0
13748,0,55,177.0,79.0,5.0,92.0,39.1,25.0
13749,1,45,159.0,62.0,8.0,94.0,39.6,41.0
13750,1,47,171.0,75.0,20.0,91.0,40.6,93.0
13751,1,22,176.0,67.0,25.0,108.0,40.9,153.0
13752,0,65,183.0,87.0,13.0,90.0,40.1,70.0
13753,1,50,147.0,45.0,23.0,102.0,40.8,145.0
13754,1,70,164.0,62.0,23.0,94.0,40.9,128.0
13755,1,24,157.0,58.0,30.0,100.0,40.9,163.0
13756,1,20,162.0,61.0,13.0,91.0,40.2,57.0
13757,1,40,164.0,59.0,18.0,109.0,40.3,120.0
13758,1,23,161.0,59.0,16.0,93.0,40.1,75.0
13759,0,22,191.0,91.0,28.0,120.0,40.9,223.0
13760,0,36,179.0,82.0,25.0,103.0,40.6,147.0
13761,1,32,164.0,59.0,7.0,90.0,39.9,31.0
13762,1,78,165.0,64.0,24.0,97.0,40.7,144.0
13763,1,56,179.0,76.0,6.0,84.0,39.4,24.0
13764,0,63,176.0,78.0,10.0,97.0,39.8,62.0
13765,0,23,176.0,79.0,13.0,98.0,40.2,58.0
13766,0,31,179.0,82.0,6.0,87.0,39.1,19.0
13767,0,40,181.0,85.0,30.0,107.0,40.7,202.0
13768,0,27,176.0,75.0,7.0,100.0,39.6,34.0
13769,1,70,177.0,78.0,5.0,84.0,39.1,21.0
13770,1,71,152.0,56.0,21.0,105.0,40.3,144.0
13771,1,34,167.0,64.0,10.0,99.0,39.6,54.0
13772,1,76,170.0,67.0,12.0,101.0,40.2,76.0
13773,0,29,177.0,79.0,2.0,82.0,37.7,5.0
13774,0,30,190.0,90.0,15.0,92.0,40.2,61.0
13775,1,48,166.0,70.0,4.0,87.0,38.8,17.0
13776,0,23,182.0,82.0,23.0,109.0,40.7,141.0
13777,1,23,160.0,57.0,7.0,85.0,39.3,27.0
13778,1,25,166.0,63.0,17.0,97.0,40.2,86.0
13779,1,53,174.0,66.0,22.0,105.0,40.6,140.0
13780,0,61,171.0,78.0,17.0,102.0,40.4,116.0
13781,0,65,186.0,85.0,17.0,96.0,40.5,107.0
13782,1,45,152.0,54.0,12.0,88.0,39.9,55.0
13783,0,31,179.0,80.0,28.0,112.0,40.9,194.0
13784,1,62,158.0,59.0,29.0,111.0,41.0,211.0
13785,0,32,177.0,75.0,8.0,101.0,39.2,42.0
13786,1,42,172.0,70.0,11.0,104.0,39.9,66.0
13787,1,22,147.0,47.0,17.0,101.0,40.3,96.0
13788,1,67,163.0,59.0,25.0,107.0,40.6,173.0
13789,1,47,169.0,65.0,2.0,75.0,38.2,6.0
13790,1,38,165.0,58.0,12.0,92.0,39.5,58.0
13791,1,40,158.0,55.0,16.0,84.0,40.1,65.0
13792,1,33,153.0,54.0,17.0,97.0,40.1,91.0
13793,1,63,160.0,63.0,8.0,90.0,39.3,40.0
13794,0,57,186.0,83.0,12.0,83.0,40.1,47.0
13795,1,43,175.0,73.0,5.0,83.0,39.2,19.0
13796,1,76,186.0,89.0,11.0,98.0,40.0,63.0
13797,0,25,188.0,88.0,26.0,110.0,41.1,170.0
13798,1,44,181.0,75.0,22.0,95.0,40.4,111.0
13799,0,31,184.0,89.0,20.0,98.0,40.6,101.0
13800,1,78,156.0,60.0,18.0,96.0,40.7,107.0
13801,1,46,150.0,50.0,4.0,76.0,38.9,13.0
13802,0,70,192.0,98.0,3.0,76.0,39.0,11.0
13803,0,37,191.0,85.0,23.0,101.0,40.3,131.0
13804,0,69,189.0,95.0,15.0,95.0,40.4,98.0
13805,0,73,197.0,100.0,10.0,94.0,40.0,67.0
13806,0,24,189.0,92.0,6.0,88.0,39.2,19.0
13807,0,64,203.0,97.0,23.0,106.0,40.7,184.0
13808,1,72,149.0,53.0,18.0,96.0,40.0,107.0
13809,1,22,156.0,54.0,3.0,92.0,38.6,14.0
13810,0,22,179.0,78.0,20.0,102.0,40.3,99.0
13811,1,39,181.0,78.0,6.0,88.0,39.4,25.0
13812,0,57,183.0,89.0,18.0,93.0,40.5,99.0
13813,1,20,173.0,70.0,5.0,75.0,38.8,13.0
13814,1,55,158.0,62.0,17.0,86.0,40.1,75.0
13815,0,71,189.0,93.0,8.0,90.0,39.5,47.0
13816,0,26,181.0,86.0,22.0,98.0,40.4,104.0
13817,1,25,169.0,67.0,15.0,96.0,40.2,74.0
13818,0,51,172.0,82.0,23.0,103.0,40.5,152.0
13819,1,25,154.0,52.0,18.0,108.0,40.5,115.0
13820,0,20,191.0,92.0,27.0,104.0,40.9,148.0
13821,1,24,176.0,70.0,5.0,94.0,39.1,23.0
13822,1,20,168.0,64.0,24.0,104.0,40.7,137.0
13823,1,44,146.0,49.0,27.0,100.0,40.7,160.0
13824,1,21,155.0,50.0,13.0,98.0,40.2,69.0
13825,1,62,160.0,64.0,7.0,80.0,39.4,27.0
13826,1,68,173.0,66.0,28.0,106.0,40.8,189.0
13827,0,31,192.0,96.0,12.0,95.0,40.4,57.0
13828,1,23,171.0,67.0,25.0,112.0,40.5,165.0
13829,1,77,160.0,63.0,8.0,92.0,39.5,44.0
13830,0,42,187.0,86.0,17.0,99.0,40.1,96.0
13831,0,42,179.0,80.0,8.0,93.0,39.4,37.0
13832,1,37,189.0,77.0,13.0,99.0,39.8,69.0
13833,0,26,182.0,86.0,16.0,91.0,40.5,59.0
13834,0,23,190.0,87.0,9.0,76.0,39.8,12.0
13835,0,71,193.0,98.0,17.0,94.0,40.3,111.0
13836,0,42,164.0,71.0,15.0,95.0,39.9,71.0
13837,1,38,168.0,67.0,8.0,80.0,39.6,27.0
13838,0,27,197.0,96.0,8.0,89.0,39.5,29.0
13839,1,24,170.0,67.0,8.0,95.0,39.4,38.0
13840,0,54,178.0,87.0,14.0,103.0,40.3,96.0
13841,1,34,176.0,76.0,18.0,95.0,40.3,87.0
13842,1,60,142.0,52.0,3.0,82.0,38.5,13.0
13843,1,43,169.0,63.0,22.0,109.0,40.6,147.0
13844,0,38,186.0,91.0,9.0,90.0,40.0,38.0
13845,1,54,155.0,59.0,16.0,91.0,40.5,80.0
13846,0,29,175.0,77.0,27.0,106.0,40.9,159.0
13847,1,63,167.0,64.0,22.0,105.0,40.7,145.0
13848,0,31,208.0,104.0,3.0,83.0,38.7,9.0
13849,0,22,180.0,80.0,6.0,91.0,39.4,20.0
13850,1,29,144.0,49.0,22.0,98.0,40.3,120.0
13851,0,28,191.0,91.0,30.0,111.0,41.0,207.0
13852,0,69,188.0,89.0,6.0,88.0,39.4,32.0
13853,0,21,189.0,90.0,21.0,101.0,40.8,105.0
13854,0,66,199.0,101.0,20.0,95.0,40.8,130.0
13855,1,24,183.0,82.0,16.0,105.0,40.3,90.0
13856,1,48,170.0,64.0,17.0,99.0,40.3,96.0
13857,0,33,176.0,81.0,7.0,83.0,39.2,19.0
13858,0,70,177.0,82.0,16.0,93.0,40.2,96.0
13859,0,60,182.0,88.0,30.0,103.0,40.9,215.0
13860,0,28,174.0,81.0,14.0,95.0,40.1,60.0
13861,0,74,184.0,83.0,13.0,97.0,39.9,89.0
13862,0,30,186.0,85.0,14.0,98.0,39.9,68.0
13863,1,20,168.0,60.0,13.0,96.0,40.0,64.0
13864,0,47,173.0,79.0,28.0,111.0,40.5,211.0
13865,1,39,171.0,67.0,19.0,105.0,40.5,116.0
13866,1,50,176.0,73.0,10.0,85.0,40.0,41.0
13867,1,33,159.0,59.0,26.0,113.0,40.7,181.0
13868,0,23,183.0,81.0,2.0,76.0,38.0,2.0
13869,0,69,189.0,93.0,30.0,104.0,40.9,235.0
13870,1,23,155.0,62.0,5.0,74.0,39.2,13.0
13871,0,29,177.0,79.0,8.0,86.0,39.5,23.0
13872,0,76,198.0,109.0,14.0,92.0,40.3,94.0
13873,1,62,158.0,55.0,10.0,79.0,40.0,39.0
13874,0,79,176.0,83.0,3.0,83.0,38.7,15.0
13875,0,41,179.0,81.0,30.0,105.0,40.8,192.0
13876,1,30,156.0,54.0,5.0,81.0,39.0,18.0
13877,0,42,176.0,80.0,26.0,116.0,40.5,210.0
13878,0,26,198.0,102.0,14.0,93.0,40.3,60.0
13879,1,61,166.0,62.0,16.0,99.0,40.4,95.0
13880,1,64,170.0,67.0,2.0,90.0,37.9,10.0
13881,1,50,167.0,62.0,10.0,86.0,39.6,43.0
13882,0,29,193.0,91.0,7.0,87.0,39.1,23.0
13883,1,66,171.0,65.0,28.0,96.0,40.6,158.0
13884,1,61,152.0,50.0,15.0,80.0,40.2,61.0
13885,0,74,185.0,89.0,7.0,86.0,39.4,37.0
13886,0,33,168.0,73.0,21.0,99.0,40.6,103.0
13887,0,40,184.0,89.0,2.0,82.0,38.0,6.0
13888,1,49,173.0,68.0,19.0,104.0,40.2,117.0
13889,1,36,170.0,64.0,9.0,84.0,39.6,35.0
13890,1,35,164.0,63.0,26.0,110.0,40.5,173.0
13891,0,39,199.0,104.0,26.0,101.0,40.7,161.0
13892,1,34,166.0,67.0,23.0,104.0,40.8,136.0
13893,1,32,150.0,49.0,8.0,82.0,39.5,30.0
13894,0,51,179.0,78.0,15.0,89.0,40.0,66.0
13895,0,61,184.0,88.0,20.0,99.0,40.8,132.0
13896,0,30,194.0,96.0,9.0,91.0,39.6,37.0
13897,1,36,172.0,68.0,19.0,98.0,40.2,101.0
13898,0,66,197.0,105.0,7.0,91.0,39.5,42.0
13899,1,24,175.0,67.0,24.0,105.0,40.6,140.0
13900,0,77,182.0,83.0,28.0,108.0,40.8,241.0
13901,0,34,185.0,79.0,21.0,92.0,40.3,85.0
13902,1,37,164.0,60.0,18.0,96.0,40.3,94.0
13903,1,60,158.0,63.0,3.0,78.0,38.4,11.0
13904,1,22,167.0,65.0,26.0,99.0,41.0,135.0
13905,0,35,187.0,92.0,19.0,100.0,40.5,106.0
13906,1,23,171.0,68.0,17.0,92.0,40.2,75.0
13907,1,53,175.0,70.0,8.0,88.0,39.4,36.0
13908,0,25,173.0,71.0,5.0,84.0,39.2,11.0
13909,1,33,156.0,57.0,23.0,104.0,40.3,139.0
13910,0,26,184.0,83.0,1.0,86.0,37.8,3.0
13911,1,31,166.0,64.0,26.0,104.0,40.8,154.0
13912,1,25,164.0,60.0,21.0,107.0,40.5,130.0
13913,1,40,169.0,63.0,9.0,90.0,39.7,41.0
13914,0,35,202.0,105.0,5.0,81.0,39.3,15.0
13915,1,24,169.0,71.0,4.0,77.0,38.8,11.0
13916,1,47,168.0,66.0,23.0,104.0,40.4,142.0
13917,1,23,165.0,61.0,23.0,104.0,40.4,134.0
13918,1,43,160.0,60.0,13.0,89.0,40.1,59.0
13919,1,23,172.0,69.0,24.0,103.0,40.8,134.0
13920,1,21,140.0,48.0,27.0,106.0,40.6,166.0
13921,0,50,195.0,97.0,3.0,81.0,38.4,11.0
13922,0,45,176.0,80.0,30.0,112.0,41.0,229.0
13923,1,24,153.0,57.0,21.0,105.0,40.2,126.0
13924,1,71,163.0,68.0,5.0,90.0,39.3,25.0
13925,1,23,170.0,60.0,19.0,100.0,40.4,103.0
13926,0,58,149.0,61.0,30.0,105.0,40.8,203.0
13927,0,68,174.0,78.0,5.0,88.0,39.2,25.0
13928,1,24,152.0,53.0,12.0,93.0,40.2,57.0
13929,1,21,162.0,60.0,16.0,96.0,40.0,79.0
13930,0,46,168.0,72.0,18.0,89.0,40.4,72.0
13931,1,41,150.0,51.0,22.0,95.0,40.2,117.0
13932,1,23,154.0,57.0,6.0,74.0,39.2,16.0
13933,1,33,169.0,68.0,16.0,98.0,40.0,84.0
13934,1,21,161.0,60.0,19.0,101.0,40.3,104.0
13935,0,29,188.0,89.0,29.0,111.0,40.8,200.0
13936,0,69,181.0,86.0,15.0,92.0,40.1,88.0
13937,0,25,202.0,100.0,9.0,94.0,39.8,39.0
13938,0,23,192.0,91.0,7.0,76.0,39.6,10.0
13939,1,73,153.0,55.0,23.0,107.0,41.1,163.0
13940,1,33,159.0,53.0,17.0,94.0,40.0,85.0
13941,1,30,159.0,60.0,16.0,89.0,40.4,69.0
13942,0,58,182.0,90.0,6.0,84.0,39.6,25.0
13943,1,36,174.0,67.0,27.0,110.0,40.8,178.0
13944,1,26,151.0,53.0,4.0,76.0,39.0,12.0
13945,1,35,177.0,71.0,8.0,95.0,39.7,39.0
13946,0,33,214.0,112.0,30.0,107.0,41.0,209.0
13947,1,62,178.0,73.0,16.0,93.0,40.5,83.0
13948,0,22,179.0,75.0,29.0,108.0,40.8,168.0
13949,1,38,157.0,57.0,5.0,83.0,39.3,19.0
13950,1,52,181.0,76.0,19.0,98.0,40.2,104.0
13951,0,34,175.0,72.0,22.0,105.0,40.7,129.0
13952,1,76,155.0,55.0,7.0,86.0,39.6,34.0
13953,1,33,162.0,56.0,6.0,80.0,39.9,21.0
13954,1,54,169.0,66.0,13.0,96.0,40.1,71.0
13955,0,26,171.0,67.0,18.0,93.0,40.7,64.0
13956,0,38,186.0,82.0,17.0,95.0,40.1,81.0
13957,1,26,159.0,58.0,28.0,114.0,40.7,195.0
13958,1,44,167.0,67.0,21.0,97.0,40.3,112.0
13959,1,21,182.0,77.0,23.0,97.0,40.7,111.0
13960,1,20,160.0,62.0,26.0,104.0,40.9,149.0
13961,1,59,183.0,79.0,9.0,82.0,40.0,35.0
13962,1,23,179.0,75.0,4.0,89.0,38.8,16.0
13963,1,35,167.0,67.0,13.0,93.0,40.2,62.0
13964,1,58,177.0,68.0,9.0,88.0,39.9,42.0
13965,1,71,165.0,60.0,12.0,93.0,40.1,66.0
13966,0,35,172.0,79.0,25.0,103.0,41.3,144.0
13967,1,22,173.0,66.0,20.0,93.0,40.8,91.0
13968,1,74,163.0,65.0,22.0,100.0,40.5,137.0
13969,0,39,181.0,81.0,3.0,77.0,37.9,6.0
13970,0,32,172.0,76.0,19.0,90.0,40.5,68.0
13971,0,22,171.0,71.0,9.0,83.0,39.7,17.0
13972,1,64,168.0,69.0,11.0,85.0,40.2,48.0
13973,1,34,158.0,56.0,18.0,95.0,40.8,92.0
13974,0,21,193.0,88.0,15.0,90.0,40.4,50.0
13975,1,33,161.0,56.0,28.0,108.0,41.4,182.0
13976,0,39,202.0,104.0,19.0,100.0,40.3,115.0
13977,0,28,186.0,93.0,25.0,109.0,41.2,166.0
13978,0,34,182.0,86.0,25.0,101.0,41.3,139.0
13979,0,70,192.0,92.0,3.0,76.0,38.8,11.0
13980,1,52,149.0,53.0,3.0,73.0,38.3,9.0
13981,0,45,175.0,78.0,26.0,99.0,40.8,146.0
13982,1,28,167.0,66.0,3.0,87.0,38.5,12.0
13983,1,55,174.0,70.0,11.0,83.0,40.0,44.0
13984,0,40,168.0,72.0,14.0,99.0,39.8,73.0
13985,1,73,156.0,59.0,2.0,81.0,37.7,9.0
13986,0,22,194.0,91.0,23.0,100.0,40.5,114.0
13987,0,57,169.0,72.0,8.0,84.0,39.7,30.0
13988,0,41,188.0,91.0,20.0,106.0,40.5,135.0
13989,1,71,178.0,77.0,16.0,100.0,40.1,96.0
13990,0,49,186.0,89.0,26.0,101.0,41.3,165.0
13991,0,37,174.0,74.0,12.0,89.0,40.1,44.0
13992,1,74,168.0,69.0,5.0,85.0,39.4,23.0
13993,0,36,180.0,83.0,21.0,107.0,40.5,136.0
13994,0,25,184.0,88.0,19.0,96.0,40.5,84.0
13995,1,29,170.0,68.0,8.0,87.0,39.7,32.0
13996,1,41,163.0,61.0,26.0,108.0,40.8,170.0
13997,1,27,158.0,56.0,14.0,96.0,39.8,71.0
13998,0,32,184.0,85.0,5.0,89.0,39.1,18.0
13999,0,68,183.0,90.0,24.0,104.0,40.8,186.0
14000,0,47,180.0,88.0,6.0,91.0,38.9,28.0
14001,0,24,179.0,84.0,17.0,102.0,40.2,88.0
14002,0,50,188.0,93.0,23.0,100.0,40.8,146.0
14003,1,31,175.0,68.0,12.0,91.0,40.3,54.0
14004,1,26,170.0,69.0,24.0,107.0,40.8,146.0
14005,1,20,163.0,56.0,7.0,79.0,39.4,22.0
14006,1,51,171.0,72.0,30.0,108.0,41.1,197.0
14007,1,21,168.0,63.0,23.0,103.0,40.3,130.0
14008,0,79,194.0,101.0,14.0,90.0,40.0,89.0
14009,1,58,172.0,67.0,9.0,90.0,40.1,44.0
14010,1,73,176.0,70.0,18.0,97.0,40.2,105.0
14011,1,23,166.0,66.0,20.0,98.0,40.5,102.0
14012,1,50,160.0,58.0,17.0,92.0,40.1,86.0
14013,0,22,182.0,84.0,29.0,114.0,41.0,200.0
14014,1,78,174.0,73.0,24.0,95.0,40.7,136.0
14015,1,25,150.0,50.0,21.0,107.0,40.5,133.0
14016,0,56,179.0,87.0,5.0,95.0,39.1,29.0
14017,1,38,156.0,52.0,25.0,100.0,40.6,144.0
14018,0,50,169.0,75.0,20.0,106.0,40.7,137.0
14019,1,34,154.0,58.0,26.0,108.0,40.7,168.0
14020,1,33,178.0,76.0,3.0,76.0,38.5,8.0
14021,1,24,175.0,67.0,25.0,103.0,40.5,141.0
14022,1,23,154.0,58.0,16.0,90.0,40.1,70.0
14023,1,59,153.0,54.0,26.0,108.0,40.9,181.0
14024,1,62,156.0,57.0,26.0,105.0,40.8,173.0
14025,0,68,189.0,95.0,16.0,103.0,40.3,123.0
14026,0,74,187.0,90.0,12.0,77.0,40.1,47.0
14027,1,27,168.0,60.0,11.0,89.0,39.8,47.0
14028,0,24,185.0,89.0,20.0,109.0,40.6,127.0
14029,0,25,190.0,95.0,3.0,85.0,38.4,9.0
14030,1,61,153.0,52.0,2.0,81.0,37.9,8.0
14031,0,49,183.0,86.0,18.0,97.0,40.1,102.0
14032,0,76,193.0,103.0,18.0,95.0,40.3,127.0
14033,0,57,192.0,97.0,17.0,96.0,40.4,105.0
14034,0,22,190.0,94.0,26.0,108.0,40.6,161.0
14035,0,52,194.0,100.0,2.0,80.0,38.2,7.0
14036,0,24,174.0,80.0,12.0,99.0,40.1,56.0
14037,1,20,163.0,57.0,19.0,96.0,40.5,94.0
14038,0,41,178.0,81.0,10.0,80.0,39.9,26.0
14039,1,70,173.0,70.0,19.0,94.0,40.7,104.0
14040,1,65,168.0,66.0,24.0,111.0,40.6,174.0
14041,0,22,167.0,73.0,18.0,94.0,40.7,66.0
14042,0,27,177.0,75.0,19.0,101.0,40.0,95.0
14043,0,79,193.0,97.0,2.0,80.0,38.0,10.0
14044,1,63,157.0,57.0,28.0,103.0,40.8,181.0
14045,0,73,183.0,90.0,21.0,94.0,40.5,136.0
14046,0,43,179.0,83.0,5.0,81.0,39.5,15.0
14047,1,48,161.0,61.0,17.0,87.0,40.2,75.0
14048,0,35,175.0,77.0,25.0,100.0,40.8,132.0
14049,0,33,192.0,97.0,22.0,101.0,40.4,126.0
14050,1,33,155.0,58.0,19.0,108.0,41.0,123.0
14051,0,50,174.0,79.0,12.0,88.0,39.4,51.0
14052,1,46,169.0,72.0,4.0,86.0,38.6,17.0
14053,1,39,172.0,72.0,3.0,87.0,38.7,12.0
14054,1,38,170.0,69.0,6.0,79.0,39.2,20.0
14055,1,22,175.0,69.0,15.0,97.0,40.3,74.0
14056,0,63,180.0,85.0,10.0,93.0,39.8,57.0
14057,0,69,195.0,95.0,10.0,92.0,39.6,61.0
14058,1,41,152.0,56.0,26.0,110.0,40.9,178.0
14059,0,31,172.0,76.0,9.0,94.0,39.7,37.0
14060,0,56,191.0,101.0,12.0,98.0,40.1,78.0
14061,0,30,193.0,89.0,27.0,94.0,40.6,118.0
14062,1,53,163.0,60.0,13.0,86.0,40.1,58.0
14063,0,33,173.0,76.0,18.0,89.0,40.1,63.0
14064,1,27,162.0,64.0,25.0,108.0,41.0,157.0
14065,1,25,175.0,72.0,10.0,83.0,39.3,34.0
14066,1,75,169.0,69.0,27.0,100.0,40.4,167.0
14067,1,25,157.0,56.0,28.0,109.0,41.2,181.0
14068,0,49,188.0,93.0,25.0,105.0,40.7,176.0
14069,1,20,170.0,65.0,3.0,76.0,38.2,8.0
14070,0,35,182.0,84.0,22.0,98.0,41.0,112.0
14071,0,35,183.0,79.0,13.0,90.0,40.0,49.0
14072,1,24,174.0,72.0,2.0,77.0,37.9,6.0
14073,1,47,179.0,78.0,8.0,86.0,39.4,33.0
14074,0,34,189.0,90.0,15.0,92.0,40.3,64.0
14075,1,31,151.0,52.0,5.0,79.0,39.1,17.0
14076,0,73,178.0,80.0,10.0,92.0,40.1,60.0
14077,1,43,154.0,55.0,10.0,89.0,39.8,46.0
14078,0,62,181.0,83.0,13.0,94.0,40.1,75.0
14079,0,33,181.0,82.0,4.0,89.0,38.6,14.0
14080,1,54,163.0,60.0,28.0,114.0,41.0,208.0
14081,1,67,173.0,74.0,4.0,76.0,38.8,14.0
14082,1,20,158.0,58.0,5.0,84.0,38.9,18.0
14083,0,29,192.0,97.0,10.0,84.0,39.5,30.0
14084,0,37,180.0,85.0,22.0,96.0,40.8,108.0
14085,1,20,164.0,66.0,16.0,96.0,40.5,77.0
14086,0,57,182.0,88.0,28.0,101.0,40.8,188.0
14087,1,49,164.0,66.0,23.0,101.0,40.5,135.0
14088,0,26,182.0,82.0,25.0,98.0,40.7,116.0
14089,1,27,156.0,56.0,25.0,110.0,40.7,165.0
14090,0,72,191.0,97.0,29.0,116.0,41.0,287.0
14091,1,32,173.0,69.0,7.0,88.0,39.4,29.0
14092,1,42,179.0,80.0,9.0,87.0,39.9,37.0
14093,0,35,174.0,75.0,9.0,101.0,39.9,48.0
14094,0,56,185.0,91.0,23.0,102.0,40.5,158.0
14095,0,68,175.0,74.0,8.0,81.0,39.4,31.0
14096,0,56,179.0,87.0,20.0,107.0,40.4,151.0
14097,1,26,163.0,60.0,21.0,98.0,40.7,110.0
14098,0,63,154.0,62.0,28.0,101.0,40.9,180.0
14099,0,25,175.0,75.0,9.0,86.0,39.7,24.0
14100,1,35,155.0,54.0,17.0,101.0,40.4,99.0
14101,1,68,175.0,72.0,15.0,92.0,40.2,78.0
14102,1,20,167.0,58.0,5.0,76.0,39.3,14.0
14103,1,59,148.0,51.0,10.0,93.0,39.7,54.0
14104,0,26,196.0,95.0,16.0,94.0,40.6,69.0
14105,0,20,189.0,90.0,27.0,98.0,40.7,122.0
14106,0,32,190.0,82.0,23.0,98.0,40.5,113.0
14107,1,44,166.0,65.0,6.0,83.0,39.2,23.0
14108,1,62,161.0,59.0,17.0,88.0,40.3,82.0
14109,0,52,189.0,85.0,25.0,105.0,40.6,175.0
14110,1,47,165.0,67.0,3.0,85.0,38.5,12.0
14111,0,28,186.0,83.0,26.0,106.0,41.0,155.0
14112,1,46,162.0,61.0,15.0,100.0,40.1,87.0
14113,0,57,186.0,89.0,9.0,83.0,39.6,36.0
14114,0,22,172.0,75.0,25.0,106.0,40.8,137.0
14115,1,34,156.0,56.0,24.0,102.0,40.7,141.0
14116,0,63,197.0,101.0,12.0,94.0,40.3,75.0
14117,1,21,188.0,78.0,21.0,91.0,41.0,87.0
14118,1,38,167.0,68.0,17.0,97.0,40.2,89.0
14119,0,65,195.0,100.0,24.0,98.0,40.5,166.0
14120,1,63,171.0,68.0,7.0,84.0,39.8,30.0
14121,1,33,177.0,72.0,14.0,92.0,40.3,64.0
14122,1,47,165.0,67.0,6.0,89.0,39.5,27.0
14123,1,57,172.0,70.0,28.0,105.0,41.2,179.0
14124,0,60,191.0,95.0,2.0,72.0,38.1,5.0
14125,1,26,161.0,54.0,13.0,94.0,40.3,64.0
14126,0,22,191.0,93.0,2.0,89.0,38.4,7.0
14127,1,68,150.0,57.0,24.0,111.0,40.7,178.0
14128,1,20,176.0,69.0,10.0,84.0,40.2,35.0
14129,0,70,189.0,87.0,16.0,94.0,40.5,100.0
14130,1,68,158.0,58.0,14.0,85.0,40.2,65.0
14131,0,62,191.0,96.0,2.0,85.0,38.2,9.0
14132,0,24,191.0,89.0,3.0,73.0,38.5,3.0
14133,0,28,174.0,81.0,26.0,109.0,40.9,166.0
14134,0,64,194.0,97.0,5.0,80.0,39.2,20.0
14135,0,79,177.0,77.0,7.0,92.0,39.3,43.0
14136,1,51,164.0,68.0,21.0,97.0,40.7,115.0
14137,0,41,179.0,84.0,19.0,103.0,40.6,117.0
14138,0,34,200.0,98.0,13.0,89.0,40.1,52.0
14139,1,27,154.0,53.0,2.0,79.0,38.5,7.0
14140,0,20,190.0,86.0,4.0,75.0,39.1,4.0
14141,0,25,166.0,70.0,5.0,85.0,39.4,12.0
14142,1,40,176.0,74.0,7.0,92.0,39.7,33.0
14143,0,71,177.0,83.0,17.0,100.0,40.0,121.0
14144,1,23,167.0,64.0,20.0,96.0,40.3,98.0
14145,1,36,173.0,68.0,27.0,108.0,40.8,172.0
14146,0,28,182.0,87.0,29.0,104.0,40.8,167.0
14147,0,33,201.0,104.0,9.0,85.0,39.9,31.0
14148,1,59,157.0,60.0,25.0,107.0,40.7,170.0
14149,1,29,162.0,66.0,7.0,94.0,39.5,33.0
14150,1,20,173.0,69.0,17.0,95.0,40.4,80.0
14151,0,74,176.0,81.0,12.0,93.0,40.2,74.0
14152,1,61,159.0,61.0,3.0,84.0,39.0,13.0
14153,1,46,174.0,73.0,12.0,93.0,39.7,59.0
14154,1,24,167.0,63.0,24.0,97.0,40.6,121.0
14155,0,36,195.0,93.0,5.0,89.0,39.2,20.0
14156,0,44,182.0,86.0,26.0,107.0,40.7,181.0
14157,1,22,154.0,55.0,3.0,86.0,38.2,12.0
14158,1,41,161.0,57.0,14.0,92.0,40.2,69.0
14159,0,29,191.0,87.0,13.0,94.0,40.1,56.0
14160,0,69,175.0,82.0,20.0,101.0,40.3,143.0
14161,1,42,142.0,43.0,17.0,91.0,40.8,85.0
14162,0,30,183.0,86.0,9.0,87.0,39.7,29.0
14163,1,38,176.0,77.0,25.0,98.0,40.5,130.0
14164,1,23,169.0,68.0,8.0,83.0,39.9,28.0
14165,1,29,179.0,73.0,21.0,108.0,40.6,130.0
14166,1,73,158.0,60.0,17.0,97.0,40.3,101.0
14167,0,30,182.0,88.0,4.0,78.0,39.1,8.0
14168,0,69,189.0,92.0,6.0,90.0,39.1,34.0
14169,1,44,164.0,61.0,8.0,89.0,39.4,37.0
14170,0,29,190.0,92.0,22.0,93.0,40.5,93.0
14171,1,67,164.0,65.0,21.0,105.0,40.6,139.0
14172,0,29,174.0,73.0,16.0,96.0,40.5,69.0
14173,1,52,178.0,79.0,3.0,83.0,39.0,11.0
14174,0,21,205.0,102.0,8.0,87.0,39.3,25.0
14175,1,66,174.0,69.0,28.0,111.0,40.9,202.0
14176,0,29,166.0,68.0,21.0,96.0,40.6,88.0
14177,0,38,173.0,77.0,3.0,91.0,38.8,12.0
14178,1,22,170.0,70.0,27.0,107.0,40.5,162.0
14179,0,37,192.0,97.0,27.0,103.0,40.7,169.0
14180,1,49,177.0,72.0,30.0,116.0,40.9,222.0
14181,0,43,193.0,98.0,19.0,100.0,40.2,116.0
14182,0,60,183.0,87.0,17.0,97.0,40.6,106.0
14183,0,41,176.0,81.0,13.0,93.0,40.3,60.0
14184,1,54,177.0,75.0,10.0,91.0,39.7,48.0
14185,1,48,159.0,60.0,18.0,89.0,40.6,84.0
14186,1,36,179.0,75.0,18.0,94.0,40.0,86.0
14187,0,27,181.0,83.0,14.0,88.0,40.2,45.0
14188,1,43,161.0,59.0,4.0,75.0,39.7,12.0
14189,1,20,160.0,57.0,9.0,89.0,39.4,38.0
14190,0,40,180.0,81.0,9.0,85.0,39.9,30.0
14191,1,20,169.0,61.0,28.0,102.0,41.0,155.0
14192,1,75,184.0,81.0,2.0,75.0,37.9,7.0
14193,0,24,182.0,76.0,26.0,114.0,40.7,177.0
14194,1,22,161.0,55.0,29.0,102.0,40.6,164.0
14195,1,53,178.0,70.0,18.0,95.0,40.6,95.0
14196,1,39,170.0,71.0,12.0,95.0,40.4,60.0
14197,0,57,178.0,83.0,2.0,79.0,38.1,7.0
14198,0,26,187.0,88.0,18.0,94.0,40.6,75.0
14199,1,23,145.0,44.0,12.0,92.0,40.0,57.0
14200,1,66,162.0,62.0,15.0,97.0,40.7,87.0
14201,0,38,191.0,89.0,8.0,82.0,39.4,24.0
14202,0,22,187.0,89.0,21.0,99.0,40.3,100.0
14203,0,49,177.0,77.0,5.0,95.0,39.6,26.0
14204,1,35,175.0,72.0,23.0,108.0,40.9,145.0
14205,1,78,156.0,61.0,20.0,102.0,40.4,131.0
14206,1,51,151.0,58.0,5.0,83.0,38.9,21.0
14207,1,23,159.0,59.0,8.0,91.0,39.9,36.0
14208,0,31,179.0,77.0,24.0,97.0,40.8,111.0
14209,1,22,160.0,61.0,29.0,98.0,41.0,149.0
14210,0,20,180.0,79.0,7.0,83.0,39.3,14.0
14211,1,38,162.0,60.0,17.0,102.0,40.3,100.0
14212,0,47,177.0,80.0,27.0,104.0,40.8,176.0
14213,0,43,185.0,83.0,28.0,108.0,40.9,195.0
14214,1,55,176.0,71.0,27.0,106.0,40.8,174.0
14215,0,25,181.0,83.0,15.0,83.0,40.4,35.0
14216,1,56,176.0,70.0,8.0,86.0,39.5,35.0
14217,1,25,149.0,54.0,11.0,95.0,39.7,55.0
14218,0,39,186.0,88.0,25.0,101.0,40.9,146.0
14219,0,44,196.0,102.0,17.0,107.0,40.4,124.0
14220,0,34,204.0,104.0,21.0,104.0,40.6,134.0
14221,1,42,159.0,58.0,7.0,84.0,39.4,28.0
14222,0,27,190.0,98.0,24.0,105.0,40.0,146.0
14223,1,26,174.0,67.0,6.0,84.0,39.4,22.0
14224,1,29,138.0,45.0,28.0,105.0,40.6,175.0
14225,1,32,176.0,77.0,21.0,103.0,40.5,118.0
14226,1,46,157.0,60.0,23.0,103.0,40.9,141.0
14227,1,32,175.0,68.0,14.0,90.0,40.4,61.0
14228,0,49,170.0,73.0,11.0,86.0,40.1,41.0
14229,0,54,186.0,88.0,7.0,92.0,39.7,36.0
14230,0,48,175.0,78.0,5.0,86.0,39.6,19.0
14231,0,46,179.0,82.0,29.0,104.0,40.7,189.0
14232,0,70,176.0,83.0,21.0,111.0,40.6,183.0
14233,1,22,163.0,64.0,28.0,105.0,40.9,164.0
14234,0,49,193.0,97.0,3.0,84.0,38.5,12.0
14235,1,34,146.0,53.0,7.0,93.0,39.8,35.0
14236,0,55,181.0,78.0,23.0,108.0,41.0,171.0
14237,0,45,171.0,73.0,19.0,105.0,40.2,122.0
14238,1,51,153.0,56.0,27.0,102.0,40.8,166.0
14239,1,63,174.0,73.0,9.0,88.0,39.5,42.0
14240,1,22,151.0,54.0,17.0,100.0,40.2,93.0
14241,0,32,187.0,85.0,11.0,87.0,39.9,37.0
14242,1,35,168.0,69.0,24.0,104.0,40.4,142.0
14243,1,61,166.0,69.0,28.0,114.0,40.9,208.0
14244,1,27,171.0,65.0,12.0,100.0,40.3,65.0
14245,0,61,167.0,70.0,9.0,86.0,39.9,38.0
14246,1,53,173.0,68.0,7.0,96.0,39.3,38.0
14247,0,39,189.0,88.0,9.0,83.0,39.8,28.0
14248,0,52,177.0,73.0,27.0,111.0,41.1,207.0
14249,1,31,172.0,68.0,26.0,94.0,40.9,124.0
14250,0,25,176.0,74.0,27.0,107.0,40.9,156.0
14251,0,37,179.0,82.0,28.0,101.0,40.7,157.0
14252,1,32,172.0,72.0,8.0,80.0,39.5,26.0
14253,0,78,187.0,96.0,29.0,103.0,40.6,238.0
14254,0,32,205.0,107.0,3.0,89.0,38.3,12.0
14255,0,46,186.0,88.0,4.0,81.0,39.0,13.0
14256,0,54,199.0,97.0,11.0,96.0,39.9,66.0
14257,0,24,184.0,89.0,15.0,93.0,40.1,59.0
14258,0,45,197.0,104.0,16.0,101.0,40.1,104.0
14259,1,65,158.0,62.0,23.0,97.0,40.6,133.0
14260,1,57,148.0,51.0,8.0,85.0,39.6,36.0
14261,0,26,178.0,78.0,13.0,95.0,39.9,53.0
14262,1,23,155.0,55.0,18.0,93.0,40.2,85.0
14263,0,45,176.0,76.0,17.0,97.0,40.3,90.0
14264,0,25,177.0,78.0,26.0,108.0,40.9,156.0
14265,1,77,178.0,77.0,29.0,108.0,41.3,202.0
14266,1,22,166.0,61.0,18.0,97.0,40.3,91.0
14267,1,29,168.0,69.0,5.0,91.0,38.7,22.0
14268,0,59,179.0,81.0,5.0,83.0,39.1,20.0
14269,0,74,179.0,84.0,2.0,81.0,38.2,9.0
14270,0,35,175.0,79.0,10.0,81.0,40.0,24.0
14271,1,48,147.0,48.0,13.0,106.0,40.3,86.0
14272,1,41,152.0,55.0,25.0,103.0,40.6,153.0
14273,1,27,159.0,54.0,12.0,97.0,40.4,63.0
14274,0,52,193.0,98.0,18.0,105.0,40.3,131.0
14275,0,67,193.0,93.0,7.0,71.0,39.4,19.0
14276,1,38,177.0,72.0,9.0,88.0,39.8,38.0
14277,0,23,174.0,77.0,13.0,106.0,40.2,73.0
14278,1,26,154.0,54.0,24.0,102.0,40.6,138.0
14279,0,63,208.0,112.0,16.0,92.0,39.9,99.0
14280,0,74,206.0,117.0,5.0,92.0,39.2,34.0
14281,1,35,169.0,65.0,25.0,110.0,41.1,165.0
14282,0,29,161.0,64.0,5.0,92.0,39.3,17.0
14283,1,46,169.0,73.0,23.0,94.0,40.7,115.0
14284,1,25,162.0,61.0,23.0,107.0,40.5,142.0
14285,0,51,189.0,88.0,16.0,101.0,40.0,103.0
14286,1,31,146.0,50.0,6.0,80.0,39.3,21.0
14287,1,51,175.0,67.0,1.0,77.0,37.4,3.0
14288,1,48,171.0,69.0,21.0,99.0,40.6,118.0
14289,0,44,184.0,88.0,22.0,98.0,40.8,124.0
14290,1,48,162.0,68.0,7.0,93.0,39.5,35.0
14291,0,54,181.0,81.0,4.0,79.0,38.6,12.0
14292,1,70,170.0,66.0,3.0,86.0,38.8,14.0
14293,0,30,206.0,103.0,7.0,91.0,39.1,30.0
14294,0,45,177.0,81.0,19.0,102.0,40.4,116.0
14295,1,58,170.0,72.0,8.0,103.0,39.9,49.0
14296,0,53,202.0,103.0,22.0,97.0,40.3,137.0
14297,1,30,150.0,54.0,7.0,88.0,39.3,30.0
14298,0,46,190.0,99.0,3.0,85.0,38.7,12.0
14299,1,73,184.0,83.0,13.0,97.0,40.3,73.0
14300,0,26,197.0,101.0,7.0,87.0,39.3,24.0
14301,1,37,190.0,81.0,26.0,103.0,40.9,148.0
14302,0,30,187.0,85.0,13.0,94.0,40.5,56.0
14303,0,38,168.0,67.0,11.0,82.0,39.7,27.0
14304,0,40,174.0,82.0,26.0,104.0,40.9,162.0
14305,1,36,160.0,59.0,6.0,84.0,39.4,24.0
14306,0,72,175.0,81.0,19.0,96.0,40.6,124.0
14307,0,21,195.0,93.0,6.0,93.0,39.2,23.0
14308,1,25,163.0,54.0,5.0,86.0,39.2,20.0
14309,0,33,193.0,95.0,18.0,91.0,40.7,76.0
14310,1,27,174.0,74.0,4.0,87.0,38.8,16.0
14311,0,28,179.0,78.0,3.0,89.0,38.9,10.0
14312,1,33,164.0,65.0,26.0,105.0,40.6,157.0
14313,0,74,177.0,81.0,28.0,112.0,40.9,253.0
14314,1,28,164.0,64.0,27.0,107.0,40.9,167.0
14315,0,26,178.0,79.0,12.0,101.0,40.5,60.0
14316,1,58,162.0,57.0,25.0,109.0,40.8,175.0
14317,1,38,166.0,63.0,24.0,106.0,40.5,150.0
14318,1,45,171.0,64.0,10.0,86.0,39.7,42.0
14319,1,25,133.0,45.0,6.0,89.0,39.5,27.0
14320,1,37,171.0,69.0,18.0,97.0,39.9,94.0
14321,1,53,164.0,69.0,12.0,94.0,39.9,62.0
14322,0,26,201.0,104.0,10.0,88.0,39.7,36.0
14323,1,71,160.0,63.0,3.0,83.0,38.7,13.0
14324,0,51,177.0,74.0,11.0,94.0,40.0,56.0
14325,0,35,183.0,86.0,14.0,105.0,40.1,87.0
14326,0,35,189.0,97.0,10.0,102.0,40.2,60.0
14327,0,42,202.0,108.0,2.0,77.0,38.2,6.0
14328,0,55,190.0,93.0,14.0,97.0,40.2,86.0
14329,1,72,169.0,64.0,27.0,113.0,40.8,205.0
14330,1,22,160.0,63.0,7.0,89.0,39.4,29.0
14331,0,33,183.0,91.0,13.0,92.0,40.1,55.0
14332,0,39,188.0,90.0,26.0,117.0,41.0,216.0
14333,1,54,171.0,66.0,20.0,98.0,40.1,113.0
14334,0,52,184.0,85.0,22.0,101.0,40.4,141.0
14335,1,57,164.0,66.0,22.0,92.0,40.5,111.0
14336,1,55,161.0,62.0,21.0,104.0,40.5,134.0
14337,0,34,172.0,77.0,25.0,105.0,40.7,149.0
14338,0,20,182.0,86.0,4.0,86.0,38.6,10.0
14339,1,55,155.0,53.0,12.0,95.0,39.7,66.0
14340,0,47,190.0,89.0,24.0,104.0,40.7,161.0
14341,0,21,184.0,90.0,20.0,106.0,40.5,115.0
14342,0,34,196.0,102.0,22.0,99.0,41.1,123.0
14343,0,45,192.0,90.0,16.0,102.0,40.3,101.0
14344,1,24,173.0,68.0,20.0,99.0,40.2,104.0
14345,0,34,187.0,91.0,12.0,94.0,39.9,55.0
14346,1,44,163.0,63.0,20.0,107.0,40.5,129.0
14347,1,32,154.0,55.0,22.0,113.0,40.1,154.0
14348,1,70,161.0,63.0,13.0,85.0,39.9,60.0
14349,1,21,157.0,54.0,16.0,98.0,40.4,84.0
14350,0,21,184.0,89.0,22.0,104.0,40.6,120.0
14351,0,62,189.0,95.0,6.0,88.0,39.3,31.0
14352,0,36,187.0,89.0,10.0,93.0,39.7,45.0
14353,0,21,197.0,100.0,24.0,93.0,40.5,97.0
14354,1,45,177.0,76.0,17.0,103.0,40.2,100.0
14355,0,20,182.0,86.0,3.0,87.0,38.6,8.0
14356,1,37,187.0,84.0,11.0,99.0,39.9,57.0
14357,1,21,165.0,60.0,28.0,105.0,40.4,165.0
14358,1,32,176.0,67.0,7.0,93.0,39.5,33.0
14359,0,36,182.0,81.0,11.0,94.0,39.8,49.0
14360,0,53,175.0,75.0,7.0,95.0,39.9,37.0
14361,0,28,169.0,75.0,15.0,100.0,40.6,73.0
14362,1,22,176.0,69.0,14.0,91.0,40.2,60.0
14363,0,76,180.0,88.0,18.0,104.0,40.5,145.0
14364,1,57,161.0,61.0,30.0,116.0,41.0,231.0
14365,0,27,180.0,86.0,26.0,110.0,40.6,171.0
14366,1,48,180.0,71.0,10.0,86.0,40.0,42.0
14367,1,45,184.0,81.0,13.0,95.0,40.0,65.0
14368,0,23,186.0,85.0,19.0,98.0,40.4,87.0
14369,1,20,155.0,53.0,9.0,85.0,39.2,35.0
14370,0,24,180.0,78.0,22.0,101.0,40.5,108.0
14371,0,43,171.0,77.0,20.0,101.0,40.5,116.0
14372,0,29,199.0,97.0,27.0,107.0,40.7,174.0
14373,1,74,174.0,79.0,4.0,90.0,38.8,20.0
14374,1,32,167.0,73.0,6.0,88.0,38.8,25.0
14375,0,33,162.0,70.0,19.0,100.0,40.4,95.0
14376,1,47,162.0,64.0,9.0,87.0,39.7,39.0
14377,1,38,169.0,65.0,14.0,94.0,40.1,69.0
14378,1,48,165.0,59.0,19.0,104.0,40.7,119.0
14379,1,50,170.0,71.0,15.0,97.0,40.1,81.0
14380,1,24,147.0,48.0,4.0,91.0,38.8,18.0
14381,0,22,183.0,78.0,14.0,109.0,39.9,84.0
14382,0,58,190.0,94.0,24.0,98.0,40.5,154.0
14383,1,62,151.0,52.0,8.0,87.0,39.5,38.0
14384,1,46,163.0,63.0,3.0,84.0,38.6,12.0
14385,0,49,188.0,94.0,5.0,85.0,39.0,20.0
14386,1,31,174.0,67.0,9.0,93.0,39.5,42.0
14387,0,79,188.0,91.0,10.0,96.0,39.7,71.0
14388,0,22,187.0,90.0,4.0,84.0,38.9,10.0
14389,1,22,150.0,55.0,8.0,91.0,39.9,36.0
14390,0,32,170.0,70.0,3.0,79.0,38.7,5.0
14391,0,33,181.0,83.0,22.0,105.0,40.9,133.0
14392,1,33,162.0,57.0,17.0,97.0,40.5,90.0
14393,0,28,183.0,85.0,26.0,110.0,40.8,172.0
14394,1,55,170.0,72.0,21.0,99.0,40.7,119.0
14395,1,34,143.0,51.0,21.0,105.0,40.7,131.0
14396,0,27,200.0,97.0,12.0,98.0,40.2,60.0
14397,1,24,171.0,64.0,13.0,89.0,39.8,54.0
14398,1,39,170.0,69.0,27.0,110.0,41.2,179.0
14399,1,40,157.0,61.0,12.0,92.0,40.0,58.0
14400,0,31,201.0,97.0,22.0,102.0,40.4,128.0
14401,1,28,171.0,68.0,3.0,90.0,38.6,13.0
14402,1,67,170.0,74.0,6.0,85.0,39.2,26.0
14403,1,58,167.0,62.0,28.0,105.0,40.7,183.0
14404,1,28,175.0,66.0,30.0,107.0,41.5,184.0
14405,1,69,144.0,47.0,19.0,96.0,40.5,113.0
14406,0,20,184.0,82.0,12.0,89.0,39.8,36.0
14407,0,32,191.0,95.0,3.0,79.0,38.5,7.0
14408,0,26,184.0,83.0,10.0,84.0,39.7,25.0
14409,0,41,185.0,86.0,18.0,96.0,40.5,93.0
14410,0,48,181.0,80.0,22.0,105.0,40.8,148.0
14411,1,73,168.0,67.0,18.0,97.0,40.3,106.0
14412,0,26,185.0,82.0,28.0,109.0,41.1,176.0
14413,0,20,188.0,82.0,14.0,91.0,40.2,46.0
14414,0,56,186.0,93.0,14.0,91.0,40.0,74.0
14415,0,71,183.0,83.0,10.0,89.0,39.9,55.0
14416,0,48,174.0,79.0,22.0,103.0,40.7,140.0
14417,0,78,183.0,83.0,10.0,93.0,40.0,64.0
14418,1,22,154.0,55.0,20.0,100.0,40.3,109.0
14419,0,60,195.0,100.0,15.0,101.0,40.4,107.0
14420,0,21,199.0,104.0,18.0,99.0,40.6,90.0
14421,1,28,176.0,78.0,5.0,86.0,39.0,19.0
14422,1,59,156.0,54.0,12.0,96.0,40.0,68.0
14423,1,33,158.0,56.0,22.0,95.0,40.5,112.0
14424,0,64,203.0,109.0,11.0,102.0,39.6,84.0
14425,1,29,175.0,76.0,11.0,88.0,39.7,44.0
14426,1,50,163.0,58.0,16.0,93.0,40.3,82.0
14427,1,61,152.0,56.0,27.0,95.0,40.7,151.0
14428,0,23,167.0,69.0,22.0,102.0,40.5,106.0
14429,0,72,182.0,90.0,27.0,106.0,41.1,222.0
14430,0,76,182.0,82.0,10.0,92.0,39.7,61.0
14431,1,39,156.0,53.0,17.0,103.0,40.2,104.0
14432,1,20,147.0,48.0,12.0,88.0,39.6,51.0
14433,1,77,152.0,61.0,4.0,91.0,38.9,21.0
14434,0,72,192.0,99.0,28.0,103.0,40.7,223.0
14435,1,50,154.0,55.0,11.0,90.0,40.0,54.0
14436,1,63,148.0,46.0,9.0,90.0,39.5,47.0
14437,0,55,173.0,74.0,9.0,86.0,39.7,36.0
14438,0,67,183.0,84.0,29.0,105.0,41.0,224.0
14439,0,65,178.0,83.0,23.0,99.0,40.8,154.0
14440,1,57,176.0,73.0,26.0,105.0,40.8,165.0
14441,1,44,180.0,76.0,11.0,89.0,40.1,48.0
14442,1,37,154.0,57.0,25.0,100.0,40.7,142.0
14443,1,30,154.0,55.0,1.0,86.0,37.5,4.0
14444,0,31,172.0,74.0,30.0,115.0,40.8,218.0
14445,1,61,158.0,62.0,2.0,79.0,38.2,8.0
14446,0,40,176.0,78.0,19.0,103.0,40.4,114.0
14447,0,62,155.0,61.0,14.0,90.0,40.2,66.0
14448,1,36,159.0,61.0,13.0,91.0,39.9,60.0
14449,1,49,153.0,51.0,26.0,105.0,40.7,169.0
14450,0,61,162.0,65.0,24.0,104.0,40.5,165.0
14451,1,77,160.0,64.0,2.0,88.0,38.5,10.0
14452,0,45,184.0,83.0,13.0,99.0,40.0,74.0
14453,1,46,196.0,85.0,25.0,102.0,40.7,142.0
14454,1,57,151.0,54.0,4.0,79.0,38.6,15.0
14455,0,29,169.0,72.0,20.0,101.0,40.0,100.0
14456,1,24,169.0,62.0,14.0,98.0,40.3,72.0
14457,1,32,160.0,57.0,27.0,110.0,40.7,180.0
14458,0,36,176.0,82.0,29.0,112.0,40.9,210.0
14459,0,22,193.0,88.0,8.0,87.0,39.3,23.0
14460,0,41,187.0,89.0,23.0,99.0,40.7,130.0
14461,1,22,177.0,75.0,9.0,98.0,39.7,45.0
14462,1,49,159.0,59.0,12.0,100.0,40.4,70.0
14463,1,28,168.0,65.0,2.0,82.0,37.9,7.0
14464,1,65,187.0,79.0,28.0,108.0,40.7,189.0
14465,0,38,206.0,111.0,16.0,97.0,40.4,91.0
14466,1,58,163.0,60.0,29.0,103.0,41.1,184.0
14467,0,61,190.0,93.0,16.0,97.0,40.5,103.0
14468,1,72,165.0,66.0,13.0,101.0,40.1,82.0
14469,1,22,173.0,72.0,28.0,107.0,40.5,167.0
14470,1,40,148.0,53.0,9.0,87.0,39.6,40.0
14471,0,40,195.0,98.0,18.0,93.0,40.5,88.0
14472,1,26,155.0,58.0,14.0,88.0,39.9,59.0
14473,0,25,170.0,68.0,5.0,79.0,39.0,7.0
14474,0,25,170.0,68.0,25.0,110.0,40.6,152.0
14475,1,27,170.0,67.0,5.0,77.0,39.1,15.0
14476,1,20,156.0,51.0,2.0,85.0,37.9,8.0
14477,0,60,171.0,79.0,28.0,121.0,41.2,271.0
14478,0,32,187.0,88.0,8.0,97.0,39.4,39.0
14479,0,59,189.0,85.0,22.0,104.0,40.5,158.0
14480,0,24,175.0,75.0,17.0,94.0,40.4,64.0
14481,1,20,152.0,53.0,3.0,76.0,38.3,9.0
14482,0,28,185.0,86.0,22.0,111.0,40.4,149.0
14483,1,33,155.0,54.0,20.0,100.0,40.5,113.0
14484,0,68,178.0,78.0,10.0,90.0,40.1,54.0
14485,0,58,180.0,83.0,30.0,105.0,41.2,218.0
14486,0,36,190.0,92.0,19.0,98.0,40.6,101.0
14487,1,31,197.0,87.0,19.0,96.0,40.2,90.0
14488,0,22,194.0,95.0,9.0,83.0,39.8,22.0
14489,0,55,170.0,80.0,2.0,79.0,38.2,6.0
14490,1,36,139.0,47.0,29.0,112.0,41.2,206.0
14491,0,29,200.0,106.0,9.0,83.0,39.8,27.0
14492,1,21,146.0,44.0,4.0,81.0,38.4,14.0
14493,0,38,182.0,88.0,15.0,91.0,40.1,64.0
14494,1,68,168.0,62.0,3.0,85.0,38.7,14.0
14495,0,25,187.0,79.0,4.0,85.0,38.9,10.0
14496,1,30,163.0,64.0,23.0,87.0,40.9,94.0
14497,0,60,194.0,101.0,13.0,92.0,39.7,75.0
14498,1,57,167.0,65.0,27.0,107.0,41.1,180.0
14499,0,42,178.0,78.0,25.0,103.0,40.7,152.0
14500,0,52,171.0,72.0,3.0,92.0,38.4,14.0
14501,1,40,168.0,68.0,8.0,85.0,39.2,32.0
14502,0,48,198.0,102.0,7.0,94.0,39.4,39.0
14503,0,22,191.0,88.0,5.0,88.0,39.1,15.0
14504,1,75,161.0,60.0,16.0,84.0,40.0,74.0
14505,0,30,182.0,81.0,12.0,91.0,39.6,45.0
14506,0,27,189.0,82.0,27.0,109.0,40.6,171.0
14507,1,28,171.0,68.0,18.0,99.0,40.3,95.0
14508,0,59,164.0,68.0,8.0,81.0,39.8,27.0
14509,0,57,176.0,82.0,23.0,101.0,41.0,151.0
14510,0,46,181.0,87.0,27.0,106.0,40.8,187.0
14511,0,41,180.0,83.0,17.0,91.0,40.4,73.0
14512,0,59,193.0,94.0,24.0,101.0,40.8,166.0
14513,0,37,171.0,73.0,7.0,90.0,39.2,26.0
14514,0,27,175.0,77.0,29.0,117.0,40.9,216.0
14515,1,65,198.0,96.0,15.0,98.0,39.9,81.0
14516,1,32,151.0,52.0,15.0,99.0,40.0,83.0
14517,1,59,148.0,45.0,26.0,110.0,40.7,190.0
14518,1,67,159.0,61.0,8.0,86.0,39.3,37.0
14519,0,46,193.0,92.0,9.0,87.0,40.2,37.0
14520,0,30,184.0,79.0,16.0,90.0,39.9,57.0
14521,0,74,183.0,91.0,19.0,97.0,40.7,133.0
14522,0,45,183.0,85.0,4.0,98.0,39.2,22.0
14523,0,55,178.0,81.0,4.0,90.0,39.0,19.0
14524,1,28,170.0,70.0,30.0,117.0,40.9,215.0
14525,1,69,174.0,69.0,2.0,80.0,38.1,8.0
14526,0,44,184.0,84.0,18.0,99.0,40.5,103.0
14527,1,36,165.0,66.0,8.0,98.0,39.6,43.0
14528,1,35,166.0,63.0,24.0,101.0,40.6,136.0
14529,1,20,171.0,68.0,2.0,86.0,38.0,7.0
14530,1,38,158.0,58.0,23.0,94.0,40.3,116.0
14531,1,31,156.0,54.0,5.0,87.0,39.3,21.0
14532,1,34,151.0,51.0,7.0,97.0,39.2,38.0
14533,0,29,171.0,76.0,13.0,88.0,40.0,41.0
14534,0,50,200.0,100.0,20.0,94.0,40.8,112.0
14535,1,22,176.0,77.0,5.0,77.0,39.4,13.0
14536,1,23,174.0,70.0,3.0,78.0,38.3,9.0
14537,1,22,170.0,64.0,13.0,99.0,40.3,68.0
14538,1,34,149.0,47.0,25.0,100.0,40.9,144.0
14539,1,31,163.0,62.0,25.0,114.0,40.7,175.0
14540,1,25,163.0,62.0,4.0,81.0,39.0,13.0
14541,0,32,176.0,80.0,10.0,87.0,39.8,32.0
14542,1,40,165.0,62.0,19.0,100.0,40.5,108.0
14543,1,27,148.0,50.0,8.0,91.0,39.4,37.0
14544,0,47,196.0,100.0,4.0,83.0,38.7,15.0
14545,1,41,161.0,55.0,3.0,87.0,38.7,13.0
14546,0,20,188.0,84.0,27.0,104.0,41.0,143.0
14547,0,51,201.0,98.0,24.0,96.0,40.3,141.0
14548,1,54,181.0,85.0,21.0,101.0,40.4,120.0
14549,1,21,161.0,56.0,6.0,84.0,39.1,22.0
14550,0,52,180.0,85.0,6.0,88.0,39.3,27.0
14551,0,22,179.0,81.0,13.0,96.0,39.9,54.0
14552,1,77,163.0,65.0,14.0,89.0,40.5,71.0
14553,1,22,165.0,62.0,28.0,111.0,40.8,183.0
14554,1,20,155.0,60.0,21.0,102.0,40.5,117.0
14555,0,73,172.0,76.0,4.0,85.0,38.9,19.0
14556,0,61,193.0,99.0,18.0,104.0,40.1,137.0
14557,1,42,174.0,67.0,10.0,88.0,39.6,44.0
14558,1,78,157.0,56.0,4.0,79.0,38.7,17.0
14559,1,32,153.0,51.0,12.0,101.0,40.4,69.0
14560,0,31,202.0,97.0,12.0,99.0,39.6,64.0
14561,1,55,169.0,66.0,28.0,104.0,40.9,177.0
14562,1,44,166.0,68.0,16.0,101.0,40.3,92.0
14563,1,30,172.0,68.0,9.0,89.0,39.8,38.0
14564,1,23,162.0,57.0,21.0,104.0,40.3,123.0
14565,0,53,179.0,83.0,26.0,106.0,40.8,186.0
14566,1,21,171.0,66.0,16.0,97.0,40.2,79.0
14567,1,31,150.0,51.0,8.0,80.0,39.5,28.0
14568,0,42,176.0,82.0,30.0,110.0,40.8,216.0
14569,1,20,165.0,61.0,28.0,102.0,41.0,155.0
14570,0,23,187.0,87.0,16.0,92.0,40.4,59.0
14571,0,64,171.0,77.0,6.0,80.0,39.3,22.0
14572,0,28,191.0,94.0,1.0,82.0,37.8,3.0
14573,1,56,152.0,54.0,30.0,102.0,40.9,188.0
14574,1,48,155.0,59.0,13.0,91.0,40.1,64.0
14575,1,59,142.0,45.0,14.0,99.0,40.3,86.0
14576,0,20,192.0,92.0,10.0,85.0,39.8,26.0
14577,0,22,164.0,69.0,29.0,108.0,41.0,164.0
14578,0,53,188.0,88.0,16.0,96.0,40.5,92.0
14579,0,47,210.0,110.0,12.0,88.0,40.1,57.0
14580,0,30,177.0,79.0,15.0,96.0,39.9,67.0
14581,1,44,168.0,70.0,18.0,94.0,40.3,90.0
14582,0,58,198.0,96.0,12.0,92.0,39.7,67.0
14583,0,31,183.0,81.0,8.0,78.0,39.7,15.0
14584,1,64,147.0,51.0,22.0,108.0,40.4,156.0
14585,1,64,186.0,85.0,26.0,106.0,40.9,167.0
14586,0,39,191.0,91.0,22.0,90.0,40.3,93.0
14587,1,70,180.0,78.0,18.0,97.0,40.4,102.0
14588,1,22,157.0,53.0,19.0,100.0,40.5,104.0
14589,1,25,150.0,54.0,22.0,104.0,40.9,131.0
14590,0,33,180.0,83.0,20.0,103.0,40.6,115.0
14591,1,33,166.0,61.0,29.0,107.0,40.5,183.0
14592,0,31,184.0,80.0,18.0,93.0,40.7,73.0
14593,1,74,171.0,69.0,3.0,90.0,38.6,15.0
14594,1,67,145.0,52.0,26.0,108.0,40.7,186.0
14595,1,22,190.0,79.0,19.0,96.0,40.3,89.0
14596,1,32,170.0,71.0,17.0,105.0,40.3,101.0
14597,0,58,176.0,75.0,15.0,84.0,40.3,59.0
14598,0,54,181.0,81.0,18.0,105.0,40.6,126.0
14599,0,53,182.0,89.0,14.0,92.0,40.1,73.0
14600,1,46,174.0,68.0,9.0,91.0,39.6,43.0
14601,0,74,184.0,88.0,16.0,97.0,40.0,111.0
14602,1,33,156.0,58.0,18.0,98.0,40.5,97.0
14603,0,51,182.0,89.0,24.0,108.0,40.9,180.0
14604,1,28,186.0,84.0,29.0,110.0,41.1,180.0
14605,1,23,143.0,49.0,10.0,90.0,40.1,45.0
14606,0,52,179.0,87.0,7.0,84.0,39.5,27.0
14607,1,54,164.0,61.0,17.0,96.0,40.4,94.0
14608,0,30,184.0,85.0,17.0,95.0,40.2,75.0
14609,0,40,187.0,93.0,15.0,89.0,40.1,63.0
14610,0,26,183.0,86.0,2.0,82.0,38.0,5.0
14611,1,50,162.0,62.0,15.0,98.0,40.0,84.0
14612,0,23,192.0,95.0,6.0,85.0,39.6,17.0
14613,1,20,172.0,71.0,14.0,96.0,39.9,67.0
14614,0,72,200.0,107.0,15.0,96.0,39.9,106.0
14615,0,31,162.0,66.0,5.0,94.0,39.1,20.0
14616,0,75,196.0,99.0,29.0,99.0,41.0,218.0
14617,0,26,186.0,84.0,16.0,99.0,40.0,77.0
14618,1,27,172.0,67.0,4.0,90.0,39.0,17.0
14619,0,47,182.0,82.0,19.0,104.0,40.3,124.0
14620,0,35,202.0,112.0,15.0,92.0,40.1,72.0
14621,0,39,193.0,100.0,8.0,96.0,39.6,43.0
14622,1,54,185.0,82.0,4.0,86.0,39.1,17.0
14623,0,42,179.0,83.0,4.0,83.0,39.0,13.0
14624,0,29,173.0,79.0,2.0,76.0,38.1,3.0
14625,0,24,169.0,73.0,3.0,75.0,38.6,3.0
14626,0,44,170.0,71.0,8.0,77.0,39.7,17.0
14627,0,37,197.0,100.0,4.0,87.0,38.9,16.0
14628,0,67,204.0,102.0,3.0,75.0,38.8,11.0
14629,0,47,170.0,76.0,17.0,101.0,40.2,101.0
14630,0,25,183.0,84.0,1.0,79.0,37.8,2.0
14631,0,52,161.0,69.0,11.0,84.0,40.1,38.0
14632,1,46,179.0,73.0,5.0,85.0,39.1,20.0
14633,1,75,156.0,60.0,7.0,81.0,39.5,30.0
14634,1,24,167.0,63.0,16.0,94.0,40.3,76.0
14635,1,29,165.0,59.0,19.0,94.0,40.3,93.0
14636,0,22,196.0,91.0,9.0,92.0,39.7,34.0
14637,0,28,187.0,88.0,22.0,109.0,40.4,143.0
14638,1,38,169.0,70.0,1.0,82.0,37.8,4.0
14639,1,40,159.0,56.0,27.0,103.0,41.0,164.0
14640,1,25,171.0,64.0,4.0,86.0,38.9,16.0
14641,0,70,183.0,88.0,17.0,96.0,40.3,112.0
14642,1,45,159.0,65.0,27.0,113.0,40.8,192.0
14643,1,22,182.0,74.0,9.0,85.0,39.8,32.0
14644,1,41,163.0,57.0,7.0,87.0,38.9,31.0
14645,0,26,187.0,87.0,10.0,86.0,39.4,29.0
14646,1,49,152.0,53.0,26.0,104.0,40.7,166.0
14647,1,29,158.0,56.0,10.0,91.0,39.9,46.0
14648,1,27,170.0,66.0,10.0,92.0,40.0,45.0
14649,0,33,176.0,80.0,2.0,79.0,38.4,4.0
14650,1,21,158.0,61.0,12.0,96.0,40.1,59.0
14651,1,33,159.0,59.0,2.0,84.0,37.9,8.0
14652,0,23,187.0,83.0,24.0,104.0,40.9,130.0
14653,0,28,165.0,68.0,25.0,98.0,40.5,111.0
14654,0,52,189.0,85.0,20.0,106.0,40.8,143.0
14655,1,56,169.0,65.0,18.0,96.0,40.4,99.0
14656,0,44,173.0,69.0,27.0,107.0,40.9,178.0
14657,0,22,171.0,74.0,9.0,89.0,39.6,26.0
14658,1,27,185.0,76.0,16.0,99.0,40.6,82.0
14659,1,20,158.0,55.0,10.0,82.0,39.7,35.0
14660,0,31,187.0,82.0,27.0,105.0,40.5,160.0
14661,1,31,170.0,66.0,24.0,101.0,40.6,133.0
14662,1,48,163.0,65.0,7.0,78.0,39.7,24.0
14663,1,33,160.0,62.0,3.0,83.0,38.6,11.0
14664,1,42,163.0,63.0,11.0,83.0,40.0,43.0
14665,1,29,153.0,54.0,4.0,77.0,39.1,13.0
14666,0,28,186.0,91.0,18.0,100.0,40.3,94.0
14667,1,32,162.0,58.0,19.0,108.0,40.6,122.0
14668,1,31,148.0,53.0,5.0,74.0,39.5,14.0
14669,1,35,170.0,64.0,24.0,102.0,40.6,138.0
14670,1,34,154.0,53.0,20.0,92.0,40.3,97.0
14671,1,36,173.0,68.0,6.0,85.0,39.2,23.0
14672,0,25,200.0,99.0,23.0,100.0,40.4,121.0
14673,1,41,174.0,74.0,20.0,109.0,40.9,130.0
14674,1,52,171.0,69.0,10.0,96.0,40.0,54.0
14675,1,62,175.0,70.0,17.0,94.0,40.3,90.0
14676,0,40,180.0,84.0,28.0,101.0,41.1,163.0
14677,0,46,192.0,95.0,26.0,107.0,40.6,188.0
14678,0,43,179.0,76.0,29.0,110.0,40.8,207.0
14679,1,30,144.0,42.0,24.0,105.0,41.0,151.0
14680,1,42,161.0,57.0,6.0,81.0,39.4,22.0
14681,0,50,208.0,112.0,13.0,91.0,40.3,70.0
14682,1,27,184.0,72.0,22.0,98.0,41.0,112.0
14683,1,52,152.0,56.0,24.0,97.0,40.8,135.0
14684,1,40,172.0,66.0,20.0,98.0,40.7,108.0
14685,1,61,166.0,66.0,28.0,106.0,41.0,186.0
14686,0,64,178.0,82.0,22.0,101.0,40.6,152.0
14687,0,22,189.0,92.0,27.0,113.0,40.7,187.0
14688,1,53,174.0,73.0,5.0,88.0,39.4,22.0
14689,0,28,192.0,86.0,26.0,108.0,40.8,164.0
14690,0,23,179.0,81.0,26.0,112.0,40.6,171.0
14691,1,57,166.0,64.0,3.0,83.0,38.7,12.0
14692,1,64,157.0,54.0,16.0,95.0,40.5,91.0
14693,1,42,159.0,64.0,15.0,87.0,39.8,64.0
14694,1,78,153.0,54.0,13.0,84.0,40.3,62.0
14695,0,41,190.0,95.0,13.0,96.0,40.4,69.0
14696,1,54,165.0,62.0,12.0,97.0,39.8,67.0
14697,0,71,179.0,90.0,15.0,94.0,40.0,96.0
14698,1,71,181.0,78.0,1.0,87.0,37.8,5.0
14699,1,34,156.0,52.0,11.0,87.0,39.9,47.0
14700,0,55,174.0,70.0,3.0,89.0,38.6,13.0
14701,0,44,186.0,83.0,10.0,88.0,40.2,40.0
14702,1,25,154.0,57.0,26.0,100.0,40.9,142.0
14703,0,27,180.0,86.0,24.0,107.0,40.7,147.0
14704,1,54,166.0,68.0,12.0,94.0,40.1,62.0
14705,1,31,148.0,50.0,8.0,84.0,39.5,32.0
14706,1,35,171.0,66.0,25.0,108.0,40.5,160.0
14707,0,29,195.0,99.0,21.0,99.0,40.6,111.0
14708,1,68,152.0,54.0,4.0,85.0,38.6,19.0
14709,1,79,149.0,54.0,13.0,93.0,40.1,74.0
14710,0,63,191.0,94.0,21.0,102.0,40.4,153.0
14711,1,52,156.0,61.0,25.0,102.0,40.7,153.0
14712,1,44,162.0,60.0,5.0,88.0,38.9,22.0
14713,0,38,177.0,82.0,6.0,86.0,39.4,20.0
14714,1,29,153.0,50.0,3.0,82.0,38.1,11.0
14715,1,55,166.0,64.0,28.0,108.0,40.7,189.0
14716,1,33,179.0,72.0,6.0,94.0,39.5,29.0
14717,0,47,175.0,79.0,19.0,98.0,40.3,106.0
14718,0,25,180.0,85.0,23.0,105.0,41.0,131.0
14719,0,70,178.0,89.0,26.0,112.0,40.6,234.0
14720,0,20,178.0,80.0,15.0,100.0,40.3,69.0
14721,0,40,190.0,90.0,4.0,86.0,39.1,15.0
14722,0,22,177.0,74.0,21.0,97.0,40.5,86.0
14723,1,38,157.0,58.0,20.0,103.0,40.5,120.0
14724,1,26,162.0,57.0,6.0,92.0,39.1,28.0
14725,0,56,188.0,89.0,15.0,97.0,39.9,91.0
14726,0,26,185.0,85.0,15.0,93.0,40.2,59.0
14727,0,53,172.0,69.0,16.0,97.0,40.3,88.0
14728,1,26,170.0,68.0,23.0,105.0,40.7,135.0
14729,0,46,182.0,84.0,17.0,99.0,40.4,98.0
14730,0,40,186.0,92.0,23.0,105.0,40.8,151.0
14731,1,32,169.0,62.0,4.0,75.0,39.2,11.0
14732,0,26,194.0,94.0,14.0,89.0,40.4,49.0
14733,0,29,182.0,81.0,21.0,106.0,40.3,125.0
14734,1,46,165.0,68.0,2.0,85.0,38.3,8.0
14735,1,34,149.0,52.0,23.0,98.0,40.7,126.0
14736,1,41,184.0,80.0,25.0,107.0,40.6,155.0
14737,1,73,162.0,65.0,8.0,91.0,39.8,42.0
14738,1,75,177.0,73.0,9.0,85.0,39.8,41.0
14739,0,37,174.0,73.0,16.0,93.0,40.3,67.0
14740,1,62,155.0,54.0,19.0,94.0,40.3,105.0
14741,0,26,183.0,82.0,4.0,81.0,38.6,8.0
14742,0,60,194.0,93.0,5.0,87.0,39.1,24.0
14743,1,59,181.0,77.0,19.0,94.0,40.5,98.0
14744,1,42,170.0,70.0,25.0,111.0,40.5,169.0
14745,0,23,200.0,101.0,27.0,106.0,41.0,165.0
14746,0,75,177.0,85.0,11.0,97.0,39.7,76.0
14747,1,23,159.0,54.0,6.0,86.0,39.5,24.0
14748,1,40,174.0,74.0,17.0,102.0,40.1,97.0
14749,1,40,166.0,64.0,25.0,103.0,40.5,149.0
14750,1,30,163.0,56.0,8.0,83.0,39.4,30.0
14751,0,22,192.0,92.0,14.0,93.0,40.5,55.0
14752,1,56,167.0,60.0,12.0,86.0,40.2,54.0
14753,1,29,153.0,49.0,10.0,88.0,39.9,44.0
14754,0,47,177.0,84.0,27.0,104.0,41.0,178.0
14755,0,51,189.0,88.0,15.0,104.0,39.7,103.0
14756,0,36,182.0,79.0,17.0,96.0,40.5,81.0
14757,1,28,159.0,62.0,7.0,89.0,39.0,30.0
14758,1,65,158.0,58.0,24.0,105.0,40.8,161.0
14759,1,70,149.0,51.0,28.0,98.0,40.6,172.0
14760,1,48,155.0,54.0,2.0,78.0,37.7,7.0
14761,0,65,193.0,96.0,16.0,87.0,40.4,83.0
14762,1,64,165.0,66.0,8.0,80.0,39.4,31.0
14763,1,37,170.0,65.0,18.0,100.0,40.5,100.0
14764,0,44,178.0,82.0,26.0,101.0,41.0,155.0
14765,0,43,186.0,93.0,20.0,107.0,40.3,141.0
14766,1,54,161.0,60.0,9.0,94.0,39.5,48.0
14767,0,24,194.0,93.0,9.0,92.0,39.4,35.0
14768,1,31,173.0,64.0,16.0,86.0,40.3,64.0
14769,1,27,159.0,57.0,17.0,95.0,40.3,85.0
14770,0,27,195.0,90.0,9.0,92.0,39.9,36.0
14771,0,31,180.0,80.0,14.0,90.0,40.3,51.0
14772,0,75,187.0,96.0,11.0,93.0,40.0,72.0
14773,1,24,159.0,57.0,17.0,101.0,40.6,95.0
14774,0,29,172.0,76.0,25.0,103.0,40.9,135.0
14775,1,41,162.0,63.0,28.0,105.0,41.1,174.0
14776,1,26,160.0,56.0,18.0,104.0,40.0,107.0
14777,1,77,160.0,66.0,15.0,94.0,40.5,84.0
14778,0,62,185.0,92.0,24.0,105.0,40.4,183.0
14779,0,62,185.0,86.0,3.0,90.0,38.5,16.0
14780,0,38,193.0,99.0,11.0,94.0,39.9,55.0
14781,0,55,189.0,97.0,8.0,91.0,39.4,42.0
14782,1,40,174.0,75.0,3.0,92.0,38.7,14.0
14783,0,21,179.0,74.0,3.0,81.0,38.6,5.0
14784,0,25,197.0,97.0,14.0,92.0,40.4,56.0
14785,0,51,190.0,87.0,25.0,103.0,40.4,168.0
14786,0,21,189.0,90.0,23.0,103.0,40.9,122.0
14787,1,34,165.0,66.0,26.0,115.0,40.8,185.0
14788,1,65,158.0,61.0,26.0,111.0,41.0,190.0
14789,1,77,151.0,53.0,16.0,94.0,40.5,93.0
14790,1,38,160.0,61.0,8.0,86.0,39.6,33.0
14791,1,27,154.0,53.0,11.0,88.0,40.1,47.0
14792,1,28,171.0,68.0,4.0,85.0,39.0,15.0
14793,0,50,181.0,81.0,6.0,83.0,39.3,21.0
14794,1,23,149.0,47.0,28.0,114.0,40.8,198.0
14795,0,62,203.0,108.0,3.0,86.0,38.2,15.0
14796,1,50,160.0,60.0,14.0,103.0,40.2,87.0
14797,1,39,148.0,48.0,2.0,85.0,38.2,8.0
14798,1,46,161.0,60.0,22.0,96.0,40.5,118.0
14799,0,72,183.0,86.0,24.0,105.0,40.5,192.0
14800,1,74,148.0,52.0,25.0,108.0,40.8,182.0
14801,1,22,176.0,74.0,19.0,97.0,40.8,92.0
14802,1,34,169.0,69.0,8.0,91.0,39.6,36.0
14803,0,22,184.0,88.0,24.0,104.0,40.2,131.0
14804,1,50,144.0,45.0,18.0,98.0,40.3,106.0
14805,1,78,175.0,74.0,19.0,101.0,40.4,119.0
14806,0,48,171.0,79.0,25.0,102.0,40.2,156.0
14807,1,74,148.0,50.0,24.0,102.0,40.9,160.0
14808,0,32,182.0,83.0,17.0,108.0,40.4,110.0
14809,0,52,182.0,86.0,28.0,104.0,40.3,193.0
14810,1,39,167.0,71.0,27.0,118.0,41.1,201.0
14811,0,24,201.0,94.0,14.0,99.0,40.5,69.0
14812,1,22,155.0,52.0,16.0,93.0,40.0,76.0
14813,1,20,166.0,66.0,14.0,94.0,40.2,65.0
14814,0,43,182.0,89.0,24.0,108.0,40.6,171.0
14815,0,70,194.0,95.0,2.0,76.0,38.6,7.0
14816,1,33,157.0,64.0,9.0,85.0,40.0,35.0
14817,1,20,165.0,66.0,15.0,94.0,40.0,69.0
14818,0,29,167.0,71.0,5.0,85.0,39.2,13.0
14819,0,30,187.0,89.0,3.0,91.0,38.4,12.0
14820,1,62,148.0,44.0,26.0,108.0,40.8,186.0
14821,1,37,161.0,57.0,10.0,86.0,39.8,42.0
14822,0,22,200.0,91.0,29.0,100.0,40.9,143.0
14823,0,26,188.0,82.0,28.0,112.0,40.7,189.0
14824,0,24,175.0,70.0,8.0,90.0,39.3,25.0
14825,1,20,180.0,72.0,4.0,90.0,38.6,16.0
14826,1,50,152.0,52.0,24.0,99.0,40.2,141.0
14827,1,21,153.0,56.0,29.0,115.0,40.9,204.0
14828,1,50,165.0,71.0,21.0,101.0,40.4,122.0
14829,1,21,159.0,58.0,9.0,84.0,39.6,33.0
14830,1,49,163.0,62.0,30.0,100.0,41.2,175.0
14831,0,40,182.0,83.0,13.0,94.0,40.0,61.0
14832,0,22,188.0,83.0,28.0,113.0,40.7,188.0
14833,1,46,166.0,59.0,1.0,84.0,37.4,4.0
14834,0,56,182.0,87.0,22.0,101.0,40.4,146.0
14835,0,47,200.0,108.0,15.0,98.0,40.2,93.0
14836,0,26,180.0,83.0,11.0,89.0,39.5,36.0
14837,1,64,175.0,67.0,19.0,101.0,40.6,117.0
14838,1,54,167.0,72.0,15.0,93.0,40.1,75.0
14839,1,59,178.0,71.0,23.0,113.0,40.5,167.0
14840,0,48,179.0,77.0,12.0,100.0,40.0,71.0
14841,0,25,196.0,97.0,14.0,95.0,39.8,62.0
14842,1,57,151.0,51.0,6.0,86.0,39.2,28.0
14843,0,45,179.0,80.0,5.0,88.0,39.5,20.0
14844,0,76,189.0,91.0,22.0,103.0,40.8,176.0
14845,1,42,178.0,72.0,23.0,104.0,40.6,138.0
14846,0,48,182.0,88.0,17.0,102.0,40.4,109.0
14847,0,59,190.0,90.0,27.0,100.0,40.6,181.0
14848,0,38,184.0,80.0,5.0,88.0,39.0,18.0
14849,0,70,197.0,98.0,16.0,95.0,40.2,106.0
14850,0,47,174.0,78.0,15.0,91.0,40.3,68.0
14851,0,35,165.0,69.0,9.0,98.0,39.7,43.0
14852,1,58,179.0,76.0,27.0,108.0,40.6,180.0
14853,0,37,187.0,91.0,27.0,110.0,40.6,194.0
14854,0,62,170.0,77.0,9.0,86.0,39.6,40.0
14855,1,46,163.0,58.0,20.0,103.0,40.2,123.0
14856,0,55,187.0,89.0,18.0,94.0,40.1,100.0
14857,0,57,181.0,85.0,18.0,92.0,40.7,95.0
14858,0,59,168.0,73.0,8.0,87.0,39.4,35.0
14859,1,49,174.0,77.0,26.0,100.0,40.7,146.0
14860,0,53,179.0,84.0,14.0,93.0,40.0,73.0
14861,0,75,181.0,81.0,15.0,97.0,40.2,102.0
14862,0,44,183.0,82.0,1.0,80.0,37.7,3.0
14863,1,44,170.0,62.0,11.0,86.0,39.5,47.0
14864,0,22,193.0,99.0,19.0,99.0,40.3,94.0
14865,0,45,195.0,99.0,2.0,83.0,37.9,7.0
14866,0,25,181.0,82.0,3.0,81.0,38.7,6.0
14867,0,30,185.0,84.0,28.0,103.0,40.9,157.0
14868,1,61,155.0,58.0,26.0,115.0,40.6,200.0
14869,0,25,188.0,85.0,12.0,93.0,39.9,47.0
14870,0,38,174.0,77.0,25.0,103.0,40.7,146.0
14871,0,62,188.0,92.0,15.0,91.0,40.4,83.0
14872,0,23,178.0,81.0,23.0,105.0,40.5,127.0
14873,1,26,177.0,70.0,14.0,94.0,39.8,65.0
14874,0,26,201.0,103.0,16.0,87.0,40.4,55.0
14875,0,40,186.0,91.0,22.0,105.0,40.9,144.0
14876,0,45,183.0,86.0,16.0,98.0,40.2,90.0
14877,0,50,180.0,83.0,29.0,116.0,41.2,247.0
14878,0,30,177.0,82.0,24.0,103.0,40.6,134.0
14879,1,70,175.0,74.0,9.0,79.0,40.0,34.0
14880,0,50,197.0,103.0,3.0,85.0,38.6,13.0
14881,1,32,160.0,59.0,15.0,97.0,40.2,79.0
14882,0,37,191.0,90.0,9.0,95.0,39.4,44.0
14883,0,50,202.0,102.0,2.0,81.0,38.3,7.0
14884,0,22,187.0,84.0,26.0,99.0,40.6,120.0
14885,1,79,184.0,86.0,16.0,98.0,40.4,93.0
14886,0,20,192.0,86.0,1.0,81.0,38.1,2.0
14887,1,51,149.0,49.0,8.0,84.0,39.6,35.0
14888,1,55,172.0,68.0,23.0,97.0,40.6,127.0
14889,0,34,192.0,92.0,21.0,105.0,40.4,132.0
14890,1,69,154.0,59.0,16.0,99.0,40.8,98.0
14891,0,20,183.0,87.0,25.0,106.0,40.1,141.0
14892,0,67,180.0,88.0,15.0,100.0,40.2,106.0
14893,1,69,169.0,67.0,30.0,113.0,40.8,225.0
14894,0,29,165.0,66.0,17.0,92.0,40.4,60.0
14895,1,39,159.0,62.0,15.0,93.0,40.0,74.0
14896,1,49,172.0,69.0,23.0,104.0,40.7,142.0
14897,1,25,169.0,63.0,5.0,86.0,39.3,19.0
14898,1,20,163.0,66.0,9.0,74.0,39.6,22.0
14899,1,20,157.0,59.0,20.0,107.0,40.6,122.0
14900,0,77,171.0,73.0,25.0,109.0,41.0,214.0
14901,0,43,171.0,72.0,16.0,99.0,40.2,86.0
14902,0,28,206.0,109.0,6.0,92.0,39.5,26.0
14903,1,58,167.0,65.0,14.0,98.0,40.1,80.0
14904,1,32,159.0,58.0,7.0,90.0,39.6,32.0
14905,1,21,157.0,59.0,28.0,114.0,40.7,192.0
14906,0,29,192.0,92.0,26.0,112.0,40.8,185.0
14907,1,24,148.0,50.0,15.0,98.0,40.3,80.0
14908,1,76,162.0,69.0,13.0,100.0,40.0,81.0
14909,1,71,171.0,70.0,10.0,96.0,39.3,57.0
14910,1,47,158.0,61.0,17.0,93.0,40.4,86.0
14911,0,65,193.0,99.0,4.0,78.0,39.1,15.0
14912,1,58,162.0,61.0,21.0,107.0,40.2,142.0
14913,0,28,184.0,85.0,7.0,89.0,39.6,24.0
14914,0,51,193.0,91.0,15.0,104.0,40.4,104.0
14915,0,70,191.0,97.0,15.0,100.0,40.1,111.0
14916,0,27,181.0,82.0,18.0,105.0,40.3,103.0
14917,0,63,184.0,86.0,26.0,109.0,40.7,212.0
14918,0,52,197.0,100.0,20.0,98.0,40.8,126.0
14919,0,20,177.0,79.0,5.0,84.0,38.9,11.0
14920,1,57,161.0,61.0,27.0,108.0,40.8,185.0
14921,1,40,160.0,58.0,21.0,103.0,40.5,127.0
14922,0,22,198.0,91.0,23.0,102.0,40.8,120.0
14923,1,36,169.0,66.0,23.0,104.0,40.9,137.0
14924,0,29,167.0,71.0,16.0,86.0,40.4,44.0
14925,1,33,163.0,55.0,12.0,93.0,40.0,59.0
14926,0,76,190.0,94.0,7.0,90.0,39.0,43.0
14927,0,37,194.0,96.0,11.0,94.0,39.7,53.0
14928,0,78,181.0,85.0,29.0,107.0,40.6,248.0
14929,0,24,173.0,75.0,28.0,106.0,40.7,157.0
14930,0,71,193.0,100.0,12.0,89.0,40.0,70.0
14931,0,20,178.0,82.0,10.0,84.0,39.7,22.0
14932,0,39,188.0,88.0,2.0,90.0,38.0,8.0
14933,0,56,192.0,99.0,19.0,94.0,40.2,111.0
14934,1,36,164.0,60.0,17.0,100.0,40.4,96.0
14935,1,27,175.0,73.0,11.0,94.0,40.0,51.0
14936,0,26,189.0,91.0,20.0,97.0,40.4,94.0
14937,1,35,162.0,55.0,16.0,92.0,40.5,77.0
14938,0,60,181.0,92.0,3.0,88.0,38.8,15.0
14939,0,33,165.0,67.0,27.0,106.0,40.5,158.0
14940,1,56,161.0,58.0,12.0,93.0,40.2,63.0
14941,1,64,158.0,63.0,16.0,96.0,40.5,90.0
14942,0,41,176.0,81.0,12.0,85.0,40.3,40.0
14943,0,71,176.0,81.0,20.0,98.0,40.7,136.0
14944,1,26,166.0,61.0,26.0,99.0,40.8,139.0
14945,1,20,161.0,60.0,12.0,103.0,40.3,68.0
14946,1,57,157.0,57.0,18.0,91.0,40.1,91.0
14947,0,21,198.0,102.0,3.0,82.0,38.7,7.0
14948,0,38,189.0,93.0,13.0,90.0,39.8,55.0
14949,1,32,156.0,56.0,23.0,113.0,40.5,161.0
14950,1,69,163.0,62.0,19.0,94.0,40.3,105.0
14951,1,72,168.0,69.0,28.0,113.0,40.8,211.0
14952,0,27,189.0,82.0,6.0,84.0,39.3,15.0
14953,1,20,159.0,53.0,21.0,99.0,40.6,112.0
14954,1,44,166.0,60.0,7.0,91.0,39.8,34.0
14955,0,29,193.0,99.0,2.0,83.0,38.2,6.0
14956,1,29,170.0,64.0,16.0,100.0,40.0,87.0
14957,0,45,192.0,101.0,18.0,86.0,40.3,75.0
14958,1,38,170.0,70.0,13.0,91.0,39.9,59.0
14959,1,27,154.0,56.0,20.0,100.0,40.1,110.0
14960,1,59,156.0,56.0,10.0,98.0,39.9,59.0
14961,0,33,197.0,100.0,3.0,90.0,38.5,12.0
14962,1,41,155.0,55.0,17.0,92.0,40.5,84.0
14963,0,43,187.0,98.0,25.0,97.0,40.7,141.0
14964,1,75,158.0,57.0,12.0,87.0,40.0,60.0
14965,1,43,154.0,54.0,6.0,83.0,39.0,24.0
14966,0,51,188.0,84.0,5.0,89.0,38.7,23.0
14967,1,31,163.0,67.0,3.0,89.0,38.8,13.0
14968,0,74,189.0,87.0,9.0,93.0,39.8,57.0
14969,1,75,176.0,73.0,13.0,95.0,40.3,73.0
14970,0,72,183.0,83.0,27.0,104.0,41.2,210.0
14971,1,30,166.0,58.0,28.0,111.0,41.0,188.0
14972,1,31,170.0,67.0,29.0,111.0,41.1,192.0
14973,0,20,186.0,90.0,4.0,83.0,38.8,9.0
14974,1,52,172.0,72.0,11.0,98.0,39.9,61.0
14975,0,48,177.0,81.0,28.0,111.0,40.9,214.0
14976,1,42,166.0,69.0,21.0,103.0,40.7,125.0
14977,1,27,162.0,56.0,25.0,115.0,40.6,178.0
14978,1,20,163.0,61.0,2.0,86.0,38.4,8.0
14979,1,56,173.0,72.0,21.0,108.0,40.5,140.0
14980,1,54,182.0,85.0,28.0,107.0,40.8,178.0
14981,1,54,156.0,60.0,24.0,102.0,40.5,148.0
14982,0,25,181.0,82.0,28.0,107.0,40.8,166.0
14983,0,54,194.0,103.0,27.0,98.0,41.1,174.0
14984,0,42,171.0,75.0,28.0,111.0,41.0,202.0
14985,1,23,177.0,66.0,23.0,103.0,40.6,130.0
14986,1,76,157.0,56.0,20.0,96.0,40.3,119.0
14987,1,20,155.0,56.0,12.0,89.0,40.1,51.0
14988,1,31,164.0,61.0,14.0,96.0,40.1,71.0
14989,1,36,170.0,65.0,12.0,93.0,40.1,58.0
14990,1,39,136.0,43.0,2.0,91.0,38.5,10.0
14991,1,27,174.0,68.0,24.0,109.0,40.6,152.0
14992,0,38,164.0,73.0,14.0,91.0,40.1,55.0
14993,0,50,182.0,81.0,19.0,100.0,40.7,115.0
14994,1,79,178.0,82.0,16.0,90.0,40.2,80.0
14995,1,25,169.0,66.0,22.0,105.0,40.6,129.0
14996,1,31,170.0,69.0,9.0,93.0,39.8,42.0
14997,0,21,176.0,75.0,19.0,109.0,40.5,112.0
14998,1,36,152.0,54.0,10.0,86.0,39.7,42.0
14999,0,29,164.0,67.0,30.0,102.0,41.2,152.0
